[
  {
    "file_name": "MetLife,Inc.-RemarketingAgreement.txt",
    "perturbation": [
      {
        "type": "Inconsistencies - Legal Contradiction",
        "original_text": "This Remarketing Agreement may not be amended or modified except by an instrument in writing signed by, or on behalf of, each of the parties hereto; provided, however, that in the event that the Securities to be remarketed, or any portion thereof, are modified in such a way so that they no longer require registration under the Act, the Company, the Remarketing Agents and the Stock Purchase Contract Agent hereby agree to promptly enter into an amendment to this Remarketing Agreement containing such representations, warranties and covenants as would normally be required to more accurately reflect an offering of unregistered securities.",
        "changed_text": "This Remarketing Agreement may be amended or modified by a simple majority vote of the Company's Board of Directors. The Board's decision is final and requires no further written consent from other parties, regardless of modifications to the Securities requiring registration under the Act.",
        "explanation": "The original agreement requires written consent from all parties for amendments. The modified text allows amendments by a simple majority vote of the Company's Board of Directors, disregarding the original consent requirement and potentially circumventing securities registration requirements, creating a conflict.",
        "contradicted_law": "Section 367 of the New York Business Corporation Law",
        "law_citation": "NY BCL § 367",
        "law_url1": [
          "https://law.justia.com/codes/new-york/business-corporation-law/article-9/367/"
        ],
        "law_url2": [
          "https://www.nysenate.gov/legislation/laws/BSC/367"
        ],
        "law_explanation": "The modified text contradicts NY BCL § 367 because it allows amendments to the agreement without the consent of all parties involved. This section of the NY BCL stipulates that amendments to agreements affecting shareholder rights or obligations generally require proper authorization and cannot be unilaterally imposed, especially when those amendments impact the securities' registration status.",
        "location": "Section 17",
        "scraped_snippet_1": null,
        "scraped_snippet_2": "NYS Open Legislation | NYSenate.gov Sorry, you need to enable JavaScript to visit this website. Skip to main content The requested entry could not be found. Try searching OpenLegislation Browse all Laws of New York",
        "scrape_success": 1
      },
      {
        "type": "Inconsistencies - Legal Contradiction",
        "original_text": "All statements, requests, notices and agreements hereunder shall be in writing and shall be deemed to have been duly given if mailed or transmitted by any standard form of telecommunication; notices to the Remarketing Agents shall be directed to Deutsche Bank Securities Inc., 60 Wall Street, New York, NY 10005, with a copy to Debevoise & Plimpton LLP, 919 Third Avenue, New York, New York 10022, attention of Peter J. Loughran, Esq.; notices to the Company shall be delivered or sent by mail, telex or facsimile transmission to the address of the Company set forth in the Registration Statement, Attention: General Counsel, with a copy to Willkie Farr & Gallagher LLP, 787 Seventh Avenue, New York, NY 10019, attention John M. Schwolsky, Esq. and Vladimir Nicenko, Esq.; notices to the Trustee shall be delivered or sent by mail or facsimile transmission to The Bank of New York Mellon Trust Company, N.A., 2 North LaSalle Street, Suite 1020, Chicago, Illinois 60602, telecopy: (312) 827-8542; notices to the Stock Purchase Contract Agent shall be delivered or sent by mail or facsimile transmission to Deutsche Bank Trust Company Americas, Trust and Securities Services, 60 Wall Street, 16th Floor, MS: NYC60-2710, New York, NY 10005, telecopy: (732) 578-4635; and notices to the Collateral Agent or the Custodial Agent shall be delivered or sent by mail or facsimile transmission to Deutsche Bank Trust Company Americas, Trust and Securities Services, 60 Wall Street, 16th Floor, MS: NYC60-2710, New York, NY 10005, telecopy: (732) 578-4635. Any such statements, requests, notices or agreements shall take effect at the time of receipt thereof.",
        "changed_text": "All statements, requests, notices and agreements hereunder shall be deemed to have been duly given if sent via carrier pigeon. The parties bear the risk of successful delivery of such notices. Statements, requests, notices and agreements shall take effect 30 days after the release of the carrier pigeon.",
        "explanation": "The modified text mandates that all communications be delivered via carrier pigeon, a method that lacks reliability and evidentiary support. This contradicts the established legal standard for providing notice, which requires a reasonable method of communication likely to provide actual notice.",
        "contradicted_law": "Federal Rule of Civil Procedure 5(b)(2)(E)",
        "law_citation": "FRCP 5(b)(2)(E)",
        "law_url1": [
          "https://www.law.cornell.edu/rules/frcp/rule_5"
        ],
        "law_url2": [
          "https://www.uscourts.gov/rules-policies/current-rules/federal-rules-civil-procedure"
        ],
        "law_explanation": "The modified text contradicts FRCP 5(b)(2)(E) because it specifies an unreasonable method of service (carrier pigeon). FRCP 5(b)(2)(E) requires that service be made in a manner 'that is reasonably likely to result in its receipt', which carrier pigeons do not satisfy due to their unreliability and the lack of a method to confirm receipt.",
        "location": "Section 13",
        "scraped_snippet_1": "Rule 5. Serving and Filing Pleadings and Other Papers | Federal Rules of Civil Procedure | US Law | LII / Legal Information Institute Please help us improve our site! × No thank you Rule 5. Serving and Filing Pleadings and Other Papers (a) Service: When Required. (1) In General. Unless these rules provide otherwise, each of the following papers must be served on every party: (A) an order stating that service is required; (B) a pleading filed after the original complaint, unless the court orders otherwise under Rule 5(c) because there are numerous defendants; (C) a discovery paper required to be served on a party, unless the court orders otherwise; (D) a written motion, except one that may be heard ex parte; and (E) a written notice, appearance, demand, or offer of judgment, or any similar paper. (2) If a Party Fails to Appear. No service is required on a party who is in default for failing to appear. But a pleading that asserts a new claim for relief against such a party must be served on that party under Rule 4 . (3) Seizing Property. If an action is begun by seizing property and no person is or need be named as a defendant, any service required before the filing of an appearance, answer, or claim must be made on the person who had custody or possession of the property when it was seized. (b) Service: How Made. (1) Serving an Attorney. If a party is represented by an attorney, service under this rule must be made on the attorney unless the court orders service on the party. (2) Service in General. A paper is served under this rule by: (A) handing it to the person; (B) leaving it: (i) at the person's office with a clerk or other person in charge or, if no one is in charge, in a conspicuous place in the office; or (ii) if the person has no office or the office is closed, at the person's dwelling or usual place of abode with someone of suitable age and discretion who resides there; (C) mailing it to the person's last known address—in which event service is complete upon mailing; (D) leaving it with the court clerk if the person has no known address; (E) sending it to a registered user by filing it with the court's electronic-filing system or sending it by other electronic means that the person consented to in writing—in either of which events service is complete upon filing or sending, but is not effective if the filer or sender learns that it did not reach the person to be served; or (F) delivering it by any other means that the person consented to in writing—in which event service is complete when the person making service delivers it to the agency designated to make delivery. (3) Using Court Facilities. [Abrogated (Apr._, 2018, eff. Dec. 1, 2018)] (c) Serving Numerous Defendants. (1) In General. If an action involves an unusually large number of defendants, ",
        "scraped_snippet_2": null,
        "scrape_success": 1
      },
      {
        "type": "Inconsistencies - Legal Contradiction",
        "original_text": "This Remarketing Agreement and the Pricing Agreement may be executed by any one or more of the parties hereto and thereto in any number of counterparts, each of which shall be deemed to be an original, but all such counterparts shall together constitute one and the same instrument.",
        "changed_text": "This Remarketing Agreement must be physically executed by all parties on a single original document. Digital signatures, counterparts, or any form of reproduction are strictly prohibited and render the agreement null and void.",
        "explanation": "The original text allows for execution in counterparts, which is a common and legally accepted practice. The modified text mandates physical execution on a single original document and prohibits digital signatures or counterparts, conflicting with modern legal standards and practices that recognize the validity of electronic signatures and counterpart execution.",
        "contradicted_law": "The Electronic Signatures in Global and National Commerce Act (E-SIGN Act)",
        "law_citation": "15 U.S.C. § 7001",
        "law_url1": [
          "https://www.govinfo.gov/app/details/STATUTE-114/STATUTE-114-Pg464"
        ],
        "law_url2": [
          "https://www.ftc.gov/legal-library/browse/statutes/electronic-signatures-global-and-national-commerce-act"
        ],
        "law_explanation": "The modified text contradicts the E-SIGN Act (15 U.S.C. § 7001) by prohibiting digital signatures. The E-SIGN Act establishes that electronic signatures have the same legal validity as handwritten signatures, as long as certain conditions are met. By disallowing digital signatures, the modified text undermines the legal recognition provided by this Act.",
        "location": "Section 18",
        "scraped_snippet_1": "GovInfo",
        "scraped_snippet_2": null,
        "scrape_success": 1
      }
    ]
  }
]