[
  {
    "file_name": "IntegrityFunds_20200121_485BPOS_EX-99.EUNDRCONTR_11948727_EX-99.EUNDRCONTR_ServiceAgreement.txt",
    "perturbation": [
      {
        "type": "Inconsistencies - Legal Contradiction",
        "original_text": "This Agreement is terminable with respect to the Fund, without penalty, (a) on 60 days' written notice, by vote of a majority of the Qualified Trustees or by vote of a majority (as defined in the 1940 Act) of the outstanding voting securities of the Fund or (b) on 90 days' written notice by Integrity.",
        "changed_text": "This Agreement is terminable with respect to the Fund, without penalty, (a) on 15 days' written notice, by vote of a majority of the Qualified Trustees or by vote of a majority (as defined in the 1940 Act) of the outstanding voting securities of the Fund or (b) on 30 days' written notice by Integrity.",
        "explanation": "Reducing the termination notice periods for both the Fund and Integrity creates a conflict with the Investment Company Act of 1940 which requires reasonable termination notice. 15 or 30 days may be deemed unreasonable.",
        "contradicted_law": "Investment Company Act of 1940 Section 15(a)(4)",
        "law_citation": "15 U.S. Code § 80a–15(a)(4)",
        "law_url1": [
          "https://uscode.house.gov/view.xhtml?req=granuleid%3AUSC-prelim-title15-section80a-15&edition=prelim"
        ],
        "law_url2": [
          "https://www.law.cornell.edu/uscode/text/15/80a-15"
        ],
        "law_explanation": "Section 15(a)(4) of the Investment Company Act of 1940 requires that investment advisory contracts provide for termination upon no more than 60 days' written notice. While this applies directly to advisory contracts, similar standards of reasonableness apply to fund distribution agreements, and reducing the Fund's termination notice to 15 days and Integrity's to 30 days may be deemed an unreasonably short period, potentially hindering the fund's ability to find a replacement distributor.",
        "location": "SECTION 7. TERM OF AGREEMENT",
        "scraped_snippet_1": "15 USC 80a-15: Contracts of advisers and underwriters Result 1 of 1 Current 2024 Main Ed. (1/6/2025) [Titles 1 through 6] 2018 Ed. and Supplement V (1/3/2024) 2018 Ed. and Supplement IV (1/5/2023) 2018 Ed. and Supplement III (1/3/2022) 2018 Ed. and Supplement II (1/13/2021) 2018 Ed. and Supplement I (1/24/2020) 2018 Main Ed. (1/14/2019) 2012 Ed. and Supplement V (1/12/2018) 2012 Ed. and Supplement IV (1/6/2017) 2012 Ed. and Supplement III (1/3/2016) 2012 Ed. and Supplement II (1/5/2015) 2012 Ed. and Supplement I (1/16/2014) 2012 Main Ed. (1/15/2013) 2006 Ed. and Supplement V (1/3/2012) 2006 Ed. and Supplement IV (1/7/2011) 2006 Ed. and Supplement III (2/1/2010) 2006 Ed. and Supplement II (1/5/2009) 2006 Ed. and Supplement I (1/8/2008) 2006 Main Ed. (1/3/2007) 2000 Ed. and Supplement V (1/2/2006) 2000 Ed. and Supplement IV (1/3/2005) 2000 Ed. and Supplement III (1/19/2004) 2000 Ed. and Supplement II (1/6/2003) 2000 Ed. and Supplement I (1/22/2002) 2000 Main Ed. (1/2/2001) 1994 Ed. and Supplement V (1/23/2000) 1994 Ed. and Supplement IV (1/5/1999) 1994 Ed. and Supplement III (1/26/1998) 1994 Ed. and Supplement II (1/6/1997) 1994 Ed. and Supplement I (1/16/1996) 1994 Main Ed. (1/4/1995) Back to Original Document << Previous TITLE 15 / CHAPTER 2D / SUBCHAPTER I / § 80a-15 Next >> [Print] [Print selection] [OLRC Home] Help 15 USC 80a-15 : Contracts of advisers and underwriters Text contains those laws in effect on April 16, 2025 From Title 15-COMMERCE AND TRADE CHAPTER 2D-INVESTMENT COMPANIES AND ADVISERS SUBCHAPTER I-INVESTMENT COMPANIES Jump To: Source Credit Miscellaneous Amendments Effective Date §80a–15. Contracts of advisers and underwriters (a) Written contract to serve or act as investment adviser; contents It shall be unlawful for any person to serve or act as investment adviser of a registered investment company, except pursuant to a written contract, which contract, whether with such registered company or with an investment adviser of such registered company, ha",
        "scraped_snippet_2": "15 U.S. Code § 80a-15 - Contracts of advisers and underwriters | U.S. Code | US Law | LII / Legal Information Institute Please help us improve our site! × No thank you Quick search by citation: Title Section Go! 15 U.S. Code § 80a-15 - Contracts of advisers and underwriters U.S. Code Notes Authorities (CFR) prev | next (a) Written contract to serve or act as investment adviser; contents It shall be unlawful for any person to serve or act as investment adviser of a registered investment company, except pursuant to a written contract, which contract, whether with such registered company or with an investment adviser of such registered company, has been approved by the vote of a majority of the outstanding voting securities of such registered company, and— (1) precisely describes all compensation to be paid thereunder; (2) shall continue in effect for a period more than two years from the date of its execution, only so long as such continuance is specifically approved at least annually by the board of directors or by vote of a majority of the outstanding voting securities of such company; (3) provides, in substance, that it may be terminated at any time, without the payment of any penalty, by the board of directors of such registered company or by vote of a majority of the outstanding voting securities of such company on not more than sixty days’ written notice to the investment adviser ; and (4) provides, in substance, for its automatic termination in the event of its assignment . (b) Written contract with company for sale by principal underwriter of security of which company is issuer; contents It shall be unlawful for any principal underwriter for a registered open-end company to offer for sale, sell, or deliver after sale any security of which such company is the issuer, except pursuant to a written contract with such company, which contract— (1) shall continue in effect for a period more than two years from the date of its execution, only so long as such continuance",
        "scrape_success": 2
      },
      {
        "type": "Inconsistencies - Legal Contradiction",
        "original_text": "The Fund's agreement to indemnify Integrity, its officers and governors, and any such controlling person, as aforesaid, is expressly conditioned upon the Fund's being notified of any action brought against Integrity, its officers or governors, or any such controlling person, such notification to be given by letter or by telegram addressed to the Fund at its principal office in Minot, North Dakota, and sent to the Fund by the person against whom such action is brought, within ten days after the summons or other first legal process shall have been served.",
        "changed_text": "The Fund's agreement to indemnify Integrity, its officers and governors, and any such controlling person, as aforesaid, is expressly conditioned upon the Fund's being notified of any action brought against Integrity, its officers or governors, or any such controlling person, such notification to be given by letter or by telegram addressed to the Fund at its principal office in Minot, North Dakota, and sent to the Fund by the person against whom such action is brought, within two days after the summons or other first legal process shall have been served.",
        "explanation": "Reducing the notification period for indemnification claims to two days may be insufficient and unreasonable, potentially violating due process principles.",
        "contradicted_law": "Due Process Clause of the Fifth Amendment",
        "law_citation": "U.S. Const. amend. V",
        "law_url1": [
          "https://constitution.congress.gov/browse/amendment-5/"
        ],
        "law_url2": [
          "https://www.law.cornell.edu/constitution/fifth_amendment"
        ],
        "law_explanation": "The Due Process Clause of the Fifth Amendment requires fair notice and an opportunity to be heard. While this clause primarily applies to government actions, contractual provisions that impose unreasonably short deadlines for critical actions like providing notice of a lawsuit may be challenged as violating fundamental fairness principles, especially if it prejudices the indemnifying party's ability to adequately defend itself.",
        "location": "SECTION 4. INDEMNIFICATION",
        "scraped_snippet_1": null,
        "scraped_snippet_2": "Fifth Amendment | U.S. Constitution | US Law | LII / Legal Information Institute Please help us improve our site! × No thank you Fifth Amendment The Fifth Amendment creates a number of rights relevant to both criminal and civil legal proceedings. In criminal cases , the Fifth Amendment guarantees the right to a grand jury , forbids “ double jeopardy ,” and protects against self-incrimination . It also requires that “ due process of law ” be part of any proceeding that denies a citizen “life, liberty or property” and requires the government to compensate citizens when it takes private property for public use. Learn more... Primary tabs Amendment V No person shall be held to answer for a capital, or otherwise infamous crime, unless on a presentment or indictment of a grand jury, except in cases arising in the land or naval forces, or in the militia, when in actual service in time of war or public danger; nor shall any person be subject for the same offense to be twice put in jeopardy of life or limb; nor shall be compelled in any criminal case to be a witness against himself, nor be deprived of life, liberty, or property, without due process of law; nor shall private property be taken for public use, without just compensation. Wex Resources Fifth Amendment Criminal Law / Criminal Procedure Due Process Substantive Due Process Miranda Warning Indictment Privilege Against Self-Incrimination Self-Incrimination Grand Jury Jury Double Jeopardy Collateral Estoppel Immunity From Prosecution Eminent Domain Takings Territorial Jurisdiction Other Resources US Code: Title 18 Federal Rules of Criminal Procedure ‹ Fourth Amendment up Sixth Amendment › U.S. Constitution Toolbox Explanation of the Constitution - from the Congressional Research Service",
        "scrape_success": 1
      },
      {
        "type": "Inconsistencies - Legal Contradiction",
        "original_text": "The Fund shall not file any amendment to any registration statement or supplement to any prospectus or statement of additional information without giving Integrity reasonable notice thereof in advance; provided, however, that nothing contained in this Agreement shall in any way limit the Fund's right to file at any time such amendments to any registration statement and/or supplements to any prospectus or statement of additional information, of whatever character, as the Fund may deem advisable, such right being in all respects absolute and unconditional.",
        "changed_text": "The Fund shall not file any amendment to any registration statement or supplement to any prospectus or statement of additional information without giving Integrity one hour's notice thereof in advance; provided, however, that nothing contained in this Agreement shall in any way limit the Fund's right to file at any time such amendments to any registration statement and/or supplements to any prospectus or statement of additional information, of whatever character, as the Fund may deem advisable, such right being in all respects absolute and unconditional.",
        "explanation": "Providing only one hour's notice before filing amendments to registration statements could be deemed unreasonable and a breach of the duty of good faith and fair dealing.",
        "contradicted_law": "Implied Covenant of Good Faith and Fair Dealing",
        "law_citation": "Restatement (Second) of Contracts § 205",
        "law_url1": [
          "https://law.justia.com/cases/federal/appellate-courts/F2/962/1158/242623/"
        ],
        "law_url2": [
          "https://www.law.cornell.edu/wex/good_faith"
        ],
        "law_explanation": "While Kansas law (specified in Section 8.3 of the agreement) recognizes the implied covenant of good faith and fair dealing in contracts, one hour's notice could be considered an unreasonable timeframe and a bad faith action, effectively nullifying Integrity's ability to review or respond to the amendments, thereby frustrating the purpose of the agreement.",
        "location": "SECTION 3. REPRESENTATIONS AND WARRANTIES",
        "scraped_snippet_1": null,
        "scraped_snippet_2": "good faith | Wex | US Law | LII / Legal Information Institute Please help us improve our site! × No thank you good faith Good faith is a broad term that’s used to encompass honest dealing. Depending on the exact setting, good faith may require an honest belief or purpose, faithful performance of duties , observance of fair dealing standards, or an absence of fraudulent intent . A fiduciary relationship creates a duty of good faith between the agent and the principal . The breach of this duty of good faith can lead to liability . Failure to act in good faith is known as bad faith and is generally considered to be a level of culpability greater than negligence . [Last reviewed in January of 2023 by the Wex Definitions Team ] Wex COMMERCE business law contracts wex definitions business sectors legal education and practice Wex Toolbox",
        "scrape_success": 1
      }
    ]
  }
]