[
  {
    "file_name": "CerenceInc_20191002_8-K_EX-10.4_11827494_EX-10.4_IntellectualPropertyAgreement.txt",
    "perturbation": [
      {
        "type": "Inconsistencies - Legal Contradiction",
        "original_text": "In the event a Party divests a line of business or line of products or services by (a) spinning off a member of its Group by its sale or other disposition to a Third Party, (b) reducing ownership or control in a member of its Group so that it no longer qualifiers as a member of its Group under this Agreement, (c) selling or otherwise transferring such line of business, products or services to a Third Party or (d) forming a joint venture with a Third Party with respect to such line of business, products or services (each such divested entity or line of business, products or services, a \"Divested Entity\"), the Divested Entity shall retain those licenses granted to it under this Agreement, provided that the license shall be limited to the business, products or services (as applicable) of the Divested Entity as of the date of divestment and such natural development thereof within the Nuance Field of Use (where Nuance is the divesting Party) or SpinCo Field of Use (where SpinCo is the divesting party). The retention of any license grants are subject to the Divested Entity's and, in the event it is acquired by a Third Party, such Third Party's execution and delivery to the non-transferring Party, within 90 days of the effective date of such divestment, of a duly authorized, written undertaking, agreeing to be bound by the applicable terms of this Agreement.",
        "changed_text": "In the event a Party divests a line of business or line of products or services by (a) spinning off a member of its Group by its sale or other disposition to a Third Party, (b) reducing ownership or control in a member of its Group so that it no longer qualifiers as a member of its Group under this Agreement, (c) selling or otherwise transferring such line of business, products or services to a Third Party or (d) forming a joint venture with a Third Party with respect to such line of business, products or services (each such divested entity or line of business, products or services, a \"Divested Entity\"), the Divested Entity shall retain those licenses granted to it under this Agreement, provided that the license shall be limited to the business, products or services (as applicable) of the Divested Entity as of the date of divestment and such natural development thereof within the Nuance Field of Use (where Nuance is the divesting Party) or SpinCo Field of Use (where SpinCo is the divesting party). The retention of any license grants are subject to the Divested Entity's and, in the event it is acquired by a Third Party, such Third Party's execution and delivery to the non-transferring Party, within 30 days of the effective date of such divestment, of a duly authorized, written undertaking, agreeing to be bound by the applicable terms of this Agreement.",
        "explanation": "The original text gives 90 days for the delivery of a written undertaking. Changing this to 30 days may be insufficient under certain circumstances and conflict with reasonable timeframes required for such actions, potentially impacting the validity of the agreement under relevant state laws governing contract enforceability.",
        "contradicted_law": "Contract Law - Reasonable Time for Performance",
        "law_citation": "UCC § 1-304",
        "law_url1": [
          "https://www.law.cornell.edu/ucc/1/1-304"
        ],
        "law_url2": [
          "https://uniformlaws.org/acts/ucc"
        ],
        "law_explanation": "This modification reduces the timeframe for a crucial action (delivery of a written undertaking) to 30 days. If this timeframe is deemed unreasonable given the complexity of the divestment and acquisition, it could be argued that the modified clause violates the implied covenant of good faith and fair dealing required by UCC § 1-304, particularly concerning contract performance. The implied covenant requires that neither party do anything that will injure the right of the other to receive the benefits of the agreement.",
        "location": "Section 8.02",
        "scraped_snippet_1": "§ 1-304. Obligation of Good Faith. | Uniform Commercial Code | US Law | LII / Legal Information Institute Please help us improve our site! × No thank you § 1-304. Obligation of Good Faith. Every contract or duty within the Uniform Commercial Code imposes an obligation of good faith in its performance and enforcement. Uniform Commercial Code Toolbox About Uniform Laws State Uniform Commercial Codes",
        "scraped_snippet_2": "and Uniform Warehouse Receipts Act in 1906; the Uniform Bills of Lading Act and Uniform Stock Transfer Act in 1909; and the Uniform Conditional Sales Act in 1918. The ULC officially took on the task of drafting a comprehensive code to provide guidelines for all commercial transactions in 1940. In 1942, the ULC and the American Law Institute joined in a partnership that put all the component commercial laws together in a comprehensive Uniform Commercial Code that was offered to the states for their consideration in 1951. Pennsylvania became the first state to adopt the UCC in 1953, and every other state followed suit over the next twenty years. News ULC Statement on Ownership of Investment Property under Uniform Commercial Code Article 8 ULC Statement on Central Bank Digital Currencies and the Uniform Commercial Code Cooperation with ALI The UCC is a joint project of the Uniform Law Commission and the American Law Institute. Recognizing that drafting a combined commercial code was a massive undertaking, the ULC invited ALI to participate in the codification project, and the ALI board accepted the invitation in 1942. Over the next ten years the two organizations collaborated at drafting meetings funded in large part by a generous grant from the Maurice and Laura Falk Foundation, with additional funding contributed from law firms, banks, and businesses that recognized the need for uniform commercial laws. The UCC Today The UCC is maintained under the guidance of the Permanent Editorial Board for the Uniform Commercial Code (PEB) , comprised of members appointed by the ULC and the ALI. The PEB, established in 1961, monitors developments in commercial law, recommends UCC amendments and revisions when necessary, and publishes official commentary to help courts interpret specific UCC provisions. An endowment established with the original Falk Foundation grant funding and replenished with UCC publishing royalties is available to fund UCC drafting projects. Articles Article 1, General Provisions Uniform Commercial Code Article 1 contains definitions and general provisions applicable as default rules to transactions covered under other articles of the UCC. Article 1 was last revised in 2001, with a few minor amendments since then to harmonize with recent revisions of other UCC articles. View Article 1, General Provisions Article 2, Sales Uniform Commercial Code Article 2 governs the sale of goods. It was part of the original Uniform Commercial Code approved in 1951. Article 2 represented a revision and modernization of the Uniform Sales Act, which was originally approved by the National Conference of Commissioners on Uniform State Laws in 1906. The Uniform Law Commission and American Law Institute approved a revised Article 2 in 2003 that was not adopted in any state, and was subsequently withdrawn by both organizations in 2011. Thus the 1951 version of Article 2 is the most recent official version. View Article 2, Sales Article 2A, Leases Uniform Commercial Code Article 2A governs leases of personal property. It was first added to the Uniform Commercial Code in 1987 and amended in 1990. A revision was approved by the Uniform Law Commission and the American Law Institute in 2003, but was not adopted in any jurisdiction and subsequently withdrawn by both organizations in 2011. Thus, the 1987 version of Article 2A, as amended in 1990, remains the official text. View Article 2A, Leases Article 3, Negotiable Instruments Uniform Commercial Code Article 3 governs negotiable instruments: drafts (including checks) and notes representing a promise to pay a sum of money, and that have independent value because they are negotiable. An instrument is negotiable if it can be transferred to another person and remain enforceable against the person who originally made the promise to pay. The substance of Article 3 has its roots in the Negotiable Instrument Law first approved by the National Conference of Commissioners on Uniform State Laws in 1896. That ",
        "scrape_success": 2
      },
      {
        "type": "Inconsistencies - Legal Contradiction",
        "original_text": "In the event that either Party, acting reasonably, forms the view that another Party has caused a material breach of the terms of this Agreement, then the Party that forms such a view shall serve written notice of the alleged breach on the other Parties and the Parties shall work together in good faith to resolve any such alleged breach within thirty (30) days of such notice (a \"Dispute\"). If any such alleged breach is not so resolved, then a senior executive of each Party shall, in good faith, attempt to resolve any such alleged breach within the following thirty (30) days of the referral of the matter to the senior executives.",
        "changed_text": "In the event that either Party, acting reasonably, forms the view that another Party has caused a material breach of the terms of this Agreement, then the Party that forms such a view shall serve written notice of the alleged breach on the other Parties and the Parties shall work together in good faith to resolve any such alleged breach within five (5) days of such notice (a \"Dispute\"). If any such alleged breach is not so resolved, then a senior executive of each Party shall, in good faith, attempt to resolve any such alleged breach within the following five (5) days of the referral of the matter to the senior executives.",
        "explanation": "The original text allows 30 days to resolve a breach, and another 30 days for senior executives to intervene. Reducing both periods to 5 days each may contradict state laws mandating reasonable opportunity to cure breaches, especially in complex IP agreements where assessing and rectifying breaches can take longer.",
        "contradicted_law": "Contract Law - Opportunity to Cure Breach",
        "law_citation": "Delaware law (as contract specifies) principles of contract law, including 'reasonable time'",
        "law_url1": [
          "https://delcode.delaware.gov/title6/c002/"
        ],
        "law_url2": [
          "https://law.justia.com/cases/delaware/supreme-court/2008/29-2007-1.html"
        ],
        "law_explanation": "Delaware law, which governs this agreement (Section 11.03), incorporates general principles of contract law, including the concept of providing a 'reasonable time' to cure a breach. While Delaware law doesn't specify a mandatory cure period, reducing the initial resolution period to five days and the executive intervention period to five days may be deemed unreasonably short, especially for complex intellectual property matters. This could be seen as a breach of the implied covenant of good faith and fair dealing, potentially rendering the clause unenforceable. The Delaware Supreme court case cited showcases Delaware court rulings on contractual interpretation and the obligation to deal in good faith.",
        "location": "Section 11.02",
        "scraped_snippet_1": "Delaware Code Online Title 6 > Article 2 Authenticated PDF Sales Part 1. Short Title, General Construction and Subject Matter Part 2. Form, Formation and Readjustment of Contract Part 3. General Obligation and Construction of Contract Part 4. Title, Creditors and Good Faith Purchases Part 5. Performance Part 6. Breach, Repudiation and Excuse Part 7. Remedies",
        "scraped_snippet_2": null,
        "scrape_success": 1
      },
      {
        "type": "Inconsistencies - Legal Contradiction",
        "original_text": "All notices or other communications under this Agreement shall be in writing and shall be deemed to be duly given (a) when delivered in person, (b) on the date received, if sent by a nationally recognized delivery or courier service, (c) upon written confirmation of receipt after transmittal by electronic mail or (d) upon the earlier of confirmed receipt or the fifth (5t h) business day following the date of mailing if sent by registered or certified mail, return receipt requested, postage prepaid and addressed as follows:",
        "changed_text": "All notices or other communications under this Agreement shall be in writing and shall be deemed to be duly given (a) when delivered in person, (b) never, if sent by a nationally recognized delivery or courier service, (c) never after transmittal by electronic mail or (d) upon the earlier of confirmed receipt or the twentieth (20th) business day following the date of mailing if sent by registered or certified mail, return receipt requested, postage prepaid and addressed as follows:",
        "explanation": "The original clause provides several methods for giving notice. This change makes nationally recognized delivery or courier service and electronic mail not valid, and extends the time for mailed notices to be deemed received to 20 business days. This conflicts with the duty to provide reasonable notification and could violate state-specific contract laws on adequate notice.",
        "contradicted_law": "Contract Law - Adequate Notice",
        "law_citation": "General Contract Law Principles - Adequate Notice",
        "law_url1": [
          "https://www.law.cornell.edu/wex/notice"
        ],
        "law_url2": [
          "https://advance.lexis.com/open/document/lbody?pdmfid=1000516&config=&crid=932c941e-49bc-4a45-9c57-e8f9a90d84a5&pddocfullpath=%2Fshared%2Fdocument%2Fanalytical-materials%2Furn%3AcontentItem%3A63P2-67N1-F04V-H027-00000-00&pdtocnodeid=AAAFAAFAALAAX&ecomp=k6vgs&prid=654c8c29-346a-4701-94a4-91a7672b71b8"
        ],
        "law_explanation": "General contract law requires that notice be 'adequate,' meaning it must be reasonably calculated to inform the other party. By invalidating delivery services and email as acceptable means of notification and extending the mailing period to 20 business days, this modification significantly hinders timely communication. This could be challenged as failing to provide adequate notice, violating principles of good faith and fair dealing, and potentially making the contract unenforceable if critical information is delayed, causing damages. LexisNexis link serves as a secondary source for defining 'Notice' within legal contexts.",
        "location": "Section 11.08",
        "scraped_snippet_1": "notice | Wex | US Law | LII / Legal Information Institute Please help us improve our site! × No thank you notice Notice is the constitutional requirement that a party being brought into court be informed of the controversy . Due Process clauses of the United States Constitution prohibit courts from hearing a case that could adversely affect a party's interest unless that party has been given proper notice. To satisfy this notice requirement, notice must be reasonably calculated, under the circumstances, to inform all interested parties that a lawsuit is pending and that it could adversely affect their interests. The degree of required notice varies depending on what type of jurisdiction a court intends to exercise. To exercise in personam jurisdiction, in-hand service of process is usually required. For in rem actions, which can affect the interests of anyone in the world, the plaintiff usually must inform all known parties of interest by a reasonably reliable means, and may then inform the rest of the world by \"notice by publication\" - purchasing a notice in a local newspaper multiple times over a period of several weeks. In tricky cases, courts work with plaintiffs to identify the best way of meeting notice requirements. In some unusual circumstances, a court may find traditional methods of notice are not satisfactory for a particular party. Notice is not a mere formality, as the Supreme Court recently discussed in Jones v. Flowers . In Jones v. Flowers , a state seized and sold property for unpaid property taxes. A certified letter meant to notify the owner of the impending sale was returned to the state as \"unclaimed.\" Afterwards, the state made no additional attempt to contact the owner directly. The Court rejected the state's notice as insufficient, emphasizing that notice “must be such as one desirous of actually informing the absentee might reasonably adopt to accomplish it.\" Because of the constitutional importance of ensuring proper notice, courts will not forgive notice achieved through improper means even where a party actually learns of the controversy. [Last reviewed in October of 2023 by the Wex Definitions Team ] Wex CIVICS the Constitution THE LEGAL PROCESS wex articles civil procedure constitutional law courts and procedure individual rights Wex Toolbox",
        "scraped_snippet_2": "Lexis® - Sign In | LexisNexis You did not enter an ID value. You did not enter a Password value. ID Please enter a valid ID. Password Please enter a valid password. Caps Lock is on Having Caps Lock on may cause you to enter your password incorrectly. Press Caps Lock to turn it off before entering your password. SHOW Remember Me Forgot your ID or password? Use of this service is subject to terms & conditions. Terms of use Your use of this service is subject to the LexisNexis ® Terms & Conditions. You must accept these Terms & Conditions to use the service. Please also review the Privacy & Cookies policy",
        "scrape_success": 2
      }
    ]
  }
]