[
  {
    "file_name": "ReynoldsConsumerProductsInc_20191115_S-1_EX-10.18_11896469_EX-10.18_SupplyAgreement.txt",
    "perturbation": [
      {
        "type": "Inconsistencies - Legal Contradiction",
        "original_text": "A Party will have ten (10) days to provide adequate assurances of performance to the other Party in a form acceptable to the other Party in its good faith discretion.",
        "changed_text": "A Party will have two (2) days to provide adequate assurances of performance to the other Party in a form acceptable to the other Party in its good faith discretion.",
        "explanation": "Reducing the time to provide adequate assurance of performance could be considered commercially unreasonable and may not provide sufficient time for a party to gather the necessary documentation. This contradicts the implied duty of good faith and fair dealing present in all contracts, as codified in the UCC.",
        "contradicted_law": "Illinois Uniform Commercial Code - Adequate Assurance of Performance",
        "law_citation": "UCC § 2-609",
        "law_url1": [
          "https://www.law.cornell.edu/ucc/2/609"
        ],
        "law_url2": [
          "https://www.ilga.gov/legislation/ilcs/ilcs4.asp?DocName=Ch810ILCS5%2FArt.+2&ActID=2369&ChapterID=67&SeqStart=4400000&SeqEnd=6800000"
        ],
        "law_explanation": "UCC § 2-609 allows a party, when reasonable grounds for insecurity arise, to demand adequate assurance of due performance and, until the party receives such assurance, to suspend its performance. Giving only two days might not be considered a reasonable time to respond, violating the spirit of good faith required under the UCC.",
        "location": "Section 5",
        "scraped_snippet_1": null,
        "scraped_snippet_2": "815 ILCS 620/ Illinois Fair Invention Development Standards Act. Home Legislation & Laws Senate House My Legislation Site Map Bills & Resolutions Compiled Statutes Public Acts Legislative Reports IL Constitution Legislative Guide Legislative Glossary Search By Number (example: HB0001) Search Tips Search By Keyword Search Tips Advanced Search Illinois Compiled Statutes Back to Article Listing Public Acts Search Guide Disclaimer Printer-Friendly Version Information maintained by the Legislative Reference Bureau Updating the database of the Illinois Compiled Statutes (ILCS) is an ongoing process. Recent laws may not yet be included in the ILCS database, but they are found on this site as Public Acts soon after they become law. For information concerning the relationship between statutes and Public Acts, refer to the Guide . Because the statute database is maintained primarily for legislative drafting purposes, statutory changes are sometimes included in the statute database before they take effect. If the source note at the end of a Section of the statutes includes a Public Act that has not yet taken effect, the version of the law that is currently in effect may have already been removed from the database and you should refer to that Public Act to see the changes made to the current law. BUSINESS TRANSACTIONS (815 ILCS 620/) Illinois Fair Invention Development Standards Act. Top Home | Legislation & Laws | House | Senate | My Legislation | Disclaimers | Email This site is maintained for the Illinois General Assembly by the Legislative Information System, 705 Stratton Building, Springfield, Illinois 62706 Contact ILGA Webmaster",
        "scrape_success": 1
      },
      {
        "type": "Inconsistencies - Legal Contradiction",
        "original_text": "An insuring Party must deliver the following written evidence of the required insurance coverage to the other Party (Attention: Risk Management), or its designated insurance monitoring service, within ten (10) of written request and at least thirty (30) days in advance of the expiration of a then current policy term (if a declaration or endorsement is not available from an insurer at the time requested or required, an insuring Party will provide them as soon as the declaration or endorsement is available from the insurer):",
        "changed_text": "An insuring Party must deliver the following written evidence of the required insurance coverage to the other Party (Attention: Risk Management), or its designated insurance monitoring service, within two (2) of written request and at least five (5) days in advance of the expiration of a then current policy term (if a declaration or endorsement is not available from an insurer at the time requested or required, an insuring Party will provide them as soon as the declaration or endorsement is available from the insurer):",
        "explanation": "Reducing the time to provide proof of insurance and advance notice before expiration could be considered commercially unreasonable given the difficulties sometimes inherent in obtaining documentation from insurance companies. This contradicts the implied duty of good faith and fair dealing.",
        "contradicted_law": "Implied Duty of Good Faith and Fair Dealing",
        "law_citation": "Illinois Law",
        "law_url1": [
          "https://www.lexisnexis.com/legalnewsroom/insurance/b/insurance/posts/the-implied-covenant-of-good-faith-and-fair-dealing"
        ],
        "law_url2": [
          "https://www.jordanramis.com/wp-content/uploads/2018/10/The-Implied-Covenant-of-Good-Faith-and-Fair-Dealing.pdf"
        ],
        "law_explanation": "Illinois law implies a covenant of good faith and fair dealing in every contract. The implied covenant requires contracting parties to act reasonably and honestly when exercising their contractual discretion. Shortening the timeframe to 2 days for insurance documents and 5 days before policy expiration may be seen as not providing enough time and acting not in good faith.",
        "location": "Section 8",
        "scraped_snippet_1": "Legal Insights Blog | LexisNexis US Use this button to switch between dark and light mode. Thought Leadership April 15, 2025 2025 Cybersecurity Showdown: In-House Counsel's Battle Against New AI Threats Amid Changing... Practical Guidance April 15, 2025 Courtroom Confidence: The Ultimate Flowchart for Exhibit Suc... Thought Leadership April 15, 2025 2025 Cybersecurity Showdown: In-House Counsel's Battle Against... Thought Leadership March 20, 2024 5 Things Litigators Should Look for in a Legal Research Tool Product Announcement February 06, 2025 - by Sean Fitzpatrick | CEO, LexisNexis North America, UK, Ireland The Next Chapter in Legal Tech Innovation: Introducing Protégé... Practical Guidance April 15, 2025 Responding to a Complicated Antitrust Complaint Product Features October 15, 2024 Introducing Labor & Employment Arbitration Visuals on Lexis+ Product Features May 02, 2024 How Lexis+ AI Delivers \"Hallucination-Free\" Linked... Industry Awareness August 22, 2024 Launch of LexisNexis Protégé for Lexis+ AI Stirs Up Buzz at ILTACON 2024 Current Legal Resources 7 Ways LexisNexis Protégé Delivers Next-Level Work Quality for... By: Jeff Pfeifer Legal professionals have been using AI technologies for years now, starting with extractive AI tools that used machine learning algorithms to find relevant results within data, then... Read More New Summarization Features in CaseMap+ AI Produces Transcript... By Grant M. Snyder, Esq. and CaseMap+ AI Product Manager Litigators know all too well that time is both a precious commodity and their number-one value to clients. This often places their teams under... Read More LexisNexis® CounselLink+™ Wins \"Contract Lifecycle Management... LexisNexis® CounselLink+™ has been honored with the prestigious title of \"Contract Lifecycle Management Platform of the Year\" in the 2024 LegalTech Breakthrough Awards. This recognition... Read More Create First Drafts of Legal Documents in Minutes by Answering... By: LexisNexis Practical Guidance Every lawyer has experienced the frustration of managing a seemingly endless stream of legal documents, in which they are stuck manually drafting one document at a time... Read More Data-Driven Insights: The Key to Winning Cases By Madison Johnson, Esq. | Marketing Manager Legal analytics has now become table stakes for litigation, with roughly seven in 10 legal professionals at law firms of various sizes using them in 2024... Read More 5 Ways Law Firms Will Benefit from LexisNexis Integration with... By: LexisNexis An important collaboration was announced this month that represents a step forward in legal information integration, allowing law firms to leverage external data more effectively alongside... Read More How Lexis+ AI Delivers \"Hallucination-Free\" Linked... By: Serena Wellen, Vice President of Product Management, LexisNexis We raised some eyebrows last fall when we announced the launch of Lexis+ AI, our new generative artificial intelligence (Gen AI) solution... Read More Obtain Fast Insights into Complex Legal Issues with Legal AI... By: Liz Christman The practice of law revolves around the interpretation of complex documents, which can be tedious and time-consuming. But what if there was a tool that could quickly summarize these... Read More 4 Tips for Improving Your Legal Searches with Generative Eng... By Jennifer Belz The emergence of generative engines — a new wave of generative artificial intelligence (Gen AI) — is poised to revolutionize the way lawyers approach legal research. But... Read More How to Extract and Analyze Legal Documents with Gen AI By Jake Nelson Legal professionals continue to dive into the brave new world of generative artificial intelligence (Gen AI) to explore possible use cases for this exciting new technology. For those practicing... Read More Experience Lexis+ Start your complimentary 7-day trial today. FREE TRIAL",
        "scraped_snippet_2": null,
        "scrape_success": 1
      },
      {
        "type": "Inconsistencies - Legal Contradiction",
        "original_text": "A Receiving Party will return or destroy all forms of Confidential Information of the Disclosing Party in the custody of the Receiving Party and its Representatives within ten (10) days of receipt of a written request from the Disclosing Party and after the expiration or earlier termination of this Agreement.",
        "changed_text": "A Receiving Party will return or destroy all forms of Confidential Information of the Disclosing Party in the custody of the Receiving Party and its Representatives within one hundred eighty (180) days of receipt of a written request from the Disclosing Party and after the expiration or earlier termination of this Agreement.",
        "explanation": "Extending the time to return or destroy confidential information to 180 days could potentially violate trade secret laws if such a delay creates an unreasonable risk of disclosure or misuse of the confidential information, particularly if the information is highly sensitive.",
        "contradicted_law": "Illinois Trade Secrets Act",
        "law_citation": "765 ILCS 1065/",
        "law_url1": [
          "http://www.ilga.gov/legislation/ilcs/ilcs3.asp?ActID=2287&ChapterID=65"
        ],
        "law_url2": [
          "https://casetext.com/statute/illinois-compiled-statutes/chapter-765-property/act-illinois-trade-secrets-act/section-765-ilcs-10652-injunctive-relief"
        ],
        "law_explanation": "The Illinois Trade Secrets Act (765 ILCS 1065/) defines a trade secret and provides remedies for misappropriation. Allowing a Receiving Party 180 days to return or destroy confidential information could create a situation where misappropriation is more likely, and depending on the sensitivity of the trade secret, create unnecessary risk for the disclosing party.",
        "location": "Section 10",
        "scraped_snippet_1": "805 ILCS 140/ Consumer Credit Counseling Corporation Act. (Repealed by P.A. 90-545) Home Legislation & Laws Senate House My Legislation Site Map Bills & Resolutions Compiled Statutes Public Acts Legislative Reports IL Constitution Legislative Guide Legislative Glossary Search By Number (example: HB0001) Search Tips Search By Keyword Search Tips Advanced Search Illinois Compiled Statutes Back to Act Listing Public Acts Search Guide Disclaimer Printer-Friendly Version Information maintained by the Legislative Reference Bureau Updating the database of the Illinois Compiled Statutes (ILCS) is an ongoing process. Recent laws may not yet be included in the ILCS database, but they are found on this site as Public Acts soon after they become law. For information concerning the relationship between statutes and Public Acts, refer to the Guide . Because the statute database is maintained primarily for legislative drafting purposes, statutory changes are sometimes included in the statute database before they take effect. If the source note at the end of a Section of the statutes includes a Public Act that has not yet taken effect, the version of the law that is currently in effect may have already been removed from the database and you should refer to that Public Act to see the changes made to the current law. BUSINESS ORGANIZATIONS (805 ILCS 140/) Consumer Credit Counseling Corporation Act. (Repealed by P.A. 90-545) Top Home | Legislation & Laws | House | Senate | My Legislation | Disclaimers | Email This site is maintained for the Illinois General Assembly by the Legislative Information System, 705 Stratton Building, Springfield, Illinois 62706 Contact ILGA Webmaster",
        "scraped_snippet_2": null,
        "scrape_success": 1
      }
    ]
  }
]