[
  {
    "file_name": "LIMEENERGYCO_09_09_1999-EX-10-DISTRIBUTORAGREEMENT.txt",
    "perturbation": [
      {
        "type": "Inconsistencies - Legal Contradiction",
        "original_text": "Distributor shall pay Company within thirty (30) days of Distributor's or, as the case may be, the end-user's receipt of Products.",
        "changed_text": "Distributor shall pay Company within sixty (60) days of Distributor's or, as the case may be, the end-user's receipt of Products.",
        "explanation": "Changing the payment terms from 30 days to 60 days may violate the Illinois Sales Representative Act, which mandates timely payments to sales representatives. Although the contract does not explicitly state that the Distributor is a 'sales representative,' extending the payment period increases the risk of non-compliance.",
        "contradicted_law": "820 ILCS 120/2",
        "law_citation": "820 ILCS 120/2",
        "law_url1": [
          "http://www.ilga.gov/legislation/ilcs/ilcs3.asp?ActID=2429&ChapterID=68"
        ],
        "law_url2": [
          "https://law.justia.com/codes/illinois/2016/chapter-820/act-120/section-120-2/"
        ],
        "law_explanation": "The Illinois Sales Representative Act (820 ILCS 120/2) mandates that principals must pay sales representatives all commissions due at the time of termination of the contract or agreement. If the distributor is considered a sales representative under this law, then this may be a violation of it.",
        "location": "2.7",
        "scraped_snippet_1": "820 ILCS 260/ Nursing Mothers in the Workplace Act. Home Legislation & Laws Senate House My Legislation Site Map Bills & Resolutions Compiled Statutes Public Acts Legislative Reports IL Constitution Legislative Guide Legislative Glossary Search By Number (example: HB0001) Search Tips Search By Keyword Search Tips Advanced Search Illinois Compiled Statutes Back to Act Listing Public Acts Search Guide Disclaimer Printer-Friendly Version Information maintained by the Legislative Reference Bureau Updating the database of the Illinois Compiled Statutes (ILCS) is an ongoing process. Recent laws may not yet be included in the ILCS database, but they are found on this site as Public Acts soon after they become law. For information concerning the relationship between statutes and Public Acts, refer to the Guide . Because the statute database is maintained primarily for legislative drafting purposes, statutory changes are sometimes included in the statute database before they take effect. If the source note at the end of a Section of the statutes includes a Public Act that has not yet taken effect, the version of the law that is currently in effect may have already been removed from the database and you should refer to that Public Act to see the changes made to the current law. EMPLOYMENT (820 ILCS 260/) Nursing Mothers in the Workplace Act. 820 ILCS 260/1 (820 ILCS 260/1) Sec. 1. Short title. This Act may be cited as the Nursing Mothers in the Workplace Act. (Source: P.A. 92-68, eff. 7-12-01.) 820 ILCS 260/5 (820 ILCS 260/5) Sec. 5. Definitions. In this Act: \"Employee\" means a person currently employed or subject to recall after layoff or leave of absence with a right to return at a position with an employer or a former employee who has terminated service within the preceding year. \"Employer\" means an individual, corporation, partnership, labor organization, or unincorporated association, the State, an agency or political subdivision of the State, or any other legal, business, ",
        "scraped_snippet_2": null,
        "scrape_success": 1
      },
      {
        "type": "Inconsistencies - Legal Contradiction",
        "original_text": "During the Term of this Agreement and for a period of twelve (12) months thereafter, the Distributor (on behalf of itself, each of its affiliates and each of their respective representatives) agrees that it will not directly or indirectly solicit or hire any executive, managerial or technical employee of the Company or any of its affiliates.",
        "changed_text": "During the Term of this Agreement and for a period of twenty-four (24) months thereafter, the Distributor (on behalf of itself, each of its affiliates and each of their respective representatives) agrees that it will not directly or indirectly solicit or hire any executive, managerial or technical employee of the Company or any of its affiliates.",
        "explanation": "Extending the non-solicitation period to 24 months may be deemed an unreasonable restraint of trade under Illinois law, particularly if it unduly restricts the employee's ability to find employment.",
        "contradicted_law": "Illinois Antitrust Act",
        "law_citation": "740 ILCS 10/1",
        "law_url1": [
          "http://www.ilga.gov/legislation/ilcs/fulltext.asp?DocName=074000100K1"
        ],
        "law_url2": [
          "https://law.justia.com/codes/illinois/2005/chapter38/783.html"
        ],
        "law_explanation": "The Illinois Antitrust Act prohibits contracts that unreasonably restrain trade. A two-year non-solicitation clause, depending on the scope and the employee's position, could be seen as an unreasonable restraint if it prevents employees from seeking employment opportunities.",
        "location": "5.7(A)",
        "scraped_snippet_1": "Illinois General Assembly - Illinois Compiled Statutes Home Legislation & Laws Senate House My Legislation Site Map Bills & Resolutions Compiled Statutes Public Acts Legislative Reports IL Constitution Legislative Guide Legislative Glossary Search By Number (example: HB0001) Search Tips Search By Keyword Search Tips Advanced Search Illinois Compiled Statutes ILCS Listing Public Acts Search Guide Disclaimer Information maintained by the Legislative Reference Bureau Updating the database of the Illinois Compiled Statutes (ILCS) is an ongoing process. Recent laws may not yet be included in the ILCS database, but they are found on this site as Public Acts soon after they become law. For information concerning the relationship between statutes and Public Acts, refer to the Guide . Because the statute database is maintained primarily for legislative drafting purposes, statutory changes are sometimes included in the statute database before they take effect. If the source note at the end of a Section of the statutes includes a Public Act that has not yet taken effect, the version of the law that is currently in effect may have already been removed from the database and you should refer to that Public Act to see the changes made to the current law. 740 ILCS 10/1 (740 ILCS 10/1) (from Ch. 38, par. 60-1) Sec. 1. This Act shall be known and may be cited as the Illinois Antitrust Act. (Source: Laws 1965, p. 1943.) Home | Legislation & Laws | House | Senate | My Legislation | Disclaimers | Email This site is maintained for the Illinois General Assembly by the Legislative Information System, 705 Stratton Building, Springfield, Illinois 62706 Contact ILGA Webmaster",
        "scraped_snippet_2": null,
        "scrape_success": 1
      },
      {
        "type": "Inconsistencies - Legal Contradiction",
        "original_text": "Company will make reasonable efforts to procure a policy, which is non-cancelable, except upon thirty (30) days, advance notice to the Distributor.",
        "changed_text": "Company will make reasonable efforts to procure a policy, which is non-cancelable, except upon ten (10) days, advance notice to the Distributor.",
        "explanation": "Reducing the notice period for insurance cancellation to 10 days may violate general principles of good faith and fair dealing implied in Illinois contracts, especially if it leaves the Distributor with insufficient time to secure alternative coverage.",
        "contradicted_law": "Implied Covenant of Good Faith and Fair Dealing",
        "law_citation": "Illinois law principle",
        "law_url1": [
          "https://scholar.google.com/scholar_case?case=10882345831346224305&q=implied+covenant+good+faith+illinois&hl=en&as_sdt=20006"
        ],
        "law_url2": [
          "https://casetext.com/case/beraha-v-baxter-labs-inc-1"
        ],
        "law_explanation": "While not a codified statute, Illinois law recognizes an implied covenant of good faith and fair dealing in every contract. Reducing the insurance cancellation notice period to 10 days might be viewed as a breach of this covenant if it prejudices the Distributor's ability to protect its interests, particularly given the Distributor is named as an additional insured under the policy.",
        "location": "5.4",
        "scraped_snippet_1": "Google Scholar Loading... The system can't perform the operation now. Try again later. Settings Sign in Sign in Google Scholar 404. That's an error. Sorry, no content found for this URL That's all we know.",
        "scraped_snippet_2": null,
        "scrape_success": 1
      }
    ]
  }
]