[
  {
    "file_name": "DovaPharmaceuticalsInc_20181108_10-Q_EX-10.2_11414857_EX-10.2_PromotionAgreement.txt",
    "perturbation": [
      {
        "type": "Inconsistencies - Legal Contradiction",
        "original_text": "Meetings of the JSC may be called by either Party on no less than thirty (30) days' notice during the Term. Each Party shall make all proposals for agenda items and shall provide all appropriate information with respect to such proposed items at least ten (10) days in advance to the applicable meeting; provided that under exigent circumstances requiring input by the JSC, a Party may provide its agenda items to the other Party within a shorter period of time in advance of the meeting, or may propose that there not be a specific agenda for that particular meeting, so long as the other Party consents to such later addition of such agenda items or the absence of a specific agenda for such meeting, such consent not to be unreasonably withheld. The chairperson shall prepare and circulate for review and approval of the Parties minutes of each meeting within thirty (30) days after the meeting.",
        "changed_text": "Meetings of the JSC may be called by either Party on no less than fifteen (15) days' notice during the Term. Each Party shall make all proposals for agenda items and shall provide all appropriate information with respect to such proposed items at least five (5) days in advance to the applicable meeting; provided that under exigent circumstances requiring input by the JSC, a Party may provide its agenda items to the other Party within a shorter period of time in advance of the meeting, or may propose that there not be a specific agenda for that particular meeting, so long as the other Party consents to such later addition of such agenda items or the absence of a specific agenda for such meeting, such consent not to be unreasonably withheld. The chairperson shall prepare and circulate for review and approval of the Parties minutes of each meeting within sixty (60) days after the meeting.",
        "explanation": "This change reduces the notice period for meetings and agenda items, and increases the time to circulate meeting minutes, which could impede timely dispute resolution and decision-making. Increasing the time to circulate the meeting minutes to 60 days may cause delays in acting on those meetings' decisions.",
        "contradicted_law": "National Labor Relations Act, Section 8(d)",
        "law_citation": "29 U.S. Code § 158(d)",
        "law_url1": [
          "https://www.nlrb.gov/about-nlrb/rights-we-protect/the-law/employer-unions-rights-and-responsibilities"
        ],
        "law_url2": [
          "https://www.govinfo.gov/content/pkg/USCODE-2011-title29/html/USCODE-2011-title29-chap7-sec158.htm"
        ],
        "law_explanation": "The modified text reduces the notice period for JSC meetings to 15 days. While this agreement is not a collective bargaining agreement, the spirit of good-faith bargaining, as described in the NLRA, involves providing adequate notice for discussions. In collective bargaining agreements, compressed timelines for notification can be seen as a failure to bargain in good faith, especially when substantial changes are at stake. This modified text does not inherently create any illegal activity, but may provide circumstances in which either party may not have enough time to adequately prepare for meetings, ultimately not following the good faith effort needed to properly make decisions. By reducing the time to circulate meeting minutes, further delays may occur in addressing issues brought up in the meeting.",
        "location": "ARTICLE 3",
        "scraped_snippet_1": null,
        "scraped_snippet_2": "Page Not Found | GovInfo Skip to main content Page Not Found Help Error occurred. The page you requested cannot be found. Please report this error to askGPO. Provide the following information to help us resolve this problem: the URL of the page you were trying to access, the steps you followed to produce the error, specific search or browse terms, and/or a screenshot of the page where the error occurred. Thank you for your patience. Homepage Search Tips Skip back to top",
        "scrape_success": 1
      },
      {
        "type": "Inconsistencies - Legal Contradiction",
        "original_text": "Each Party agrees that, during the Term and for a period of [***] thereafter, it shall keep confidential and shall not publish or otherwise disclose and shall not use for any purpose other than as provided for in this Agreement (which includes the exercise of its rights or performance of any obligations hereunder) any Confidential Information furnished to it by or on behalf of the other Party pursuant to this Agreement, except to the extent expressly authorized by this Agreement or otherwise agreed in writing by the Parties.",
        "changed_text": "Each Party agrees that, during the Term and for a period of one (1) year thereafter, it shall keep confidential and shall not publish or otherwise disclose and shall not use for any purpose other than as provided for in this Agreement (which includes the exercise of its rights or performance of any obligations hereunder) any Confidential Information furnished to it by or on behalf of the other Party pursuant to this Agreement, except to the extent expressly authorized by this Agreement or otherwise agreed in writing by the Parties.",
        "explanation": "This modification reduces the confidentiality period to one year which may be insufficient to protect trade secrets under state laws.",
        "contradicted_law": "Uniform Trade Secrets Act",
        "law_citation": "Varies by state, e.g., California Civil Code § 3426",
        "law_url1": [
          "https://www.uniformlaws.org/committees/community-home?communitykey=e909f797-98bd-4563-9e21-044f592f1b19"
        ],
        "law_url2": [
          "https://smallbusiness.findlaw.com/intellectual-property/trade-secret-protection-state-laws.html"
        ],
        "law_explanation": "The Uniform Trade Secrets Act (UTSA), adopted by most states, protects trade secrets for as long as they remain confidential and provide a competitive advantage. A one-year confidentiality period may not be sufficient to protect information that continues to meet the definition of a trade secret, potentially undermining the protections afforded by state law. Trade secrets are protected for as long as they are kept confidential and provide economic value. Reducing the confidentiality period to one year could be deemed unreasonable and insufficient to protect trade secrets.",
        "location": "ARTICLE 9",
        "scraped_snippet_1": "Community Home - Uniform Law Commission Skip to main content (Press Enter). Sign in Skip auxiliary navigation (Press Enter). Follow ULC Schedule of Events Better Laws. Stronger States. Skip main navigation (Press Enter). Community Home Library Contact Us (312) 450-6600 info@uniformlaws.org Uniform Law Commission 111 N. Wabash Avenue, Suite 1010 Chicago, Illinois 60602 Uniform Law Commission The Uniform Law Commission (ULC, also known as the National Conference of Commissioners on Uniform State Laws), established in 1892, provides states with non-partisan, well-conceived and well-drafted legislation that brings clarity and stability to critical areas of state statutory law. Acts Overview Current Acts Uniform Commercial Code Projects Overview Current Committees Meetings and Events Annual Meeting 2025 -- Session Resources Committee Meetings Meeting Calendar Request to Schedule a Web Meeting Grant Application News and Publications News Publications Reprint Request Search Documents Videos Webinar Series Legislation Legislative Activity About ULC About Us Leadership Delegations Staff FAQs Standing Committees Editorial Boards Constitution Policies Spotlight ULC Careers Copyright 2024 Connect. All rights reserved. Privacy Policy | Terms of Use | Accessibility | Contact Us | © 2025 The National Conference of Commissioners on Uniform State Laws. All Rights Reserved. Powered by Higher Logic",
        "scraped_snippet_2": null,
        "scrape_success": 1
      },
      {
        "type": "Inconsistencies - Legal Contradiction",
        "original_text": "Any undisputed adjustments required as a result of overpayments or underpayments identified through the exercise of audit rights shall be made by payment to the Party owed such adjustment within [***] after identification of such adjustment.",
        "changed_text": "Any undisputed adjustments required as a result of overpayments or underpayments identified through the exercise of audit rights shall be made by payment to the Party owed such adjustment within one-hundred eighty (180) days after identification of such adjustment.",
        "explanation": "Extending the payment timeframe for audit adjustments to 180 days creates an unreasonable delay and contradicts prompt payment laws in many states. This significantly extends the timeframe for rectifying errors discovered during audits, potentially violating prompt payment laws.",
        "contradicted_law": "Prompt Payment Acts",
        "law_citation": "Varies by state (e.g., NY State Finance Law § 18-b)",
        "law_url1": [
          "https://www.dfs.ny.gov/consumers/health_insurance/prompt_pay_law"
        ],
        "law_url2": [
          "https://www.ncsl.org/research/financial-services-and-commerce/prompt-payment-of-claims-statutes.aspx"
        ],
        "law_explanation": "Many states have Prompt Payment Acts that mandate timely payment for goods and services. While these laws often apply specifically to insurance claims or government contracts, extending the payment timeframe for audit adjustments to 180 days could be considered an unreasonably long delay, violating the principles and intent behind such laws, especially if it causes financial hardship or operational difficulties for the party awaiting payment. States vary greatly on the specifics of prompt payment, making the specific timeframe an area of legal concern.",
        "location": "ARTICLE 7",
        "scraped_snippet_1": null,
        "scraped_snippet_2": null,
        "scrape_success": 0
      }
    ]
  }
]