[
  {
    "file_name": "FTENETWORKS,INC_02_18_2016-EX-99.4-STRATEGICALLIANCEAGREEMENT.txt",
    "perturbation": [
      {
        "type": "Inconsistencies - Legal Contradiction",
        "original_text": "Subcontractor agrees to indemnify and defend EDGE from and against any lien claims and to discharge any lien or furnish an indemnity bond equal to the lien amount (or any greater amount required by law) within ten (10) days notice from EDGE of the presence of any lien.",
        "changed_text": "Subcontractor agrees to indemnify and defend EDGE from and against any lien claims and to discharge any lien or furnish an indemnity bond equal to the lien amount (or any greater amount required by law) within three (3) days notice from EDGE of the presence of any lien.",
        "explanation": "Changing the timeframe to discharge a lien to 3 days contradicts Texas law which provides more time for such actions.",
        "contradicted_law": "Texas Property Code § 53.157(c)",
        "law_citation": "§ 53.157(c)",
        "law_url1": [
          "https://statutes.capitol.texas.gov/Docs/PR/htm/PR.53.htm"
        ],
        "law_url2": [
          "https://codes.findlaw.com/tx/property-code/prop-sect-53-157.html"
        ],
        "law_explanation": "Texas Property Code § 53.157(c) states that the claimant must file suit to foreclose the lien within two years after the last date the claimant may file the lien affidavit, or within one year of completion of the work under the prime contract. Demanding the subcontractor to discharge a lien or furnish an indemnity bond within three days of notice contradicts the statutory timeframe for enforcement of a mechanic's lien.",
        "location": "4. D. (2)",
        "scraped_snippet_1": "shall defend at his own expense a suit brought on the claim. (b) If the suit results in judgment on the lien against the owner or the owner's property, the owner is entitled to deduct the amount of the judgment and costs from any amount due the original contractor. If the owner has settled with the original contractor in full, the owner is entitled to recover from the original contractor any amount paid for which the original contractor was originally liable. Acts 1983, 68th Leg., p. 3548, ch. 576, Sec. 1, eff. Jan. 1, 1984. Sec. 53.154. FORECLOSURE. A mechanic's lien may be foreclosed only on judgment of a court of competent jurisdiction foreclosing the lien and ordering the sale of the property subject to the lien. Acts 1983, 68th Leg., p. 3549, ch. 576, Sec. 1, eff. Jan. 1, 1984. Sec. 53.155. TRANSFER OF PROPERTY SOLD. If the improvement is sold separately from the land, the officer making the sale shall provide the purchaser a reasonable time after the date of purchase within which to remove and take possession of the purchased improvement. Acts 1983, 68th Leg., p. 3549, ch. 576, Sec. 1, eff. Jan. 1, 1984. Amended by: Acts 2021, 87th Leg., R.S., Ch. 690 (H.B. 2237 ), Sec. 21, eff. January 1, 2022. Sec. 53.156. COSTS AND ATTORNEY'S FEES. In any proceeding to foreclose a lien or to enforce a claim against a bond issued under Subchapter H, I, or J or in any proceeding to declare that any lien or claim is invalid or unenforceable in whole or in part, the court shall award costs and reasonable attorney's fees as are equitable and just. With respect to a lien or claim arising out of a residential construction contract, the court is not required to order the property owner to pay costs and attorney's fees under this section. Added by Acts 1984, 68th Leg., 2nd C.S., ch. 18, Sec. 4(a), eff. Oct. 2, 1984. Amended by Acts 1989, 71st Leg., ch. 1138, Sec. 22, eff. Sept. 1, 1989. Amended by: Acts 2011, 82nd Leg., R.S., Ch. 51 (S.B. 539 ), Sec. 1, eff. September 1, 2011. Sec. 53.157. DISCHARGE OF LIEN. An affidavit claiming a mechanic's lien filed under Section 53.052 may be discharged of record by: (1) recording a lien release signed by the claimant under Section 53.152 ; (2) failing to institute suit to foreclose the lien in the county in which the improvement is located within the period prescribed by Section 53.158 , 53.175 , or 53.208 ; (3) recording the original or certified copy of a final judgment or decree of a court of competent jurisdiction providing for the discharge; (4) filing the bond and notice in compliance with Subchapter H; (5) filing the bond in compliance with Subchapter I; or (6) recording a certified copy of the order removing the lien under Section 53.160 , provided that no bond or deposit as described by Section 53.161 was filed by the claimant within 30 days after the date the order was entered. Added by Acts 1989, 71st Leg., ch. 1138, Sec. 23, eff. Sept. 1, 1989. Amended by Acts 1997, 75th Leg., ch. 526, Sec. 15, eff. Sept. 1, 1997. Amended by: Acts 2021, 87th Leg., R.S., Ch. 690 (H.B. 2237 ), Sec. 22, eff. January 1, 2022. Sec. 53.158. PERIOD FOR BRINGING SUIT TO FORECLOSE LIEN. (a) Except as provided by Subsection (a-2), suit must be brought to foreclose the lien not later than the first anniversary of the last day a claimant may file the lien affidavit under Section 53.052 . (a-1) Notwithstanding Section 16.069 , Civil Practice and Remedies Code, or any other law, if suit is pursued solely to discharge a lien because limitations have expired on bringing a lien foreclosure suit, the lien claimant's rights to pursue a suit to foreclose a lien are not revived. (a-2) The limitations period established under Subsection (a) may be extended to not later than the second anniversary of the date the claimant filed the lien affidavit under Section 53.052 if, before the expiration of the limitations period established under Subsection (a), the claimant enters into a written agreement with the then-current record owner of the ",
        "scraped_snippet_2": "Texas Property Code - PROP § 53.157 | FindLaw Texas Property Code - PROP § 53.157. Discharge of Lien Current as of January 01, 2024 | Updated by FindLaw Staff An affidavit claiming a mechanic's lien filed under Section 53.052 may be discharged of record by: (1) recording a lien release signed by the claimant under Section 53.152 ; (2) failing to institute suit to foreclose the lien in the county in which the improvement is located within the period prescribed by Section 53.158 , 53.175 , or 53.208 ; (3) recording the original or certified copy of a final judgment or decree of a court of competent jurisdiction providing for the discharge; (4) filing the bond and notice in compliance with Subchapter H; (5) filing the bond in compliance with Subchapter I; or (6) recording a certified copy of the order removing the lien under Section 53.160 , provided that no bond or deposit as described by Section 53.161 was filed by the claimant within 30 days after the date the order was entered. Back to chapter list Previous part of code Next part of code Back to chapter list Copy Cite this article: FindLaw.com - Texas Property Code - PROP § 53.157. Discharge of Lien - last updated January 01, 2024 | https://codes.findlaw.com/tx/property-code/prop-sect-53-157.html Read this complete Texas Property Code - PROP § 53.157. Discharge of Lien on Westlaw . Westlaw subscription required. FindLaw Codes may not reflect the most recent version of the law in your jurisdiction. Please verify the status of the code you are researching with the state legislature or via Westlaw before relying on it for your legal needs. Was this helpful? Yes No Easy to understand Solved my problem Other Missing the information I need Too complicated / too many steps Out of date Other Submit Cancel Search all Texas Codes Citation or keyword Enter citation or keyword View results Welcome to FindLaw's Cases & Codes A free source of state and federal court opinions, state laws, and the United States Code. For more information about the legal concepts ad",
        "scrape_success": 2
      },
      {
        "type": "Inconsistencies - Legal Contradiction",
        "original_text": "A copy of the (i) certificate(s) of insurance and (ii) endorsements, acceptable to EDGE, shall be submitted to EDGE prior to commencement of any Work and renewals or replacements of such certificates shall be so delivered at least 30 days prior to the expiration or termination of each such policy.",
        "changed_text": "A copy of the (i) certificate(s) of insurance and (ii) endorsements, acceptable to EDGE, shall be submitted to EDGE prior to commencement of any Work and renewals or replacements of such certificates shall be so delivered at least 5 days prior to the expiration or termination of each such policy.",
        "explanation": "Reducing the notification period for insurance renewals to 5 days may violate standard insurance regulations or contractual obligations in Texas that require more notice.",
        "contradicted_law": "Texas Insurance Code § 551.052",
        "law_citation": "§ 551.052",
        "law_url1": [
          "https://statutes.capitol.texas.gov/Docs/IN/htm/IN.551.htm"
        ],
        "law_url2": [
          "https://codes.findlaw.com/tx/insurance-code/ins-sect-551-052.html"
        ],
        "law_explanation": "Texas Insurance Code § 551.052 addresses notice requirements for policy cancellation and nonrenewal. While not directly mandating a specific 30-day notice for *submission* of renewal certificates, reducing the notice period to 5 days increases the risk that the subcontractor will fail to provide adequate notice of nonrenewal, potentially violating the insurance requirements set forth in the agreement and potentially violating the spirit of the Texas Insurance Code regulations regarding notice. Moreover, many insurance contracts themselves may require a 30 day notice, so compelling compliance 5 days before expiration is unrealistic and a violation of the party's duty to be able to comply with the requirements of the contract.",
        "location": "9. A.",
        "scraped_snippet_1": "ompanies within the same insurance group is not considered a refusal to renew. Added by Acts 2005, 79th Leg., Ch. 1295 (H.B. 2614 ), Sec. 4, eff. September 1, 2005. Amended by: Acts 2007, 80th Leg., R.S., Ch. 730 (H.B. 2636 ), Sec. 3B.024, eff. September 1, 2007. Sec. 551.005. MEMBERSHIP DUES. (a) In this section, \"insurer\" includes a county mutual insurance company, a Lloyd's plan, and a reciprocal or interinsurance exchange. (b) Except as otherwise provided by law, an insurer may require that membership dues in its sponsoring organization be paid as a condition for issuance or renewal of a policy. Added by Acts 2007, 80th Leg., R.S., Ch. 730 (H.B. 2636 ), Sec. 3B.0245, eff. September 1, 2007. Added by Acts 2007, 80th Leg., R.S., Ch. 921 (H.B. 3167 ), Sec. 9.0245(a), eff. September 1, 2007. SUBCHAPTER B. CANCELLATION AND NONRENEWAL OF CERTAIN LIABILITY AND COMMERCIAL PROPERTY INSURANCE POLICIES Sec. 551.051. DEFINITIONS. In this subchapter: (1) \"Commercial property insurance\" has the meaning assigned by Section 2251.002 . (1-a) \"Insurer\" means an insurance company or other entity admitted to engage in business and authorized to write liability insurance or commercial property insurance in this state, including a county mutual insurance company, a Lloyd's plan, and a reciprocal or interinsurance exchange. The term does not include a county mutual fire insurance company that writes exclusively industrial fire insurance as described by Section 912.310 or a farm mutual insurance company. (2) \"Liability insurance\" means: (A) general liability insurance; (B) professional liability insurance other than medical professional liability insurance; (C) commercial automobile liability insurance; (D) commercial multiperil insurance; and (E) any other type or line of liability insurance designated by the department. Added by Acts 2003, 78th Leg., ch. 1274, Sec. 2, eff. April 1, 2005. Amended by: Acts 2019, 86th Leg., R.S., Ch. 72 (S.B. 590 ), Sec. 2, eff. September 1, 2019. Sec. 551.052. CANCELLATION PROHIBITED; EXCEPTIONS. (a) An insurer may not cancel a liability insurance or commercial property insurance policy that is a renewal or continuation policy. (b) An insurer may not cancel a liability insurance or commercial property insurance policy during the initial policy term after the 60th day following the date on which the policy was issued. (c) Notwithstanding Subsections (a) and (b), an insurer may cancel a liability insurance or commercial property insurance policy at any time during the term of the policy for: (1) fraud in obtaining coverage; (2) failure to pay premiums when due; (3) an increase in hazard within the control of the insured that would produce a rate increase; or (4) loss of the insurer's reinsurance covering all or part of the risk covered by the policy. (d) Notwithstanding Subsections (a) and (b), an insurer may cancel a liability insurance or commercial property insurance policy at any time during the term of the policy if the insurer is placed in supervision, conservatorship, or receivership and the cancellation or nonrenewal is approved or directed by the supervisor, conservator, or receiver. Added by Acts 2003, 78th Leg., ch. 1274, Sec. 2, eff. April 1, 2005. Amended by: Acts 2019, 86th Leg., R.S., Ch. 72 (S.B. 590 ), Sec. 3, eff. September 1, 2019. Sec. 551.053. WRITTEN NOTICE OF CANCELLATION REQUIRED. Not later than the 10th day before the date on which the cancellation of a liability insurance or commercial property insurance policy takes effect, an insurer must deliver or mail written notice of the cancellation to the first-named insured under the policy at the address shown on the policy. Added by Acts 2003, 78th Leg., ch. 1274, Sec. 2, eff. April 1, 2005. Amended by: Acts 2019, 86th Leg., R.S., Ch. 72 (S.B. 590 ), Sec. 3, eff. September 1, 2019. Sec. 551.054. WRITTEN NOTICE OF NONRENEWAL REQUIRED. (a) An insurer may refuse to renew a liability insurance or commercial property insurance policy if the insurer deliver",
        "scraped_snippet_2": "Texas Insurance Code - INS § 551.052 | FindLaw Texas Insurance Code - INS § 551.052. Cancellation Prohibited; Exceptions Current as of January 01, 2024 | Updated by FindLaw Staff (a) An insurer may not cancel a liability insurance or commercial property insurance policy that is a renewal or continuation policy. (b) An insurer may not cancel a liability insurance or commercial property insurance policy during the initial policy term after the 60th day following the date on which the policy was issued. (c) Notwithstanding Subsections (a) and (b), an insurer may cancel a liability insurance or commercial property insurance policy at any time during the term of the policy for: (1) fraud in obtaining coverage; (2) failure to pay premiums when due; (3) an increase in hazard within the control of the insured that would produce a rate increase; or (4) loss of the insurer's reinsurance covering all or part of the risk covered by the policy. (d) Notwithstanding Subsections (a) and (b), an insurer may cancel a liability insurance or commercial property insurance policy at any time during the term of the policy if the insurer is placed in supervision, conservatorship, or receivership and the cancellation or nonrenewal is approved or directed by the supervisor, conservator, or receiver. Back to chapter list Previous part of code Next part of code Back to chapter list Copy Cite this article: FindLaw.com - Texas Insurance Code - INS § 551.052. Cancellation Prohibited; Exceptions - last updated January 01, 2024 | https://codes.findlaw.com/tx/insurance-code/ins-sect-551-052.html Read this complete Texas Insurance Code - INS § 551.052. Cancellation Prohibited; Exceptions on Westlaw . Westlaw subscription required. FindLaw Codes may not reflect the most recent version of the law in your jurisdiction. Please verify the status of the code you are researching with the state legislature or via Westlaw before relying on it for your legal needs. Was this helpful? Yes No Easy to understand Solved my problem Other Missing the i",
        "scrape_success": 2
      },
      {
        "type": "Inconsistencies - Legal Contradiction",
        "original_text": "After fifteen (15) days prior written notice to Subcontractor to cure, or additional time as may be reasonably required by EDGE to cure the event of default, EDGE may terminate this Agreement, or any one or more awarded Purchase Orders and take control of the Work for such terminated Purchase Orders, including any or all materials for the Work, and may proceed with the completion of the Work as contemplated by this Agreement by whatever method deemed expedient by EDGE upon the occurrence of any of the following events, which shall be deemed events of a default by Subcontractor hereunder:",
        "changed_text": "After five (5) days prior written notice to Subcontractor to cure, or additional time as may be reasonably required by EDGE to cure the event of default, EDGE may terminate this Agreement, or any one or more awarded Purchase Orders and take control of the Work for such terminated Purchase Orders, including any or all materials for the Work, and may proceed with the completion of the Work as contemplated by this Agreement by whatever method deemed expedient by EDGE upon the occurrence of any of the following events, which shall be deemed events of a default by Subcontractor hereunder:",
        "explanation": "Reducing the cure period to 5 days could be deemed unreasonable and contradict general contract law principles requiring reasonable opportunity to cure defaults.",
        "contradicted_law": "Texas Business and Commerce Code § 24.005",
        "law_citation": "§ 24.005",
        "law_url1": [
          "https://statutes.capitol.texas.gov/Docs/BC/htm/BC.24.htm"
        ],
        "law_url2": [
          "https://law.justia.com/codes/texas/business-and-commerce-code/title-3/chapter-24/section-24-005/"
        ],
        "law_explanation": "While not directly applicable, Texas Business and Commerce Code Chapter 24 (Uniform Fraudulent Transfer Act) illustrates the importance of fair consideration and reasonable opportunity in business transactions. While not a direct contradiction, reducing the cure period to 5 days may be deemed commercially unreasonable in many construction scenarios, potentially leading to a court finding the termination clause unconscionable, or that the short cure period constitutes a breach of the implied duty of good faith and fair dealing, because it deprives the subcontractor of an actual opportunity to cure. A five day period to 'cure' may also violate mechanic's lien laws if the reason for default has to do with subcontractors filing liens, in that a longer statutory period is provided for such lien actions than the time given to cure.",
        "location": "11. A.",
        "scraped_snippet_1": "est in an asset, and includes payment of money, release, lease, and creation of a lien or other encumbrance. The term does not include a transfer under a disclaimer filed under Chapter 240 , Property Code. (13) \"Valid lien\" means a lien that is effective against the holder of a judicial lien subsequently obtained by legal or equitable process or proceedings. Amended by Acts 1987, 70th Leg., ch. 1004, Sec. 1, eff. Sept. 1, 1987; Acts 1993, 73rd Leg., ch. 846, Sec. 2, eff. Sept. 1, 1993; Acts 1997, 75th Leg., ch. 911, Sec. 95, eff. Sept. 1, 1997. Amended by: Acts 2015, 84th Leg., R.S., Ch. 562 (H.B. 2428 ), Sec. 1, eff. September 1, 2015. Sec. 24.003. INSOLVENCY. (a) A debtor is insolvent if the sum of the debtor's debts is greater than all of the debtor's assets at a fair valuation. (b) A debtor who is generally not paying the debtor's debts as they become due is presumed to be insolvent. (c) Repealed by Acts 2013, 83rd Leg., R.S., Ch. 9, Sec. 11, eff. September 1, 2013. (d) Assets under this section do not include property that has been transferred, concealed, or removed with intent to hinder, delay, or defraud creditors or that has been transferred in a manner making the transfer voidable under this chapter. (e) Debts under this section do not include an obligation to the extent it is secured by a valid lien on property of the debtor not included as an asset. Amended by Acts 1987, 70th Leg., ch. 1004, Sec. 1, eff. Sept. 1, 1987; Acts 1993, 73rd Leg., ch. 570, Sec. 8, eff. Sept. 1, 1993. Amended by: Acts 2013, 83rd Leg., R.S., Ch. 9 (S.B. 847 ), Sec. 11, eff. September 1, 2013. Sec. 24.004. VALUE. (a) Value is given for a transfer or an obligation if, in exchange for the transfer or obligation, property is transferred or an antecedent debt is secured or satisfied, but value does not include an unperformed promise made otherwise than in the ordinary course of the promisor's business to furnish support to the debtor or another person. (b) For the purposes of Sections 24.005 (a)(2) and 24.006 of this code, a person gives a reasonably equivalent value if the person acquires an interest of the debtor in an asset pursuant to a regularly conducted, noncollusive foreclosure sale or execution of a power of sale for the acquisition or disposition of the interest of the debtor upon default under a mortgage, deed of trust, or security agreement. (c) A transfer is made for present value if the exchange between the debtor and the transferee is intended by them to be contemporaneous and is in fact substantially contemporaneous. (d) \"Reasonably equivalent value\" includes without limitation, a transfer or obligation that is within the range of values for which the transferor would have sold the assets in an arm's length transaction. Amended by Acts 1987, 70th Leg., ch. 1004, Sec. 1, eff. Sept. 1, 1987; Acts 1993, 73rd Leg., ch. 570, Sec. 9, eff. Sept. 1, 1993. Sec. 24.005. TRANSFERS FRAUDULENT AS TO PRESENT AND FUTURE CREDITORS. (a) A transfer made or obligation incurred by a debtor is fraudulent as to a creditor, whether the creditor's claim arose before or within a reasonable time after the transfer was made or the obligation was incurred, if the debtor made the transfer or incurred the obligation: (1) with actual intent to hinder, delay, or defraud any creditor of the debtor; or (2) without receiving a reasonably equivalent value in exchange for the transfer or obligation, and the debtor: (A) was engaged or was about to engage in a business or a transaction for which the remaining assets of the debtor were unreasonably small in relation to the business or transaction; or (B) intended to incur, or believed or reasonably should have believed that the debtor would incur, debts beyond the debtor's ability to pay as they became due. (b) In determining actual intent under Subsection (a)(1) of this section, consideration may be given, among other factors, to whether: (1) the transfer or obligation was to an insider; (2) the debtor retained possession or",
        "scraped_snippet_2": "Texas Business and Commerce Code Section 24.005 (2024) - Transfers Fraudulent as to Present and Future Creditors :: 2024 Texas Statutes :: U.S. Codes and Statutes :: U.S. Law :: Justia Go to Previous Versions of this Section 2024 Texas Stat. (here) 2023 Texas Stat. 2022 Texas Stat. View All Versions 2024 Texas Statutes Business and Commerce Code Title 3 - Insolvency, Fraudulent Transfers, and Fraud Chapter 24 - Uniform Fraudulent Transfer Act Section 24.005. Transfers Fraudulent as to Present and Future Creditors Universal Citation: TX Bus & Com Code § 24.005 (2024) Learn more This media-neutral citation is based on the American Association of Law Libraries Universal Citation Guide and is not necessarily the official citation. Previous Next Sec. 24.005. TRANSFERS FRAUDULENT AS TO PRESENT AND FUTURE CREDITORS. (a) A transfer made or obligation incurred by a debtor is fraudulent as to a creditor, whether the creditor's claim arose before or within a reasonable time after the transfer was made or the obligation was incurred, if the debtor made the transfer or incurred the obligation: (1) with actual intent to hinder, delay, or defraud any creditor of the debtor; or (2) without receiving a reasonably equivalent value in exchange for the transfer or obligation, and the debtor: (A) was engaged or was about to engage in a business or a transaction for which the remaining assets of the debtor were unreasonably small in relation to the business or transaction; or (B) intended to incur, or believed or reasonably should have believed that the debtor would incur, debts beyond the debtor's ability to pay as they became due. (b) In determining actual intent under Subsection (a)(1) of this section, consideration may be given, among other factors, to whether: (1) the transfer or obligation was to an insider; (2) the debtor retained possession or control of the property transferred after the transfer; (3) the transfer or obligation was concealed; (4) before the transfer was made or obligation was incurred, the debtor had been su",
        "scrape_success": 2
      }
    ]
  }
]