[
  {
    "file_name": "NELNETINC_04_08_2020-EX-1-JOINTFILINGAGREEMENT.txt",
    "perturbation": [
      {
        "type": "Inconsistencies - Legal Contradiction",
        "original_text": "The undersigned hereby agree to jointly prepare and file with the applicable regulatory authorities this Schedule 13G or Schedule 13D and any future amendments thereto reporting each of the undersigned's ownership of securities of the issuer named herein, and hereby affirm that such Schedule 13G or Schedule 13D is being filed on behalf of each of the undersigned pursuant to and in accordance with the provisions of Rule 13d-1(k) under the Securities Exchange Act of 1934.",
        "changed_text": "The undersigned hereby agree to jointly prepare and file with the applicable regulatory authorities this Schedule 13G or Schedule 13D and any future amendments thereto reporting each of the undersigned's ownership of securities of the issuer named herein, and hereby affirm that such Schedule 13G or Schedule 13D is being filed on behalf of each of the undersigned pursuant to and in accordance with the provisions of Rule 13d-1(k) under the Securities Exchange Act of 1934. Such filings will only occur if deemed necessary by a majority vote of the undersigned parties.",
        "explanation": "Adding a condition that filings only occur if deemed necessary introduces ambiguity and potential non-compliance with mandatory filing requirements.",
        "contradicted_law": "Section 13(d) of the Securities Exchange Act of 1934 and Rule 13d-1",
        "law_citation": "17 CFR § 240.13d-1",
        "law_url1": [
          "https://www.law.cornell.edu/cfr/text/17/240.13d-1"
        ],
        "law_url2": [
          "https://www.sec.gov/fast-answers/smallbussec13dhtm.html"
        ],
        "law_explanation": "Section 13(d) and Rule 13d-1 mandate the filing of Schedule 13D or 13G when a person or group acquires beneficial ownership of more than 5% of a class of certain registered securities. The added clause introduces discretion into a mandatory filing requirement, creating a conflict.",
        "location": "Paragraph 1",
        "scraped_snippet_1": "17 CFR § 240.13d-1 - Filing of Schedules 13D and 13G. | Electronic Code of Federal Regulations (e-CFR) | US Law | LII / Legal Information Institute Please help us improve our site! × No thank you 17 CFR § 240.13d-1 - Filing of Schedules 13D and 13G. CFR Table of Popular Names prev | next § 240.13d-1 Filing of Schedules 13D and 13G. (a) Any person who, after acquiring directly or indirectly the beneficial ownership of any equity security of a class which is specified in paragraph (i)(1) of this section , is directly or indirectly the beneficial owner of more than five percent of the class shall, within five business days after the date of the acquisition, file with the Commission, a statement containing the information required by Schedule 13D (§ 240.13d-101) . (b) (1) A person who would otherwise be obligated under paragraph (a) of this section to file a statement on Schedule 13D (§ 240.13d-101) may, in lieu thereof, file with the Commission, a short-form statement on Schedule 13G (§ 240.13d-102), Provided, That: (i) Such person has acquired such securities in the ordinary course of the person's business and not with the purpose nor with the effect of changing or influencing the control of the issuer , nor in connection with or as a participant in any transaction having such purpose or effect, including any transaction subject to § 240.13d-3(b) and (ii) Such person is: (A) A broker or dealer registered under section 15 of the Act ( 15 U.S.C. 78o ); (B) A bank as defined in section 3(a)(6) of the Act ( 15 U.S.C. 78c ); (C) An insurance company as defined in section 3(a)(19) of the Act ( 15 U.S.C. 78c ); (D) An investment company registered under section 8 of the Investment Company Act of 1940 ( 15 U.S.C. 80a-8 ); (E) Any person registered as an investment adviser under Section 203 of the Investment Advisers Act of 1940 ( 15 U.S.C. 80b-3 ) or under the laws of any state; (F) An employee benefit plan as defined in Section 3(3) of the Employee Retirement Income Security A",
        "scraped_snippet_2": null,
        "scrape_success": 1
      },
      {
        "type": "Inconsistencies - Legal Contradiction",
        "original_text": "The undersigned acknowledge that each shall be responsible for the timely filing of such amendments, and for the completeness and accuracy of the information concerning her or it contained therein, but shall not be responsible for the completeness and accuracy of the information concerning the other, except to the extent that she or it knows or has reason to believe that such information is inaccurate.",
        "changed_text": "The undersigned acknowledge that each shall be responsible for the filing of such amendments within 60 days of any triggering event, and for the completeness and accuracy of the information concerning her or it contained therein, but shall not be responsible for the completeness and accuracy of the information concerning the other, except to the extent that she or it knows or has reason to believe that such information is inaccurate.",
        "explanation": "Changing the 'timely filing' to a specific '60 days' filing deadline creates a potential inconsistency with SEC regulations, which may require more prompt filing depending on the nature of the amendment.",
        "contradicted_law": "Section 13(d) of the Securities Exchange Act of 1934 and Rule 13d-2",
        "law_citation": "17 CFR § 240.13d-2",
        "law_url1": [
          "https://www.law.cornell.edu/cfr/text/17/240.13d-2"
        ],
        "law_url2": [
          "https://www.sec.gov/Archives/edgar/data/1477763/000119312513137679/d564257dsc13da.htm"
        ],
        "law_explanation": "Rule 13d-2 requires amendments to Schedule 13D to be filed 'promptly' after a material change. A blanket 60-day period may not meet the 'promptly' requirement for certain material changes, thus creating non-compliance.",
        "location": "Paragraph 1",
        "scraped_snippet_1": "aph (b) of this section , file an amendment on Schedule 13G (§ 240.13d-102) within five business days after the end of the first month in which the person's direct or indirect beneficial ownership, computed as of the last day of the month, increases or decreases by more than five percent of the class of equity securities. Once an amendment has been filed reflecting beneficial ownership of five percent or less of the class of securities, no additional filings are required by this paragraph (c). (d) Any person relying on § 240.13d-1(c) that has filed its initial Schedule 13G ( § 240.13d-102 ) pursuant to § 240.13d-1(c) shall, in addition to filing any amendments pursuant to paragraph (b) of this section , file an amendment on Schedule 13G (§ 240.13d-102) within two business days after acquiring, directly or indirectly, greater than 10 percent of a class of equity securities specified in § 240.13d-1(d), and thereafter within two business days after increasing or decreasing its beneficial ownership by more than five percent of the class of equity securities. Once an amendment has been filed reflecting beneficial ownership of five percent or less of the class of securities, no additional filings are required by this paragraph (d). (e) The first electronic amendment to a paper format Schedule 13D ( § 240.13d-101 of this chapter) or Schedule 13G ( § 240.13d-102 of this chapter) shall restate the entire text of the Schedule 13D or 13G, but previously filed paper exhibits to such Schedules are not required to be restated electronically. See Rule 102 of Regulation S-T ( § 232.102 of this chapter) regarding amendments to exhibits previously filed in paper format . Notwithstanding the foregoing, if the sole purpose of filing the first electronic Schedule 13D or 13G amendment is to report a change in beneficial ownership that would terminate the filer's obligation to report, the amendment need not include a restatement of the entire text of the Schedule being amended. Note to § 240.13 d -2: For persons filing a short-form statement pursuant to Rule 13d-1(b) or (c), see also Rules 13d-1(e), (f), and (g). [ 43 FR 18495 , Apr. 28, 1978, as amended at 45 FR 81558 , Dec. 11, 1980; 47 FR 49964 , Nov. 4, 1982; 58 FR 14683 , Mar. 18, 1993; 59 FR 67764 , Dec. 30, 1994; 62 FR 36459 , July 8, 1997; 63 FR 2866 , Jan. 16, 1998; 88 FR 76982 , Nov. 7, 2023] CFR Toolbox Law about... Articles from Wex Table of Popular Names Parallel Table of Authorities",
        "scraped_snippet_2": null,
        "scrape_success": 1
      },
      {
        "type": "Inconsistencies - Legal Contradiction",
        "original_text": "Dated: March 27, 2020.",
        "changed_text": "Dated: March 27, 2010.",
        "explanation": "Changing the date introduces a false representation of the agreement's commencement, which is a violation of securities laws against misrepresentation and manipulation.",
        "contradicted_law": "Section 10(b) of the Securities Exchange Act of 1934 and Rule 10b-5",
        "law_citation": "17 CFR § 240.10b-5",
        "law_url1": [
          "https://www.law.cornell.edu/cfr/text/17/240.10b-5"
        ],
        "law_url2": [
          "https://www.sec.gov/investor/alerts/fraud.pdf"
        ],
        "law_explanation": "Rule 10b-5 prohibits making false or misleading statements in connection with the purchase or sale of securities. Backdating the agreement introduces a false statement regarding its effective date, which could be material to investors and constitutes a violation.",
        "location": "Date",
        "scraped_snippet_1": "17 CFR § 240.10b-5 - Employment of manipulative and deceptive devices. | Electronic Code of Federal Regulations (e-CFR) | US Law | LII / Legal Information Institute Please help us improve our site! × No thank you 17 CFR § 240.10b-5 - Employment of manipulative and deceptive devices. CFR prev | next § 240.10b-5 Employment of manipulative and deceptive devices. It shall be unlawful for any person, directly or indirectly, by the use of any means or instrumentality of interstate commerce, or of the mails or of any facility of any national securities exchange , (a) To employ any device, scheme, or artifice to defraud, (b) To make any untrue statement of a material fact or to omit to state a material fact necessary in order to make the statements made, in the light of the circumstances under which they were made, not misleading, or (c) To engage in any act, practice, or course of business which operates or would operate as a fraud or deceit upon any person, in connection with the purchase or sale of any security . (Sec. 10; 48 Stat. 891 ; 15 U.S.C. 78j ) [ 13 FR 8183 , Dec. 22, 1948, as amended at 16 FR 7928 , Aug. 11, 1951] CFR Toolbox Law about... Articles from Wex Table of Popular Names Parallel Table of Authorities",
        "scraped_snippet_2": null,
        "scrape_success": 1
      }
    ]
  }
]