[
  {
    "file_name": "PREMIERBIOMEDICALINC_05_14_2020-EX-10.2-INTELLECTUALPROPERTYAGREEMENT.txt",
    "perturbation": [
      {
        "type": "Inconsistencies - Legal Contradiction",
        "original_text": "The total sum of non-paid invoices (estimated to be approximately $80,000) payable to Marv Enterprises, LLC, previously owed by Premier to Marv up until the effective date of this Agreement, payable in total by no later than July 20, 2020.",
        "changed_text": "The total sum of non-paid invoices (estimated to be approximately $80,000) payable to Marv Enterprises, LLC, previously owed by Premier to Marv up until the effective date of this Agreement, payable in total at the company's discretion.",
        "explanation": "Changing the due date to \"at the company's discretion\" introduces a legal contradiction as it violates laws requiring timely payment for services rendered.",
        "contradicted_law": "Pennsylvania Wage Payment and Collection Law",
        "law_citation": "43 P.S. § 260.3",
        "law_url1": [
          "https://www.employmentlawhandbook.com/wage-payment-laws/state-wage-payment-laws/pennsylvania/#:~:text=When%20Employment%20Ends,-Pennsylvania%20requires%20that&text=If%20an%20employee%20separates%20from,regular%20payday%20for%20that%20period."
        ],
        "law_url2": [
          "https://www.pacodeandbulletin.gov/secure/pacode/data/034/chapter309/s309.11.html"
        ],
        "law_explanation": "The modified text contradicts 43 P.S. § 260.3, which mandates specific deadlines for wage payments, including final payments upon termination. Replacing the fixed deadline with \"at the company's discretion\" removes the legal obligation for timely payment.",
        "location": "2. (b) 2",
        "scraped_snippet_1": "Pennsylvania Employment Laws 2025 | Labor Laws Guide Skip to content Save time! Get The 2025 Pennsylvania HR Law Reference Guide (Printable PDF) today! Pennsylvania employment laws impact the daily lives of employees and employers in Pennsylvania. Residents of Pennsylvania have many questions that affect them every day regarding employment laws in Pennsylvania from wage and hour laws, hours worked laws, wage payments laws, leave laws, child labor laws, and many more. Also, changes to Pennsylvania laws that affect workers and business can change regularly, so it is important to check regularly if there are any new or changed laws that impact you including Pennsylvania employment and labor laws in 2025. In addition to Pennsylvania employment laws, employer must also comply with federal laws such as the Fair Labor Standards Act (FLSA) , Americans with Disabilities Act (ADA) , Age Discrimination in Employment Act (ADEA) , Family and Medical Leave Act (FMLA) , National Labor Relations Act (NLRA) , Occupational Safety and Health Act (OSHA) , and many other federal laws . And when federal laws are different from state Pennsylvania laws, usually companies must comply with the law that provides their workers the best protection. Below we provide comprehensive information and resources to help you navigate the several different employment laws in Pennsylvania. With the information here and in the pages of this website, your more pressing Pennsylvania employment laws and labor laws questions can be answered to help you make the right decision about you and your employment. Table Of Contents Pennsylvania Employment Laws Resources Wage and Hour Leave Laws Hours Worked Wage Payment Employer Obligations Updated Laws States Employment and Labor Laws Pennsylvania Employment Laws Resources Minimum Wage: $7.25 Overtime: $10.875 Pennsylvania Labor Department Civil Rights Pennsylvania Legislature Required Postings Unemployment Workers’ Compensation Pennsylvania Handbook Download Wage and Hour Pennsylvania employment laws that govern wage and hour laws including: Child Labor Exemptions Minimum Wage Overtime Subminimum Wage Tips/Gratuities Leave Laws Pennsylvania employment laws that govern leave laws including: Bereavement Leave FMLA Holiday Leave Jury Duty Leave Sick Leave State Holidays Vacation Leave Voting Leave Hours Worked Pennsylvania employment laws that govern what hours should be considered hours worked by employees including: Meals and Breaks Meeting Time On-Call Time Sleeping Time Travel Time Waiting Time Workweek Wage Payment Pennsylvania employment laws that govern wage payment laws including: Deductions Direct Deposit Final Payment Pay Frequency Manner of Payments Medical/Drug Tests Severance Pay Stubs Uniforms Wages Disputes Employer Obligations Pennsylvania employment laws that govern certain laws employer notice and safety laws including: Posting Requirements Safety and Health WARN Act Updated Laws Pennsylvania employment laws change every year including: 2024 2023 2022 2021 2020 – Unavailable 2019 – Unavailable 2018 2017 – Unavailable 2016 2015 States Employment and Labor Laws For employers with employees in more than one state or employees who spend time regularly working in multiple states, it is important to know the difference employment and labor laws in those states. Stating on top of the differences will help ensure that they are complying with each state appropriately. Below are links to the employment and labor laws of all states: Alabama Hawaii Massachusetts New Mexico South Dakota Alaska Idaho Michigan New York Tennessee Arizona Illinois Minnesota North Carolina Texas Arkansas Indiana Mississippi North Dakota Utah California Iowa Missouri Ohio Vermont Colorado Kansas Montana Oklahoma Virginia Connecticut Kentucky Nebraska Oregon Washington Delaware Louisiana Nevada Pennsylvania West Virginia District of Columbia Maine New Hampshire Rhode Island Wisconsin Florida Maryland New Jersey South Carolina Wyoming Georgia Search",
        "scraped_snippet_2": null,
        "scrape_success": 1
      },
      {
        "type": "Inconsistencies - Legal Contradiction",
        "original_text": "Within thirty (30) days after the end of each quarterly period ending on March 31st, June 30th, September 30th, or December 31st, commencing with the one-year anniversary of the effective date of this Agreement, THI shall furnish to Marv a statement certified by a responsible official of the Licensee showing in a manner acceptable to Marv: i. all Licensed Products which were sold, leased or put into use during such quarterly period by THI or any of its Related Companies, the gross sales received for the Licensed Products, and the Fair Market Values of such Licensed Products; ii. all services performed by THI or any of its Related Companies that directly or indirectly used Licensed Product, the gross sales received by the services, and the Fair Market Value of such services; 2 iii. the amount of royalty payable thereon, and iv. if no Licensed Product has been so sold, leased or put into use or if no services have been performed, the statement shall show that fact.",
        "changed_text": "Within ninety (90) days after the end of each quarterly period ending on March 31st, June 30th, September 30th, or December 31st, commencing with the one-year anniversary of the effective date of this Agreement, THI shall furnish to Marv a statement certified by a responsible official of the Licensee showing in a manner acceptable to Marv: i. all Licensed Products which were sold, leased or put into use during such quarterly period by THI or any of its Related Companies, the gross sales received for the Licensed Products, and the Fair Market Values of such Licensed Products; ii. all services performed by THI or any of its Related Companies that directly or indirectly used Licensed Product, the gross sales received by the services, and the Fair Market Value of such services; 2 iii. the amount of royalty payable thereon, and iv. if no Licensed Product has been so sold, leased or put into use or if no services have been performed, the statement shall show that fact.",
        "explanation": "Extending the reporting deadline to 90 days may conflict with standard business practices and accounting regulations that require more frequent reporting, especially for publicly traded companies. While there isn't a specific law mandating a 30-day reporting period in all cases, extending it excessively could create issues with financial transparency.",
        "contradicted_law": "Securities Exchange Act of 1934, Rule 13a-13",
        "law_citation": "17 CFR § 240.13a-13",
        "law_url1": [
          "https://www.law.cornell.edu/cfr/text/17/240.13a-13"
        ],
        "law_url2": [
          "https://www.sec.gov/files/rules-enforcement/rules/form-type/13a-13.pdf"
        ],
        "law_explanation": "17 CFR § 240.13a-13 requires quarterly reports to be filed by publicly traded companies. While it doesn't specify an exact number of days, the regulation implies that information should be current. Extending the reporting period to 90 days may make it difficult for the company to meet its obligations under securities law.",
        "location": "2. (b) 3. a.",
        "scraped_snippet_1": "17 CFR § 240.13a-13 - Quarterly reports on Form 10-Q (§ 249.308a of this chapter). | Electronic Code of Federal Regulations (e-CFR) | US Law | LII / Legal Information Institute Please help us improve our site! × No thank you 17 CFR § 240.13a-13 - Quarterly reports on Form 10-Q (§ 249.308a of this chapter). CFR prev | next § 240.13a-13 Quarterly reports on Form 10-Q (§ 249.308a of this chapter). (a) Except as provided in paragraphs (b) and (c) of this section , every issuer that has securities registered pursuant to section 12 of the Act and is required to file annual reports pursuant to section 13 of the Act, and has filed or intends to file such reports on Form 10-K ( § 249.310 of this chapter), shall file a quarterly report on Form 10-Q (§ 249.308a of this chapter) within the period specified in General Instruction A.1. to that form for each of the first three quarters of each fiscal year of the issuer , commencing with the first fiscal quarter following the most recent fiscal year for which full financial statements were included in the registration statement , or, if the registration statement included financial statements for an interim period subsequent to the most recent fiscal year end meeting the requirements of Article 10 of Regulation S-X and Rule 8-03 of Regulation S-X for smaller reporting companies, for the first fiscal quarter subsequent to the quarter reported upon in the registration statement . The first quarterly report of the issuer shall be filed either within 45 days after the effective date of the registration statement or on or before the date on which such report would have been required to be filed if the issuer has been required to file reports on Form 10-Q as of its last fiscal quarter, whichever is later. (b) The provisions of this rule shall not apply to the following issuers: (1) Investment companies required to file reports pursuant to § 270.30a-1 ; (2) Foreign private issuers required to file reports pursuant to § 240.13a-16 ; and (3) Asset-backed issu",
        "scraped_snippet_2": null,
        "scrape_success": 1
      },
      {
        "type": "Inconsistencies - Legal Contradiction",
        "original_text": "Affirmation of payment must be received by Marv within fourteen (14) days of the mailing date of the notice or the THI shall be deemed to have denied payment.",
        "changed_text": "Affirmation of payment must be received by Marv within five (5) days of the mailing date of the notice or the THI shall be deemed to have denied payment.",
        "explanation": "Reducing the affirmation period to 5 days could be considered unreasonable and contradict the principles of good faith and fair dealing, especially if the licensee is located internationally.",
        "contradicted_law": "Uniform Commercial Code § 1-304",
        "law_citation": "UCC § 1-304",
        "law_url1": [
          "https://www.law.cornell.edu/ucc/1/1-304"
        ],
        "law_url2": [
          "https://www.uniformlaws.org/HigherLogic/System/DownloadDocumentFile.ashx?DocumentFileKey=e5c1ca5a-65a5-a288-6ffc-3b5b6a1d972e&forceDialog=0"
        ],
        "law_explanation": "The modified text contradicts UCC § 1-304 because shortening the affirmation period to 5 days may not allow THI a reasonable opportunity to evaluate the IP costs and respond. This could be seen as a breach of the implied covenant of good faith and fair dealing, which requires parties to act honestly and reasonably in the performance and enforcement of contracts.",
        "location": "2. (c) 3.",
        "scraped_snippet_1": "§ 1-304. Obligation of Good Faith. | Uniform Commercial Code | US Law | LII / Legal Information Institute Please help us improve our site! × No thank you § 1-304. Obligation of Good Faith. Every contract or duty within the Uniform Commercial Code imposes an obligation of good faith in its performance and enforcement. Uniform Commercial Code Toolbox About Uniform Laws State Uniform Commercial Codes",
        "scraped_snippet_2": null,
        "scrape_success": 1
      }
    ]
  }
]