[
  {
    "file_name": "ADAMSGOLFINC_03_21_2005-EX-10.17-ENDORSEMENTAGREEMENT.txt",
    "perturbation": [
      {
        "type": "Inconsistencies - Legal Contradiction",
        "original_text": "ADAMS GOLF must exercise its right of termination within ninety (90) days of its senior management becoming aware of the conduct giving rise to the right of termination.",
        "changed_text": "ADAMS GOLF must exercise its right of termination within thirty (30) days of its senior management becoming aware of the conduct giving rise to the right of termination.",
        "explanation": "Reducing the termination window to 30 days from 90 could be deemed unreasonably short depending on the circumstances and jurisdiction, potentially conflicting with principles of fairness and reasonable notice implicit in contract law.",
        "contradicted_law": "Implied Covenant of Good Faith and Fair Dealing",
        "law_citation": "UCC § 1-304",
        "law_url1": [
          "https://www.law.cornell.edu/ucc/1/1-304"
        ],
        "law_url2": [
          "https://uniformlaws.org/HigherLogic/System/DownloadDocumentFile.ashx?DocumentFileKey=e205e964-a67c-4256-a0a3-24d30479d378&forceDialog=0"
        ],
        "law_explanation": "The implied covenant of good faith and fair dealing requires parties to act honestly and reasonably in the performance and enforcement of contracts. A 30-day window for termination after becoming aware of misconduct may be deemed insufficient in some jurisdictions depending on the complexity of the issue and the required investigation, potentially violating this covenant.",
        "location": "12",
        "scraped_snippet_1": "§ 1-304. Obligation of Good Faith. | Uniform Commercial Code | US Law | LII / Legal Information Institute Please help us improve our site! × No thank you § 1-304. Obligation of Good Faith. Every contract or duty within the Uniform Commercial Code imposes an obligation of good faith in its performance and enforcement. Uniform Commercial Code Toolbox About Uniform Laws State Uniform Commercial Codes",
        "scraped_snippet_2": null,
        "scrape_success": 1
      },
      {
        "type": "Inconsistencies - Legal Contradiction",
        "original_text": "Payment shall be made to ADAMS GOLF within one month following the end of the calendar year. For example, if in the calendar year 2005 CONSULTANT achieves a satisfactory record of play in [*****] events, he shall repay ADAMS GOLF [*****] dollars no later than January 31, 2006.",
        "changed_text": "Payment shall be made to ADAMS GOLF within two weeks following the end of the calendar year. For example, if in the calendar year 2005 CONSULTANT achieves a satisfactory record of play in [*****] events, he shall repay ADAMS GOLF [*****] dollars no later than January 14, 2006.",
        "explanation": "Reducing the payment window to two weeks might violate state wage laws if repayment is considered a deduction from potential earnings and the shortened period does not allow sufficient time for accurate calculation and processing.",
        "contradicted_law": "Kansas Wage Payment Act",
        "law_citation": "K.S.A. 44-315",
        "law_url1": [
          "http://www.kslegislature.org/li_2024/b2023_24/statute/044_000_0000_chapter/044_031_0000_article/044_031_0015_section/044_031_0015_k"
        ],
        "law_url2": [
          "https://labor.ks.gov/wp-content/uploads/2023/07/KWP-Act-Brochure-7-6-23-1.pdf"
        ],
        "law_explanation": "The Kansas Wage Payment Act dictates how and when employees (or consultants in this case if considered analogous) must be paid. While this specifically refers to final payments upon termination, broadly reducing the payment timeframe for any compensation-related repayment to only two weeks may present practical problems for ADAMS GOLF to compute the amount, therefore increasing the risk of violations related to proper and timely payment of compensation.",
        "location": "8B",
        "scraped_snippet_1": null,
        "scraped_snippet_2": null,
        "scrape_success": 0
      },
      {
        "type": "Inconsistencies - Legal Contradiction",
        "original_text": "CONSULTANT disapproves, the reasons therefore shall be given to ADAMS GOLF in writing within three (3) business days or shall be deemed approved.",
        "changed_text": "CONSULTANT disapproves, the reasons therefore shall be given to ADAMS GOLF in writing within one (1) business day or shall be deemed approved.",
        "explanation": "Reducing the approval timeframe to one business day may not provide sufficient time for the consultant to adequately review advertising material, especially complex campaigns, and could violate the implied covenant of good faith and fair dealing.",
        "contradicted_law": "Implied Covenant of Good Faith and Fair Dealing",
        "law_citation": "UCC § 1-304",
        "law_url1": [
          "https://www.law.cornell.edu/ucc/1/1-304"
        ],
        "law_url2": [
          "https://uniformlaws.org/HigherLogic/System/DownloadDocumentFile.ashx?DocumentFileKey=e205e964-a67c-4256-a0a3-24d30479d378&forceDialog=0"
        ],
        "law_explanation": "The implied covenant of good faith and fair dealing requires both parties to act reasonably. Reducing the review period to only one business day for advertising approval may be viewed as unreasonable and not providing adequate time for a thoughtful response, potentially conflicting with the requirement of good faith.",
        "location": "20",
        "scraped_snippet_1": "§ 1-304. Obligation of Good Faith. | Uniform Commercial Code | US Law | LII / Legal Information Institute Please help us improve our site! × No thank you § 1-304. Obligation of Good Faith. Every contract or duty within the Uniform Commercial Code imposes an obligation of good faith in its performance and enforcement. Uniform Commercial Code Toolbox About Uniform Laws State Uniform Commercial Codes",
        "scraped_snippet_2": null,
        "scrape_success": 1
      }
    ]
  }
]