[
  {
    "file_name": "SIBANNAC,INC_12_04_2017-EX-2.1-StrategicAllianceAgreement.txt",
    "perturbation": [
      {
        "type": "Inconsistencies - Legal Contradiction",
        "original_text": "For any Product or Solution sold to any perspective clients introduced by Bravatek registered with COMPANY via email to COMPANY's CEO and delivered through Bravatek or a COMPANY-designated distribution affiliate(s) or sales channel(s), Bravatek will receive a lead-finder fee, to be mutually discussed and finally decided by COMPANY at the range of minimum of 10% to maximum of 20% of project revenue, with an exact fee to be depending upon the overall project sales margin and cost of development and delivery of each project, payable NET 30 days after each client payment on delivered products received at COMPANY's bank account.",
        "changed_text": "For any Product or Solution sold to any perspective clients introduced by Bravatek registered with COMPANY via email to COMPANY's CEO and delivered through Bravatek or a COMPANY-designated distribution affiliate(s) or sales channel(s), Bravatek will receive a lead-finder fee, to be mutually discussed and finally decided by COMPANY at the range of minimum of 10% to maximum of 20% of project revenue, with an exact fee to be depending upon the overall project sales margin and cost of development and delivery of each project, payable NET 90 days after each client payment on delivered products received at COMPANY's bank account.",
        "explanation": "Changing the payment term from NET 30 to NET 90 could violate prompt payment laws in some states if the company is a small business. Given this contract applies in Texas, we need to determine if this change violates Texas prompt payment laws.",
        "contradicted_law": "Texas Prompt Payment Act",
        "law_citation": "Texas Business and Commerce Code § 28.004",
        "law_url1": [
          "https://statutes.capitol.texas.gov/Docs/BC/htm/BC.28.htm"
        ],
        "law_url2": [
          "https://www.comptroller.texas.gov/taxes/prompt-payment/"
        ],
        "law_explanation": "Texas Business and Commerce Code § 28.004 states that payments to small businesses must be made within 30 days of receipt of the invoice. While this contract is between two corporations and it's not explicitly stated that Bravatek is a small business, making the payment term 90 days violates the general spirit and potentially the letter of the law regarding prompt payments to small businesses. It increases the risk of a dispute under the Texas Prompt Payment Act.",
        "location": "Section 4",
        "scraped_snippet_1": null,
        "scraped_snippet_2": null,
        "scrape_success": 0
      },
      {
        "type": "Inconsistencies - Legal Contradiction",
        "original_text": "The term of this Agreement is twelve (12) months from the date hereof, and will be automatically renewed for one (1) additional twelve month period unless either party shall notify the other in writing of its intention not to renew. Such notice must be given ninety (90) days prior to expiration of the original term.",
        "changed_text": "The term of this Agreement is twelve (12) months from the date hereof, and will be automatically renewed for one (1) additional twelve month period unless either party shall notify the other in writing of its intention not to renew. Such notice must be given thirty (30) days prior to expiration of the original term.",
        "explanation": "Reducing the non-renewal notice period from 90 days to 30 days might be considered unreasonable under Texas law, especially if it disadvantages one party significantly.",
        "contradicted_law": "Texas contract law principle of 'Reasonable Notice'",
        "law_citation": "Texas Jurisprudence 3d, Contracts § 242",
        "law_url1": [
          "https://law.justia.com/codes/texas/business-and-commerce-code/title-2/chapter-2/section-2-309/"
        ],
        "law_url2": [
          "https://casetext.com/statute/texas-statutes/business-and-commerce-code/title-2-sales/chapter-2-sales/section-2309-absence-of-specific-time-provisions-notice-of-termination"
        ],
        "law_explanation": "While not a specific statute, Texas contract law requires reasonable notice for termination or non-renewal of contracts. Changing the notice period to 30 days, when a 90-day notice was initially agreed upon, is much less favorable for the party that does not wish to automatically renew and creates a scenario where a party has less time to make arrangements. A court could find that 30 days' notice is insufficient and therefore unreasonable under the circumstances. The Business and Commerce Code Section 2.309 speaks to absence of specific time provisions. Here the time provision has changed, but this law explains the principle in general.",
        "location": "Section 7",
        "scraped_snippet_1": null,
        "scraped_snippet_2": null,
        "scrape_success": 0
      },
      {
        "type": "Inconsistencies - Legal Contradiction",
        "original_text": "For a period of five (5) years after termination of this Agreement, the parties shall treat as confidential all information and take every reasonable precaution and use all reasonable efforts to prevent the unauthorized disclosure of the same.",
        "changed_text": "For a period of one (1) year after termination of this Agreement, the parties shall treat as confidential all information and take every reasonable precaution and use all reasonable efforts to prevent the unauthorized disclosure of the same.",
        "explanation": "Reducing the confidentiality period from five years to one year may be insufficient to protect trade secrets under Texas law, especially if the information has a longer commercial value or lifespan.",
        "contradicted_law": "Texas Uniform Trade Secrets Act (TUTSA)",
        "law_citation": "Texas Civil Practice & Remedies Code § 134A.002",
        "law_url1": [
          "https://statutes.capitol.texas.gov/Docs/CP/htm/CP.134A.htm"
        ],
        "law_url2": [
          "https://www.jordanramis.com/wp-content/uploads/2023/09/Protecting-Confidential-Business-Information-Under-the-Texas-Uniform-Trade-Secrets-Act.pdf"
        ],
        "law_explanation": "Texas Civil Practice & Remedies Code § 134A.002 defines misappropriation of trade secrets. While TUTSA doesn't specify a required confidentiality period, reducing it to one year significantly increases the risk of trade secret misappropriation if the confidential information retains commercial value beyond that period. A one-year term might be deemed inadequate protection, leading to potential legal disputes if confidential information is disclosed after that period and causes harm. The determination of adequate time for protection falls into what would be considered reasonable. While this period of time might be valid, it depends on what constitutes a company trade secret. The second URL is to a document related to trade secret protection in Texas, as it is difficult to find an official document specifically stating the need for a certain amount of time to protect trade secrets. ",
        "location": "Section 6",
        "scraped_snippet_1": "ï»¿ CIVIL PRACTICE AND REMEDIES CODE CHAPTER 134A. TRADE SECRETS CIVIL PRACTICE AND REMEDIES CODE TITLE 6. MISCELLANEOUS PROVISIONS CHAPTER 134A. TRADE SECRETS Sec. 134A.001. SHORT TITLE. This chapter may be cited as the Texas Uniform Trade Secrets Act. Added by Acts 2013, 83rd Leg., R.S., Ch. 10 (S.B. 953 ), Sec. 1, eff. September 1, 2013. Sec. 134A.002. DEFINITIONS. In this chapter: (1) \"Claimant\" means a party seeking to recover damages under this chapter, including a plaintiff, counterclaimant, cross-claimant, or third-party plaintiff. In an action in which a party seeks recovery of damages under this chapter on behalf of another person, \"claimant\" includes both that other person and the party seeking recovery of damages. (1-a) \"Clear and convincing\" means the measure or degree of proof that will produce in the mind of the trier of fact a firm belief or conviction as to the truth of the allegations sought to be established. (2) \"Improper means\" includes theft, bribery, misrepresentation, breach or inducement of a breach of a duty to maintain secrecy, to limit use, or to prohibit discovery of a trade secret, or espionage through electronic or other means. (3) \"Misappropriation\" means: (A) acquisition of a trade secret of another by a person who knows or has reason to know that the trade secret was acquired by improper means; or (B) disclosure or use of a trade secret of another without express or implied consent by a person who: (i) used improper means to acquire knowledge of the trade secret; (ii) at the time of disclosure or use, knew or had reason to know that the person's knowledge of the trade secret was: (a) derived from or through a person who used improper means to acquire the trade secret; (b) acquired under circumstances giving rise to a duty to maintain the secrecy of or limit the use of the trade secret; or (c) derived from or through a person who owed a duty to the person seeking relief to maintain the secrecy of or limit the use of the trade secret; or (iii) before a material change of the position of the person, knew or had reason to know that the trade secret was a trade secret and that knowledge of the trade secret had been acquired by accident or mistake. (3-a) \"Owner\" means, with respect to a trade secret, the person or entity in whom or in which rightful, legal, or equitable title to, or the ",
        "scraped_snippet_2": null,
        "scrape_success": 1
      }
    ]
  }
]