[
  {
    "file_name": "DOMINIADVISORTRUST_02_18_2005-EX-99.(H)(2)-SPONSORSHIPAGREEMENT.txt",
    "perturbation": [
      {
        "type": "Inconsistencies - Legal Contradiction",
        "original_text": "This Agreement may be terminated at any time, without the payment of any penalty, with respect to any series or the Trust, by the Board of Trustees of the Trust, or by the Sponsor, in each case on not less than 60 days' written notice to the other party.",
        "changed_text": "This Agreement may be terminated at any time, without the payment of any penalty, with respect to any series or the Trust, by the Board of Trustees of the Trust, or by the Sponsor, in each case on not less than 10 days' written notice to the other party.",
        "explanation": "Reducing the termination notice period to 10 days may violate regulations requiring longer notice periods for contract terminations, particularly in contexts involving significant financial services agreements.",
        "contradicted_law": "Investment Company Act of 1940, Section 15(a)(4)",
        "law_citation": "15 U.S. Code § 80a-15(a)(4)",
        "law_url1": [
          "https://uscode.house.gov/view.xhtml?req=granuleid%3AUSC-prelim-title15-section80a-15&edition=prelim"
        ],
        "law_url2": [
          "https://www.law.cornell.edu/topn/investment_company_act_of_1940"
        ],
        "law_explanation": "Section 15(a)(4) of the Investment Company Act of 1940 requires that investment advisory contracts (which this sponsorship agreement effectively functions as) continue in effect for a period more than two years from its date only so long as such continuance is specifically approved at least annually by the board of directors or by vote of a majority of the outstanding voting securities of such company. A 10-day termination clause makes such continuance impossible as it permits termination without regard to this approval requirement.",
        "location": "Section 6",
        "scraped_snippet_1": "15 USC 80a-15: Contracts of advisers and underwriters Result 1 of 1 Current 2024 Main Ed. (1/6/2025) [Titles 1 through 6] 2018 Ed. and Supplement V (1/3/2024) 2018 Ed. and Supplement IV (1/5/2023) 2018 Ed. and Supplement III (1/3/2022) 2018 Ed. and Supplement II (1/13/2021) 2018 Ed. and Supplement I (1/24/2020) 2018 Main Ed. (1/14/2019) 2012 Ed. and Supplement V (1/12/2018) 2012 Ed. and Supplement IV (1/6/2017) 2012 Ed. and Supplement III (1/3/2016) 2012 Ed. and Supplement II (1/5/2015) 2012 Ed. and Supplement I (1/16/2014) 2012 Main Ed. (1/15/2013) 2006 Ed. and Supplement V (1/3/2012) 2006 Ed. and Supplement IV (1/7/2011) 2006 Ed. and Supplement III (2/1/2010) 2006 Ed. and Supplement II (1/5/2009) 2006 Ed. and Supplement I (1/8/2008) 2006 Main Ed. (1/3/2007) 2000 Ed. and Supplement V (1/2/2006) 2000 Ed. and Supplement IV (1/3/2005) 2000 Ed. and Supplement III (1/19/2004) 2000 Ed. and Supplement II (1/6/2003) 2000 Ed. and Supplement I (1/22/2002) 2000 Main Ed. (1/2/2001) 1994 Ed. and Supplement V (1/23/2000) 1994 Ed. and Supplement IV (1/5/1999) 1994 Ed. and Supplement III (1/26/1998) 1994 Ed. and Supplement II (1/6/1997) 1994 Ed. and Supplement I (1/16/1996) 1994 Main Ed. (1/4/1995) Back to Original Document << Previous TITLE 15 / CHAPTER 2D / SUBCHAPTER I / § 80a-15 Next >> [Print] [Print selection] [OLRC Home] Help 15 USC 80a-15 : Contracts of advisers and underwriters Text contains those laws in effect on April 16, 2025 From Title 15-COMMERCE AND TRADE CHAPTER 2D-INVESTMENT COMPANIES AND ADVISERS SUBCHAPTER I-INVESTMENT COMPANIES Jump To: Source Credit Miscellaneous Amendments Effective Date §80a–15. Contracts of advisers and underwriters (a) Written contract to serve or act as investment adviser; contents It shall be unlawful for any person to serve or act as investment adviser of a registered investment company, except pursuant to a written contract, which contract, whether with such registered company or with an investment adviser of such registered company, ha",
        "scraped_snippet_2": "TOPN: Investment Company Act of 1940 | TOPN: Table of Popular Names | US Law | LII / Legal Information Institute Please help us improve our site! × No thank you TOPN: Table of Popular Names 0-9 | A | B | C | D | E | F | G | H | I | J | K | L | M | N | O | P | Q | R | S | T | U | V | W | X | Y | Z Investment Company Act of 1940 1940-08-22, ch. 686, title I, 54 Stat. 789 title I An act may refer to only a portion of a Public Law. The tables below are for the entire Public Law. Pub. L. Section Status USC Title USC Section Authorizes 1 15 80a-1 17 CFR 270 2 15 80a-2 17 CFR 239 , 270 3 15 80a-3 17 CFR 239 , 270 4 15 80a-4 17 CFR 270 5 15 80a-5 17 CFR 270 6 15 80a-6 17 CFR 232 , 270 7 15 80a-7 17 CFR 270 8 15 80a-8 17 CFR 200 , 201 , 210 , 211 , 229 , 230 , 232 , 239 , 270 , 274 9 15 80a-9 17 CFR 201 , 209 , 229 , 239 , 270 10 15 80a-10 17 CFR 239 , 270 11 15 80a-11 17 CFR 270 12 15 80a-12 17 CFR 270 13 15 80a-13 17 CFR 239 , 270 14 15 80a-14 17 CFR 270 15 15 80a-15 17 CFR 270 16 15 80a-16 17 CFR 270 17 15 80a-17 17 CFR 270 18 15 80a-18 17 CFR 270 19 15 80a-19 17 CFR 270 20 15 80a-20 17 CFR 200 , 210 , 229 , 240 , 270 21 15 80a-21 17 CFR 270 22 15 80a-22 17 CFR 270 23 15 80a-23 17 CFR 240 , 242 , 270 24 15 80a-24 17 CFR 200 , 230 , 239 , 270 , 274 25 15 80a-25 17 CFR 270 26 15 80a-26 17 CFR 239 , 270 , 274 27 15 80a-27 17 CFR 270 28 15 80a-28 17 CFR 230 , 270 29(a) Rev. T. 11 107 29(b) Rev. T. 11 72 30 15 80a-29 17 CFR 200 , 210 , 211 , 229 , 230 , 232 , 239 , 240 , 242 , 243 , 244 , 249 , 270 , 274 31 15 80a-30 17 CFR 210 , 211 , 229 , 230 , 232 , 239 , 248 , 270 32 15 80a-31 17 CFR 210 , 229 , 270 33 15 80a-32 17 CFR 270 34 15 80a-33 17 CFR 270 35 15 80a-34 17 CFR 270 36 15 80a-35 17 CFR 270 37 15 80a-36 17 CFR 270 38 15 80a-37 5 CFR 4401 39 15 80a-38 17 CFR 201 , 205 , 209 , 229 , 270 40 15 80a-39 17 CFR 201 , 209 , 229 , 270 41 15 80a-40 17 CFR 201 , 209 , 270 42 15 80a-41 17 CFR 200 , 201 , 202 , 209 , 270 43 15 80a-42 17 CFR 270 44 15 80a-43 17 CFR 270 45 15 80a-44 17 CFR 200 , 201 , 209 , 270 46 15 80a-45 17 CFR 270 47 15 80a-46 17 CFR 270 48 15 80a-47 17 CFR 270 49 15 80a-48 17 CFR 270 50 15 80a-49 17 CFR 270 51 15 80a-50 17 CFR 270 52 15 80a-51 17 CFR 270 53 15 80a-52 17 CFR 270 54 15 80a-53 17 CFR 270 55 15 80a-54 17 CFR 270 56 15 80a-55 17 CFR 270 57 15 80a-56 17 CFR 270 58 15 80a-57 17 CFR 270 59 15 80a-58 17 CFR 270 60 15 80a-59 17 CFR 270 61 15 80a-60 17 CFR 270 62 15 80a-61 17 CFR 270 63 15 80a-62 17 CFR 270 64 15 80a-63 17 CFR 270 65 15 80a-64 17 CFR 270 201 15 80b-1 17 CFR 279 202 15 ",
        "scrape_success": 2
      },
      {
        "type": "Inconsistencies - Legal Contradiction",
        "original_text": "For the services to be rendered and facilities to be provided by the Sponsor hereunder, the Trust shall pay Domini a fee accrued daily and payable monthly at an annual rate equal to 0.50% of the Trust's average daily net assets for the Trust's then current fiscal year.",
        "changed_text": "For the services to be rendered and facilities to be provided by the Sponsor hereunder, the Trust shall pay Domini a fee accrued daily and payable quarterly in arrears at an annual rate equal to 0.50% of the Trust's average daily net assets for the Trust's then current fiscal year.",
        "explanation": "Changing the payment frequency to quarterly introduces potential conflicts with requirements for timely payment in financial contracts.",
        "contradicted_law": "Massachusetts Wage Act, M.G.L. c. 149, §§ 148",
        "law_citation": "M.G.L. c. 149, §§ 148",
        "law_url1": [
          "https://malegislature.gov/Laws/GeneralLaws/PartI/TitleXXI/Chapter149/Section148"
        ],
        "law_url2": [
          "https://www.mass.gov/guides/massachusetts-wage-and-hour-laws"
        ],
        "law_explanation": "While this is not a wage agreement, changing payment from monthly to quarterly could lead to a violation of similar requirements of the Massachusetts Wage Act, M.G.L. c. 149, § 148, for timely and regular payments, if this is construed as a service agreement, because it provides a less frequent schedule of payments.",
        "location": "Section 3",
        "scraped_snippet_1": "General Law - Part I, Title XXI, Chapter 149, Section 148 Skip to Content General Laws Part I ADMINISTRATION OF THE GOVERNMENT Title XXI LABOR AND INDUSTRIES Chapter 149 LABOR AND INDUSTRIES Section 148 Payment of wages; commissions; exemption by contract; persons deemed employers; provision for cashing check or draft; violation of statute Section 148 Search Search the Legislature Search General Laws Go Directly to a General Law Chapter Section Go to General Law Skip to Content Print Page Prev ious Next Section 148: Payment of wages; commissions; exemption by contract; persons deemed employers; provision for cashing check or draft; violation of statute Section 148. Every person having employees in his service shall pay weekly or bi-weekly each such employee the wages earned by him to within six days of the termination of the pay period during which the wages were earned if employed for five or six days in a calendar week, or to within seven days of the termination of the pay period during which the wages were earned if such employee is employed seven days in a calendar week, or in the case of an employee who has worked for a period of less than five days, hereinafter called a casual employee, shall, within seven days after the termination of such period, pay the wages earned by such casual employee during such period, but any employee leaving his employment shall be paid in full on the following regular pay day, and, in the absence of a regular pay day, on the following Saturday; and any employee discharged from such employment shall be paid in full on the day of his discharge, or in Boston as soon as the laws requiring pay rolls, bills and accounts to be certified shall have been complied with; and the commonwealth, its departments, officers, boards and commissions shall so pay every mechanic, workman and laborer employed by it or them, and every person employed in any other capacity by it or them in any penal or charitable institution, and every county and city shall so pay every employee engaged in its business the wag",
        "scraped_snippet_2": null,
        "scrape_success": 1
      },
      {
        "type": "Inconsistencies - Legal Contradiction",
        "original_text": "Notwithstanding the foregoing, the Sponsor shall not be deemed to have assumed, pursuant to this Agreement, any duties with respect to, and shall not be responsible for, the management of the Trust's assets or the rendering of investment advice and supervision with respect thereto or the distribution of shares of any series, nor shall the Sponsor be deemed to have assumed or have any responsibility with respect to functions specifically assumed by any transfer agent, custodian, fund accounting pricing agent or shareholder servicing agent of the Trust.",
        "changed_text": "Notwithstanding the foregoing, the Sponsor shall not be deemed to have assumed, pursuant to this Agreement, any duties with respect to, and shall not be responsible for, the management of the Trust's assets, however, the sponsor shall be responsible for rendering of investment advice and supervision with respect thereto or the distribution of shares of any series, nor shall the Sponsor be deemed to have assumed or have any responsibility with respect to functions specifically assumed by any transfer agent, custodian, fund accounting pricing agent or shareholder servicing agent of the Trust.",
        "explanation": "Making the Sponsor now responsible for rendering investment advice creates a potential contradiction. The Investment Advisers Act of 1940 imposes specific registration and compliance requirements on investment advisors. If the Sponsor now provides investment advice without proper registration, this section will directly violate law.",
        "contradicted_law": "Investment Advisers Act of 1940, Section 203(a)",
        "law_citation": "15 U.S.C. § 80b-3(a)",
        "law_url1": [
          "https://uscode.house.gov/view.xhtml?req=granuleid%3AUSC-prelim-title15-section80b-3&edition=prelim"
        ],
        "law_url2": [
          "https://www.sec.gov/investment/advisersactof1940"
        ],
        "law_explanation": "Section 203(a) of the Investment Advisers Act of 1940 makes it unlawful for any investment advisor to make use of the mails or any means or instrumentality of interstate commerce in connection with his or its business as an investment advisor, unless such investment advisor is registered under section 203. Rendering investment advice without registering first breaks this rule.",
        "location": "Section 1",
        "scraped_snippet_1": "15 USC 80b-3: Registration of investment advisers Result 1 of 1 Current 2024 Main Ed. (1/6/2025) [Titles 1 through 6] 2018 Ed. and Supplement V (1/3/2024) 2018 Ed. and Supplement IV (1/5/2023) 2018 Ed. and Supplement III (1/3/2022) 2018 Ed. and Supplement II (1/13/2021) 2018 Ed. and Supplement I (1/24/2020) 2018 Main Ed. (1/14/2019) 2012 Ed. and Supplement V (1/12/2018) 2012 Ed. and Supplement IV (1/6/2017) 2012 Ed. and Supplement III (1/3/2016) 2012 Ed. and Supplement II (1/5/2015) 2012 Ed. and Supplement I (1/16/2014) 2012 Main Ed. (1/15/2013) 2006 Ed. and Supplement V (1/3/2012) 2006 Ed. and Supplement IV (1/7/2011) 2006 Ed. and Supplement III (2/1/2010) 2006 Ed. and Supplement II (1/5/2009) 2006 Ed. and Supplement I (1/8/2008) 2006 Main Ed. (1/3/2007) 2000 Ed. and Supplement V (1/2/2006) 2000 Ed. and Supplement IV (1/3/2005) 2000 Ed. and Supplement III (1/19/2004) 2000 Ed. and Supplement II (1/6/2003) 2000 Ed. and Supplement I (1/22/2002) 2000 Main Ed. (1/2/2001) 1994 Ed. and Supplement V (1/23/2000) 1994 Ed. and Supplement IV (1/5/1999) 1994 Ed. and Supplement III (1/26/1998) 1994 Ed. and Supplement II (1/6/1997) 1994 Ed. and Supplement I (1/16/1996) 1994 Main Ed. (1/4/1995) Back to Original Document << Previous TITLE 15 / CHAPTER 2D / SUBCHAPTER II / § 80b-3 Next >> [Print] [Print selection] [OLRC Home] Help 15 USC 80b-3 : Registration of investment advisers Text contains those laws in effect on April 16, 2025 From Title 15-COMMERCE AND TRADE CHAPTER 2D-INVESTMENT COMPANIES AND ADVISERS SUBCHAPTER II-INVESTMENT ADVISERS Jump To: Source Credit Miscellaneous References In Text Amendments Effective Date §80b–3. Registration of investment advisers (a) Necessity of registration Except as provided in subsection (b) and section 80b–3a of this title , it shall be unlawful for any investment adviser, unless registered under this section, to make use of the mails or any means or instrumentality of interstate commerce in connection with his or its business as an investment",
        "scraped_snippet_2": null,
        "scrape_success": 1
      }
    ]
  }
]