[
  {
    "file_name": "PfHospitalityGroupInc_20150923_10-12G_EX-10.1_9266710_EX-10.1_FranchiseAgreement3.txt",
    "perturbation": [
      {
        "type": "Inconsistencies - Legal Contradiction",
        "original_text": "(d) As used in this Agreement, the term \"Post-Term Period\" shall mean a continuous uninterrupted period of two (2) years from the date of: (a) a transfer permitted under Section 14 of the Franchise Agreement; (b) expiration or termination of the Franchise Agreement (regardless of the cause for termination); (c) termination of Member's employment with Franchisee; and/or (d) a final order of a duly authorized arbitrator, panel of arbitrators, or a court of competent jurisdiction (after all appeals have been taken) with respect to any of the foregoing or with respect to the enforcement of this Agreement; either directly or indirectly (through, on behalf of, or in conjunction with any persons, partnership, corporation or entity).",
        "changed_text": "(d) As used in this Agreement, the term \"Post-Term Period\" shall mean a continuous uninterrupted period of five (5) years from the date of: (a) a transfer permitted under Section 14 of the Franchise Agreement; (b) expiration or termination of the Franchise Agreement (regardless of the cause for termination); (c) termination of Member's employment with Franchisee; and/or (d) a final order of a duly authorized arbitrator, panel of arbitrators, or a court of competent jurisdiction (after all appeals have been taken) with respect to any of the foregoing or with respect to the enforcement of this Agreement; either directly or indirectly (through, on behalf of, or in conjunction with any persons, partnership, corporation or entity).",
        "explanation": "Increasing the non-compete period to five years may be considered unreasonable and unenforceable under California law, especially without specific justification related to trade secrets or confidential information. California law highly disfavors non-compete agreements.",
        "contradicted_law": "California Business and Professions Code Section 16600",
        "law_citation": "Cal. Bus. & Prof. Code § 16600",
        "law_url1": [
          "https://leginfo.legislature.ca.gov/faces/codes_displaySection.xhtml?lawCode=BPC&sectionNum=16600"
        ],
        "law_url2": [
          "https://law.justia.com/codes/california/2022/code-bpc/division-7/part-4/chapter-1/section-16600/"
        ],
        "law_explanation": "California Business and Professions Code Section 16600 generally invalidates non-compete agreements. While narrow exceptions exist (e.g., sale of a business), a blanket 5-year non-compete is likely overbroad and unenforceable in California, especially considering the lack of explicit justification. The original two year non-compete may also be unenforceable but a five year term is significantly more suspect.",
        "location": "2(d)",
        "scraped_snippet_1": "California Code, BPC 16600 skip to content home accessibility FAQ feedback sitemap login x Quick Search: Bill Number Bill Keyword Home Bill Information California Law Publications Other Resources My Subscriptions My Favorites California Law >> >> Code Section Code Section Code: Select Code CONS BPC CIV CCP COM CORP EDC ELEC EVID FAM FIN FGC FAC GOV HNC HSC INS LAB MVC PEN PROB PCC PRC PUC RTC SHC UIC VEH WAT WIC Article: Section: Code: Select Code All BPC CIV CCP COM CORP EDC ELEC EVID FAM FIN FGC FAC GOV HNC HSC INS LAB MVC PEN PROB PCC PRC PUC RTC SHC UIC VEH WAT WIC Section: Keyword(s): Code Search Text Search Up^ << Previous Next >> cross-reference chaptered bills PDF | Add To My Favorites Search Phrase: Code Text Business and Professions Code - BPC DIVISION 7. GENERAL BUSINESS REGULATIONS [16000 - 18107] ( Division 7 added by Stats. 1941, Ch. 61. ) PART 2. PRESERVATION AND REGULATION OF COMPETITION [16600 - 17365] ( Part 2 added by Stats. 1941, Ch. 526. ) CHAPTER 1. Contracts in Restraint of Trade [16600 - 16607] ( Chapter 1 added by Stats. 1941, Ch. 526. ) 16600. (a) Except as provided in this chapter, every contract by which anyone is restrained from engaging in a lawful profession, trade, or business of any kind is to that extent void. (b) (1) This section shall be read broadly, in accordance with Edwards v. Arthur Andersen LLP (2008) 44 Cal.4th 937, to void the application of any noncompete agreement in an employment context, or any noncompete clause in an employment contract, no matter how narrowly tailored, that does not satisfy an exception in this chapter. (2) This subdivision does not constitute a change in, but is declaratory of, existing law. (c) This section shall not be limited to contracts where the person being restrained from engaging in a lawful profession, trade, or business is a party to the contract. (Amended by Stats. 2023, Ch. 828, Sec. 1. (AB 1076) Effective January 1, 2024.)",
        "scraped_snippet_2": null,
        "scrape_success": 1
      },
      {
        "type": "Inconsistencies - Legal Contradiction",
        "original_text": "Member shall not, during the term of the Franchise Agreement or thereafter, communicate, divulge or use, for any purpose other than the operation of the Franchised Business, any confidential information, knowledge, trade secrets or know-how which may be communicated to Member or which Member may learn by virtue of Member's relationship with Franchisee. All information, knowledge and know-how relating to Franchisor, its business plans, Franchised Businesses, or the System (\"Confidential Information\") is deemed confidential, except for information that Member can demonstrate came to Member's attention by lawful means prior to disclosure to Member; or which, at the time of the disclosure to Member, had become a part of the public domain.",
        "changed_text": "Member shall not, during the term of the Franchise Agreement, communicate, divulge or use, for any purpose other than the operation of the Franchised Business, any confidential information, knowledge, trade secrets or know-how which may be communicated to Member or which Member may learn by virtue of Member's relationship with Franchisee. All information, knowledge and know-how relating to Franchisor, its business plans, Franchised Businesses, or the System (\"Confidential Information\") is deemed confidential, except for information that Member can demonstrate came to Member's attention by lawful means prior to disclosure to Member; or which, at the time of the disclosure to Member, had become a part of the public domain.",
        "explanation": "Removing the phrase \"or thereafter\" limits the confidentiality obligation to only during the term of the Franchise Agreement. This could conflict with the inevitable disclosure doctrine or trade secret laws, which often protect confidential information even after employment ends, especially in states like California.",
        "contradicted_law": "California Uniform Trade Secrets Act (CUTSA)",
        "law_citation": "Cal. Civ. Code § 3426",
        "law_url1": [
          "https://leginfo.legislature.ca.gov/faces/codes_displaySection.xhtml?lawCode=CIV&sectionNum=3426"
        ],
        "law_url2": [
          "https://casetext.com/statute/california-codes/california-civil-code/part-4-miscellaneous-provisions/title-5-uniform-trade-secrets-act/section-3426-action-for-misappropriation-injunction"
        ],
        "law_explanation": "The California Uniform Trade Secrets Act (CUTSA) provides protection for trade secrets. Removing the 'thereafter' clause could be interpreted as a waiver of rights to protect trade secrets after the franchise agreement term, potentially conflicting with CUTSA's intent to prevent misappropriation of trade secrets even after a relationship ends. By only restricting confidentiality 'during the term,' the contract is in conflict with the post-term protections afforded by CUTSA.",
        "location": "1",
        "scraped_snippet_1": "California Code, CIV 3426 skip to content home accessibility FAQ feedback sitemap login x Quick Search: Bill Number Bill Keyword Home Bill Information California Law Publications Other Resources My Subscriptions My Favorites California Law >> >> Code Section Code Section Code: Select Code CONS BPC CIV CCP COM CORP EDC ELEC EVID FAM FIN FGC FAC GOV HNC HSC INS LAB MVC PEN PROB PCC PRC PUC RTC SHC UIC VEH WAT WIC Article: Section: Code: Select Code All BPC CIV CCP COM CORP EDC ELEC EVID FAM FIN FGC FAC GOV HNC HSC INS LAB MVC PEN PROB PCC PRC PUC RTC SHC UIC VEH WAT WIC Section: Keyword(s): Code Search Text Search Up^ << Previous Next >> cross-reference chaptered bills PDF | Add To My Favorites Search Phrase: Code Text Civil Code - CIV DIVISION 4. GENERAL PROVISIONS [3274 - 9566] ( Heading of Division 4 amended by Stats. 1988, Ch. 160, Sec. 16. ) PART 1. RELIEF [3274 - 3428] ( Part 1 enacted 1872. ) TITLE 5. UNIFORM TRADE SECRETS ACT [3426 - 3426.11] ( Title 5 added by Stats. 1984, Ch. 1724, Sec. 1. ) 3426. This title may be cited as the Uniform Trade Secrets Act. (Added by Stats. 1984, Ch. 1724, Sec. 1.)",
        "scraped_snippet_2": null,
        "scrape_success": 1
      },
      {
        "type": "Inconsistencies - Legal Contradiction",
        "original_text": "Member acknowledges that any failure to comply with the requirements of this Agreement will cause Franchisor irreparable injury, and Member agrees to pay all court costs and reasonable attorney's fees incurred by Franchisor in obtaining specific performance of, or an injunction against violation of, the requirements of this Agreement.",
        "changed_text": "Member acknowledges that any failure to comply with the requirements of this Agreement will cause Franchisor irreparable injury, and Member agrees to pay all court costs and attorney's fees, regardless of reasonableness, incurred by Franchisor in obtaining specific performance of, or an injunction against violation of, the requirements of this Agreement.",
        "explanation": "Removing the term 'reasonable' from 'attorney's fees' and stating 'regardless of reasonableness' attempts to circumvent the court's oversight regarding the fairness and justification of attorney's fees awarded. Courts typically review attorney's fees to ensure they are reasonable and proportionate, and this clause attempts to prevent such a review.",
        "contradicted_law": "California Code of Civil Procedure Section 1033.5(c)(1)",
        "law_citation": "Cal. Code Civ. Proc. § 1033.5(c)(1)",
        "law_url1": [
          "https://leginfo.legislature.ca.gov/faces/codes_displaySection.xhtml?lawCode=CCP&sectionNum=1033.5"
        ],
        "law_url2": [
          "https://law.justia.com/codes/california/2005/ccp/1032-1039.5.html"
        ],
        "law_explanation": "California Code of Civil Procedure Section 1033.5(c)(1) implies that attorney's fees must be reasonable to be recoverable as costs. By stating that attorney's fees are recoverable 'regardless of reasonableness,' the modified clause conflicts with the court's inherent power and duty to assess the reasonableness of such fees before awarding them. This attempts to contractually bypass the court's oversight, which is against public policy.",
        "location": "3",
        "scraped_snippet_1": "California Code, CCP 1033.5 skip to content home accessibility FAQ feedback sitemap login x Quick Search: Bill Number Bill Keyword Home Bill Information California Law Publications Other Resources My Subscriptions My Favorites California Law >> >> Code Section Code Section Code: Select Code CONS BPC CIV CCP COM CORP EDC ELEC EVID FAM FIN FGC FAC GOV HNC HSC INS LAB MVC PEN PROB PCC PRC PUC RTC SHC UIC VEH WAT WIC Article: Section: Code: Select Code All BPC CIV CCP COM CORP EDC ELEC EVID FAM FIN FGC FAC GOV HNC HSC INS LAB MVC PEN PROB PCC PRC PUC RTC SHC UIC VEH WAT WIC Section: Keyword(s): Code Search Text Search Up^ << Previous Next >> cross-reference chaptered bills PDF | Add To My Favorites Search Phrase: Code Text Code of Civil Procedure - CCP PART 2. OF CIVIL ACTIONS [307 - 1062.34] ( Part 2 enacted 1872. ) TITLE 14. OF MISCELLANEOUS PROVISIONS [989 - 1062.34] ( Title 14 enacted 1872. ) CHAPTER 6. Of Costs [1021 - 1038] ( Chapter 6 enacted 1872. ) 1033.5. (a) The following items are allowable as costs under Section 1032: (1) Filing, motion, and jury fees. (2) Juror food and lodging while they are kept together during trial and after the jury retires for deliberation. (3) (A) Taking, video recording, and transcribing necessary depositions, including an original and one copy of those taken by the claimant and one copy of depositions taken by the party against whom costs are allowed. (B) Fees of a certified or registered interpreter for the deposition of a party or witness who does not proficiently speak or understand the English language. (C) Travel expenses to attend depositions. (4) Service of process by a public officer, registered process server, or other means, as follows: (A) When service is by a public officer, the recoverable cost is the fee authorized by law at the time of service. (B) If service is by a process server registered pursuant to Chapter 16 (commencing with Section 22350) of Division 8 of the Business and Professions Code, the recoverable cost is the amount actually i",
        "scraped_snippet_2": null,
        "scrape_success": 1
      }
    ]
  }
]