[
  {
    "file_name": "VEONEER,INC_02_21_2020-EX-10.11-JOINTVENTUREAGREEMENT.txt",
    "perturbation": [
      {
        "type": "Inconsistencies - Legal Contradiction",
        "original_text": "This Amendment shall be governed by and construed in accordance with the laws of Japan.",
        "changed_text": "This Amendment shall be governed by and construed in accordance with the laws of Delaware, United States.",
        "explanation": "Changing the governing law from Japan to Delaware could create conflicts if the contract's provisions violate Japanese law. For example, certain termination clauses, liability limitations, or dispute resolution mechanisms permissible under Delaware law may be restricted or prohibited under Japanese law.",
        "contradicted_law": "Choice of law provisions and international contracts",
        "law_citation": "Article 27 of the Act on General Rules for Conflict of Laws (Japan)",
        "law_url1": [
          "https://www.japaneselawtranslation.go.jp/en/laws/view/4316"
        ],
        "law_url2": [
          "https://www.jetro.go.jp/ext_images/_Reports/02/2019023711417779_20190308_investjapan_en.pdf"
        ],
        "law_explanation": "Article 27 of the Act on General Rules for Conflict of Laws (Japan) addresses the choice of law in contracts. While parties can generally choose the governing law, this choice is not absolute and must respect mandatory provisions of Japanese law, especially when the contract has a substantial connection to Japan. By explicitly selecting Delaware law, the amendment disregards potential mandatory provisions of Japanese law that might otherwise apply given the involvement of Japanese companies (Nissin Kogyo Co., Ltd.) and the location of some of the joint venture companies.",
        "location": "Article 3",
        "scraped_snippet_1": "rson May Recover the Performance Security Deposits) Article 17-2 (Maximum Amount of Obligations to Be Borne in Relation to Type III Funds Transfer Services) Article 17-3 (Special Provisions for Performance Security Deposits) Article 18 (Persons Qualified to Become Agents for Local Finance Office in the Distribution Proceedings of Security Deposits to Holders of Prepaid Payment Instruments) Article 19 (Procedure for the Fulfillment of the Right to Performance Security Deposits) Article 20 (Replacement of Terms of the Provisions of the Companies Act as Applied Mutatis Mutandis to Cases in which a Funds Transfer Service Provider Gives a Public Notice of Discontinuation of the Funds Transfer Services by Way of Electronic Public Notice) ▶ Chapter III-2 Crypto-Assets Article 20-2 (Persons Equivalent to Persons Who Were Directors of a Corporation Whose Registration for Crypto-Asset Exchange Services Has Been Revoked) Article 20-3 (Replacement of Terms of the Provisions of the Companies Act as Applied Mutatis Mutandis to Cases in which a Crypto-Asset Exchange Service Provider Gives a Public Notice of Discontinuation of Crypto-Asset Exchange Services by Way of Electronic Public Notice) ▶ Chapter IV Clearing for Fund Transfer Transactions Article 21 (Persons Equivalent to Persons Who Were Directors of a Corporation Whose License for Central Counter-party Clearing Services for Interbank Funds Transfer Has Been Revoked) Article 22 (Minimum Amount of Net Assets Involving Distribution of Surplus) ▶ Chapter V Certified Association for Payment Service Providers Article 23 ▶ Chapter VI Designated Dispute Resolution Organization Article 24 (Designation under the Provisions of Other Acts as a Business Equivalent to the Business of Dispute Resolution) Article 25 (Proportion of the Number of Funds Transfer Service Providers that Stated an Objection to the Total Number of Funds Transfer Service Providers) Article 26 (Exclusion from Application of the Restriction on Use of Names) Article 27 (Replacement of Terms in Provisions of the Banking Act as Applied Mutatis Mutandis to Designated Dispute Resolution Organizations) ▶ Chapter VII Miscellaneous Provisions Article 28 (Authority Excluded from Delegation of Authority to the Commissioner of the Financial Services Agency) Article 29 (Delegation of Authority over Prepaid Payment Instruments to the Directors-General of Local Finance Bureaus) Article 30 (Delegation of Authority over the Funds Transfer Services to the Directors-General of Local Finance Bureaus) Article 31 (Delegation of Authority over the Crypto-Asset Exchange Services to the Directors-General of Local Finance Bureaus) April 28, 2023 Last Version: Cabinet Order No. 52 of 2021 Translated Date: July 21, 2022 Dictionary Version: 14.0 June 24, 2019 Last Version: Cabinet Order No. 47 of 2017 Translated Date: September 14, 2018 Dictionary Version: 12.0 February 18, 2015 Last Version: Translated Date: November 26, 2010 Dictionary Version: 5.0  資金決済に関する法律施行令 Order for Enforcement of the Payment Services Act 平成二十二年三月一日政令第十九号 Cabinet Order No. 19 of March 1, 2010 第一章 総則 （第一条・第二条） Chapter I General Provisions (Article 1and 2) 第二章 前払式支払手段 （第三条―第十二条） Chapter II Prepaid Payment Instruments (Article 3 to 12) 第三章 資金移動 （第十二条の二―第二十条） Chapter III Funds Transfer (Article 12-2 to 20) 第三章の二 暗号資産 （第二十条の二・第二十条の三） Chapter III-2 Crypto-Assets (Article 20-2 and 20-3) 第四章 資金清算 （第二十一条・第二十二条） Chapter IV Clearing for Fund Transfer Transactions (Article 21 and 22) 第五章 認定資金決済事業者協会 （第二十三条） Chapter V Certified Association for Payment Service Providers (Article 23) 第六章 指定紛争解決機関 （第二十四条―第二十七条） Chapter VI Designated Dispute Resolution Organization (Article 24 to 27) 第七章 雑則 （第二十八条―第三十一条） Chapter VII Miscellaneous Provisions (Article 28 to 31) 附 則 Supplementary Provisions 第一章 総則 Chapter I General Provisions （定義） (Definitions) 第一条 この政令において、「前払式支払手段発行者」、「資金移動業」、「資金移動業者」、「暗号資産」、「暗号資産交換業」、「暗号資産交換業者」、「資金清算業」、「認定資金決済事業者協会」、「指定紛争解決機関」、「紛争解決等業務」、「信託会社等」又は「銀行等」とは、それぞれ 資金決済に関する法律 （以下「法」という。）",
        "scraped_snippet_2": null,
        "scrape_success": 1
      },
      {
        "type": "Inconsistencies - Legal Contradiction",
        "original_text": "Notwithstanding Article 1.1, Article 1.2 and Article 1.3 above, the termination of the JV Agreement with respect to VNBJ, VNBZ or the Veoneer Parties shall not release any Veoneer Party or any Nissin Party from liability for the breach of any of its representations, warranties, covenants or agreements set forth in the JV Agreement that arise prior to the VNBJ Closing or the VNBZ Closing, as applicable.",
        "changed_text": "Notwithstanding Article 1.1, Article 1.2 and Article 1.3 above, the termination of the JV Agreement with respect to VNBJ, VNBZ or the Veoneer Parties shall not release any Veoneer Party or any Nissin Party from liability for the breach of any of its representations, warranties, covenants or agreements set forth in the JV Agreement, except for breaches of warranty related to intellectual property which will expire one (1) month after the VNBJ Closing or the VNBZ Closing, as applicable.",
        "explanation": "This change introduces a limited period for intellectual property warranty claims, which could conflict with the standard statutes of limitations for breach of contract and intellectual property infringement. Many jurisdictions offer longer periods to bring such claims.",
        "contradicted_law": "Statute of limitations for breach of contract and intellectual property claims.",
        "law_citation": "17 U.S. Code § 507 - Limitations on actions",
        "law_url1": [
          "https://www.law.cornell.edu/topn/limitations_on_actions"
        ],
        "law_url2": [
          "https://www.law.cornell.edu/wex/statute_of_limitations"
        ],
        "law_explanation": "17 U.S. Code § 507 outlines the statute of limitations for copyright infringement, which is three years from the time the claim accrues. Limiting the period for bringing claims for breaches of IP warranties to one month directly contradicts this federal statute, preventing parties from pursuing legitimate claims within the federally mandated time frame. This limitation is unenforceable and conflicts with federal law.",
        "location": "Article 1.d",
        "scraped_snippet_1": null,
        "scraped_snippet_2": "statute of limitations | Wex | US Law | LII / Legal Information Institute Please help us improve our site! × No thank you statute of limitations A statute of limitations is any law that bars claims after a certain period of time passes after an injury. The period of time varies depending on the jurisdiction and the type of claim. There are statutes of limitations for both civil and criminal causes of action . They may begin to run from the date of the injury, the date it was discovered, or the date on which it would have been discovered with reasonable efforts. Many statutes of limitations are actual legislative statutes , while others may come from judicial common law . Compare: s tatute of repose . [Last reviewed in June of 2024 by the Wex Definitions Team ] Wex THE LEGAL PROCESS courts statutory interpretation wex definitions courts and procedure criminal law and procedure legal education and practice statutes Wex Toolbox",
        "scrape_success": 1
      },
      {
        "type": "Inconsistencies - Legal Contradiction",
        "original_text": "This Amendment shall only become effective upon the VNBJ Closing with respect to Article 1.1 and the VNBZ Closing with respect to Article 1.2, and shall terminate without any force or effect in the event that the VNBJ SPA and the VNBZ SPA are terminated in accordance with the terms thereof.",
        "changed_text": "This Amendment shall become effective immediately upon signing, regardless of the VNBJ Closing or the VNBZ Closing, and shall remain in effect for a period of ninety (90) days, after which it will automatically terminate.",
        "explanation": "This change makes the amendment effective immediately and sets a 90-day expiration, potentially creating issues. If the VNBJ and VNBZ closings, which trigger specific obligations in the original agreement, do not occur within 90 days, or at all, the amendment could terminate before its intended purpose is fulfilled, leading to uncertainty about the parties' rights and obligations. This directly impacts the underlying conditionality built into the original clause.",
        "contradicted_law": "Contractual conditions precedent and enforceability",
        "law_citation": "Restatement (Second) of Contracts § 225",
        "law_url1": [
          "https://law.justia.com/codes/new-york/2022/cvy/article-3/3215/"
        ],
        "law_url2": [
          "https://www.law.cornell.edu/wex/condition_precedent"
        ],
        "law_explanation": "Restatement (Second) of Contracts § 225 deals with the effects of the failure of a condition. The original text establishes the VNBJ and VNBZ Closings as conditions precedent to the effectiveness of specific articles within the amendment. By removing this conditionality and making the amendment effective immediately, the changed text disregards established contract law principles regarding conditions precedent. If the closings do not occur, the amendment's effect would be unclear, potentially leading to disputes about which obligations are enforceable. The Justia Law URL leads to a similar law in New York, which is a commonly cited state in business contracts. It establishes the conditions for summary judgements and is similar to Restatement (Second) of Contracts § 225",
        "location": "Article 4",
        "scraped_snippet_1": null,
        "scraped_snippet_2": "condition precedent | Wex | US Law | LII / Legal Information Institute Please help us improve our site! × No thank you condition precedent A condition precedent is a condition or an event that must occur before a right , claim , duty , or interests arises. A condition precedent is contrasted with a condition subsequent . In a contract , a condition precedent is an event that must occur before the parties are obligated to perform . For example, an insurance contract may require the insurer to pay to rebuild the customer’s home if it is destroyed by fire during the policy period. The fire is a condition precedent. The fire must occur before the insurer is obligated to pay. Courts prefer to interpret a clause in a contract as a promise rather than a condition precedent to avoid forfeiture . The Second Restatement of Contracts has dropped the term “condition precedent” and simply refers to it as “condition.” In property law , a condition precedent is an event at which the vesting of a property interest occurs. If the condition does not occur before a specified time, the condition fails, and the property interest does not vest. For example, if parents write a grant which states they grant the property Blackacre “to our son, if he graduates from college by his 21st birthday”, graduating from college before the son’s 21st birthday is the condition precedent. If the son graduates from college before his 21st birthday, title to Blackacre transfers to him. If the son’s 21st birthday comes and he has not yet graduated from college, the interest never vests, and the parents never lose ownership of Blackacre. Condition precedents are most frequently seen in combination with contingent remainders . Accordingly, conditions precedent are usually subject to the rule against perpetuities which states that they are invalid unless they must vest, if at all, within 21 years after a relevant life in being. [Last reviewed in July of 2022 by the Wex Definitions Team ] Wex COMMERCE commercial activities housing insurance THE LEGAL PROCESS courts legal practice/ethics business law contracts wex definitions business sectors commercial transactions courts and procedure legal education and practice Wex Toolbox",
        "scrape_success": 1
      }
    ]
  }
]