[
  {
    "file_name": "KIROMICBIOPHARMA,INC_05_11_2020-EX-10.23-CONSULTINGAGREEMENT.txt",
    "perturbation": [
      {
        "type": "Inconsistencies - Legal Contradiction",
        "original_text": "Upon termination of this Agreement, all rights and duties of the parties hereunder shall cease except: Company shall be obliged to pay, within thirty (30) days after receipt of Consultant's final statement, all amounts owing to Consultant for unpaid Services completed by Consultant and related expenses, if any, in accordance with the provisions of Section 1 hereof, and Sections 2, 3, S(c), 6, 7, 8 and 10 shall survive termination of this Agreement.",
        "changed_text": "Upon termination of this Agreement, all rights and duties of the parties hereunder shall cease except: Company shall be obliged to pay, within sixty (60) days after receipt of Consultant's final statement, all amounts owing to Consultant for unpaid Services completed by Consultant and related expenses, if any, in accordance with the provisions of Section 1 hereof, and Sections 2, 3, S(c), 6, 7, 8 and 10 shall survive termination of this Agreement.",
        "explanation": "Changing the payment timeframe from 30 to 60 days after the final statement could violate Texas Payday Law, which requires prompt payment of final wages.",
        "contradicted_law": "Texas Payday Law",
        "law_citation": "Texas Labor Code § 61.051",
        "law_url1": [
          "https://statutes.capitol.texas.gov/Docs/LA/htm/LA.61.htm"
        ],
        "law_url2": [
          "https://www.twc.texas.gov/news/texas-payday-law-rules"
        ],
        "law_explanation": "Texas Labor Code § 61.051 states that an employer must pay an employee who is terminated all wages due by the sixth day after the date of termination. The modified clause extends the payment period to 60 days, directly conflicting with this provision for prompt payment of final wages.",
        "location": "5",
        "scraped_snippet_1": "is chapter. Acts 1993, 73rd Leg., ch. 269, Sec. 1, eff. Sept. 1, 1993. Sec. 61.032. SUIT TO ENFORCE BOND REQUIREMENT. (a) If an employer fails to deposit a bond required under Section 61.031 before the 11th day after the date on which demand is made for the bond, the attorney general may bring a suit in the name of the state against the employer to furnish the bond or to cease doing business until the employer furnishes the bond. (b) If the court finds just cause for requiring the bond and that the bond is reasonably necessary and proper to secure prompt payment of the wages of the employees of the employer and the employer's compliance with this chapter, the court may enjoin the employer from doing business until the requirement is met. The injunction may also apply to any other person concerned with or in any way participating in the failure to pay wages resulting in the conviction or in a final order of the commission. The court may make any other order appropriate and necessary to compel compliance with the requirement. (c) In an action under this section, the employer has the burden of proving that the bond is unnecessary or that the amount demanded by the commission is excessive. Acts 1993, 73rd Leg., ch. 269, Sec. 1, eff. Sept. 1, 1993. Sec. 61.033. FAILURE OF SURETY COMPANY TO PAY VERIFIED CLAIM FOR WAGES; CIVIL PENALTY. (a) A surety company that issues a bond to secure the payment of wages under this chapter and that wilfully fails to pay a verified claim for wages found to be due and payable is subject to a civil penalty in the amount of $1,000 for each failure to pay each employee. (b) A subsequent violation is subject to a civil penalty in the amount of $1,000 for each failure to pay each employee plus 25 percent of the amount unlawfully withheld. (c) The attorney general shall recover a penalty imposed by this section in an action brought in the name of the state. Acts 1993, 73rd Leg., ch. 269, Sec. 1, eff. Sept. 1, 1993. SUBCHAPTER D. WAGE CLAIMS Sec. 61.051. FILING WAGE CLAIM. (a) An employee who is not paid wages as prescribed by this chapter may file a wage claim with the commission in accordance with this subchapter. (b) A wage claim must be filed in a manner and on a form prescribed by the commission and must be verified by the employee. (c) A wage claim must be filed not later than the 180th day after the date the wages claimed became due for payment. The 180-day deadline is a matter of jurisdiction. (d) The employee may file the wage claim: (1) in person at an office of the commission; (2) by mailing the claim to an address designated by the commission; (3) by faxing the claim to a fax number designated by the commission; (4) electronically in a manner designated by the commission by rule; or (5) by any other means adopted by the commission by rule. (e) The commission shall ensure that employees are notified of an employee's ability to request from the commission a wage claim form in either language described by Section 61.006 . Acts 1993, 73rd Leg., ch. 269, Sec. 1, eff. Sept. 1, 1993. Amended by: Acts 2009, 81st Leg., R.S., Ch. 21 (S.B. 741 ), Sec. 1, eff. September 1, 2009. Acts 2009, 81st Leg., R.S., Ch. 97 (H.B. 762 ), Sec. 1, eff. September 1, 2009. Acts 2015, 84th Leg., R.S., Ch. 1138 (S.B. 208 ), Sec. 14, eff. September 1, 2015. Acts 2017, 85th Leg., R.S., Ch. 479 (H.B. 2443 ), Sec. 1, eff. September 1, 2017. Sec. 61.052. PRELIMINARY WAGE DETERMINATION ORDER. (a) An examiner employed by the commission shall analyze each wage claim filed under Section 61.051 and, if the claim alleges facts actionable under this chapter, shall investigate the claim and issue a preliminary wage determination order: (1) dismissing the wage claim; or (2) ordering payment of wages determined to be due and unpaid. (b) If a commission examiner imposes an administrative penalty under Section 61.053 , the preliminary wage determination order must include an order for payment of the penalty. (b-1) If a wage claim is filed later tha",
        "scraped_snippet_2": null,
        "scrape_success": 1
      },
      {
        "type": "Inconsistencies - Legal Contradiction",
        "original_text": "11. Background Check and Authorization to Work. This offer of employment is contingent on the Company's completion of a satisfactory background check of you. Please note that because of employer regulations adopted in the Immigration Reform and Control Act of 1986, within three (3) business days of starting your new position you will need to present documentation demonstrating that you have authorization to work in the United States. If you have questions about this requirement, which applies to U.S. citizens and non-U.S. citizens alike, please let us know.",
        "changed_text": "11. Background Check and Authorization to Work. This offer of employment is contingent on the Company's completion of a satisfactory background check of you. Please note that because of employer regulations adopted in the Immigration Reform and Control Act of 1986, you will need to present documentation demonstrating that you have authorization to work in the United States at any time during your contract.",
        "explanation": "The Immigration Reform and Control Act of 1986 sets a specific timeframe for completing the I-9 form and verifying work authorization. Removing the \"within three (3) business days of starting your new position\" timeframe and replacing it with 'at any time during your contract' contradicts the Act's requirements for timely verification.",
        "contradicted_law": "Immigration Reform and Control Act of 1986",
        "law_citation": "8 U.S. Code § 1324a(b)",
        "law_url1": [
          "https://uscode.house.gov/view.xhtml?req=granuleid%3AUSC-prelim-title8-section1324a&edition=prelim"
        ],
        "law_url2": [
          "https://www.justice.gov/eoir/statutes-and-regulations"
        ],
        "law_explanation": "8 U.S. Code § 1324a(b) requires employers to verify an employee's eligibility to work in the United States within a specific timeframe by completing Form I-9. The modified clause's removal of the deadline and statement to complete it at any time violates the specified timeframe requirement, leading to non-compliance with federal law.",
        "location": "11",
        "scraped_snippet_1": "8 USC 1324a: Unlawful employment of aliens Result 1 of 1 Current 2024 Main Ed. (1/6/2025) [Titles 1 through 6] 2018 Ed. and Supplement V (1/3/2024) 2018 Ed. and Supplement IV (1/5/2023) 2018 Ed. and Supplement III (1/3/2022) 2018 Ed. and Supplement II (1/13/2021) 2018 Ed. and Supplement I (1/24/2020) 2018 Main Ed. (1/14/2019) 2012 Ed. and Supplement V (1/12/2018) 2012 Ed. and Supplement IV (1/6/2017) 2012 Ed. and Supplement III (1/3/2016) 2012 Ed. and Supplement II (1/5/2015) 2012 Ed. and Supplement I (1/16/2014) 2012 Main Ed. (1/15/2013) 2006 Ed. and Supplement V (1/3/2012) 2006 Ed. and Supplement IV (1/7/2011) 2006 Ed. and Supplement III (2/1/2010) 2006 Ed. and Supplement II (1/5/2009) 2006 Ed. and Supplement I (1/8/2008) 2006 Main Ed. (1/3/2007) 2000 Ed. and Supplement V (1/2/2006) 2000 Ed. and Supplement IV (1/3/2005) 2000 Ed. and Supplement III (1/19/2004) 2000 Ed. and Supplement II (1/6/2003) 2000 Ed. and Supplement I (1/22/2002) 2000 Main Ed. (1/2/2001) 1994 Ed. and Supplement V (1/23/2000) 1994 Ed. and Supplement IV (1/5/1999) 1994 Ed. and Supplement III (1/26/1998) 1994 Ed. and Supplement II (1/6/1997) 1994 Ed. and Supplement I (1/16/1996) 1994 Main Ed. (1/4/1995) Back to Original Document << Previous TITLE 8 / CHAPTER 12 / SUBCHAPTER II / Part VIII / § 1324a Next >> [Print] [Print selection] [OLRC Home] Help 8 USC 1324a : Unlawful employment of aliens Text contains those laws in effect on April 16, 2025 From Title 8-ALIENS AND NATIONALITY CHAPTER 12-IMMIGRATION AND NATIONALITY SUBCHAPTER II-IMMIGRATION Part VIII-General Penalty Provisions Jump To: Source Credit Miscellaneous References In Text Amendments Effective Date Regulations Executive Documents §1324a. Unlawful employment of aliens (a) Making employment of unauthorized aliens unlawful (1) In general It is unlawful for a person or other entity- (A) to hire, or to recruit or refer for a fee, for employment in the United States an alien knowing the alien is an unauthorized alien (as defined in subsection",
        "scraped_snippet_2": null,
        "scrape_success": 1
      },
      {
        "type": "Inconsistencies - Legal Contradiction",
        "original_text": "Consultants shall be given written notice of any adjustments to compensation at least fourteen (14) days prior to adjustments becoming effective.",
        "changed_text": "Consultants shall be given written notice of any adjustments to compensation at least seven (7) days prior to adjustments becoming effective.",
        "explanation": "Reducing the notice period for compensation adjustments to seven days could violate state laws requiring longer notice periods for changes in pay. Since the contract is in Texas, we should see if there is a contradiction with that.",
        "contradicted_law": "Texas Payday Law",
        "law_citation": "Texas Labor Code § 61.002",
        "law_url1": [
          "https://statutes.capitol.texas.gov/Docs/LA/htm/LA.61.htm"
        ],
        "law_url2": [
          "https://www.twc.texas.gov/news/texas-payday-law-rules"
        ],
        "law_explanation": "While Texas law does not specifically mandate a minimum notice period for wage changes for independent contractors, reducing the notice period to seven days could be deemed unreasonable or exploitative, particularly if the changes significantly impact the consultant's earnings. A court could find that such a short notice period violates principles of good faith and fair dealing, especially in the context of ongoing service provision.",
        "location": "EXHIBIT A",
        "scraped_snippet_1": "\"Day\" means a calendar day. (3) \"Employee\" means an individual who is employed by an employer for compensation. The term does not include: (A) a person related to the employer or the employer's spouse within the first or second degree by consanguinity or affinity, as determined under Chapter 573 , Government Code; or (B) an independent contractor. (4) \"Employer\" means a person who: (A) employs one or more employees; or (B) acts directly or indirectly in the interests of an employer in relation to an employee. (5) \"Employment\" means any service, including service in interstate commerce, that is performed for wages or under a contract of hire, whether written or oral or express or implied. The term does not include any service performed by an individual for wages if it is shown that the individual is free from control or direction in the performance of the service, both under any contract of service and in fact. (6) \"Mail\" means to deposit for mailing with the United States Postal Service. (6-a) \"Payroll card account\" means an account that is directly or indirectly established by an employer into which each participating employee's wages, salary, or other form of compensation is deposited on a recurring basis and for which the employee receives a payroll card to access the funds in the account. (7) \"Wages\" means compensation owed by an employer for: (A) labor or services rendered by an employee, whether computed on a time, task, piece, commission, or other basis; and (B) vacation pay, holiday pay, sick leave pay, parental leave pay, or severance pay owed to an employee under a written agreement with the employer or under a written policy of the employer. Acts 1993, 73rd Leg., ch. 269, Sec. 1, eff. Sept. 1, 1993. Amended by Acts 1995, 74th Leg., ch. 76, Sec. 5.95(27), 9.12(a), eff. Sept. 1, 1995. Amended by: Acts 2005, 79th Leg., Ch. 378 (S.B. 1408 ), Sec. 1, eff. September 1, 2005. Acts 2019, 86th Leg., R.S., Ch. 284 (H.B. 2240 ), Sec. 1, eff. September 1, 2019. Sec. 61.002. COMMISSION DUTIES. (a) The commission shall: (1) administer this chapter; and (2) adopt rules as necessary to implement this chapter. (b) The commission may require reports, conduct investigations, and take other action as it considers necessary to implement this chapter. (c) In the discharge of the duties imposed by this chapter, any authorized representative or member of the commission may: (1) administer an oath or affirmation; (2) take a deposition; (3) certify to an official act; and (4) issue a subpoena to compel the attendance of a witness and the production of books, papers, correspondence, memoranda, and other records considered necessary as evidence in the administration of this chapter. Acts 1993, 73rd Leg., ch. 269, Sec. 1, eff. Sept. 1, 1993. Amended by Acts 1995, 74th Leg., ch. 76, Sec. 9.13(a), eff. Sept. 1, 1995. Sec. 61.003. GOVERNMENTAL ENTITIES EXCLUDED. This chapter does not apply to the United States, this state, or a political subdivision of this state. Acts 1993, 73rd Leg., ch. 269, Sec. 1, eff. Sept. 1, 1993. Sec. 61.0031. FRANCHISORS EXCLUDED. (a) In this section, \"franchisee\" and \"franchisor\" have the meanings assigned by 16 C.F.R. Section 436.1. (b) For purposes of this chapter, a franchisor is not considered to be an employer of: (1) a franchisee; or (2) a franchisee's employees. (c) With respect to a specific claim for relief under this chapter made by a franchisee or a franchisee's employee, this section does not apply to a franchisor who has been found by a court of competent jurisdiction in this state to have exercised a type or degree of control over the franchisee or the franchisee's employees not customarily exercised by a franchisor for the purpose of protecting the franchisor's trademarks and brand. Added by Acts 2015, 84th Leg., R.S., Ch. 1156 (S.B. 652 ), Sec. 2, eff. September 1, 2015. Sec. 61.004. PAYMENT OF CERTAIN FEES FOR SERVICE OF PROCESS. Notwithstanding Chapter 152 or 154 , Local Government Code, or any other law of ",
        "scraped_snippet_2": null,
        "scrape_success": 1
      }
    ]
  }
]