[
  {
    "file_name": "WHITESMOKE,INC_11_08_2011-EX-10.26-PROMOTIONANDDISTRIBUTIONAGREEMENT.txt",
    "perturbation": [
      {
        "type": "Inconsistencies - Legal Contradiction",
        "original_text": "Distributor shall begin such distribution within [ * ] following Google's request.",
        "changed_text": "Distributor shall begin such distribution within 10 days following Google's request.",
        "explanation": "Changing the distribution timeline to a fixed 10 days might conflict with California labor laws regarding employee notification for changes in work conditions.",
        "contradicted_law": "California Labor Code § 2922",
        "law_citation": "CA Labor Code § 2922",
        "law_url1": [
          "https://leginfo.legislature.ca.gov/faces/codes_displaySection.xhtml?lawCode=LAB&sectionNum=2922."
        ],
        "law_url2": [
          "https://law.justia.com/codes/california/2022/code-lab/division-3/chapter-2/section-2922/"
        ],
        "law_explanation": "California Labor Code Section 2922 implies reasonable notice, which '10 days' may not satisfy depending on the nature of the distribution and impact on employees. In some cases, more significant changes may require more advance warning to be considered 'reasonable'.",
        "location": "2.6",
        "scraped_snippet_1": "California Code, LAB 2922. skip to content home accessibility FAQ feedback sitemap login x Quick Search: Bill Number Bill Keyword Home Bill Information California Law Publications Other Resources My Subscriptions My Favorites California Law >> >> Code Section Code Section Code: Select Code CONS BPC CIV CCP COM CORP EDC ELEC EVID FAM FIN FGC FAC GOV HNC HSC INS LAB MVC PEN PROB PCC PRC PUC RTC SHC UIC VEH WAT WIC Article: Section: Code: Select Code All BPC CIV CCP COM CORP EDC ELEC EVID FAM FIN FGC FAC GOV HNC HSC INS LAB MVC PEN PROB PCC PRC PUC RTC SHC UIC VEH WAT WIC Section: Keyword(s): Code Search Text Search Up^ << Previous Next >> cross-reference chaptered bills PDF | Add To My Favorites Search Phrase: Code Text Labor Code - LAB DIVISION 3. EMPLOYMENT RELATIONS [2700 - 3122.4] ( Division 3 enacted by Stats. 1937, Ch. 90. ) CHAPTER 2. Employer and Employee [2750 - 2930] ( Chapter 2 enacted by Stats. 1937, Ch. 90. ) ARTICLE 4. Termination of Employment [2920 - 2929] ( Article 4 enacted by Stats. 1937, Ch. 90. ) 2922. An employment, having no specified term, may be terminated at the will of either party on notice to the other. Employment for a specified term means an employment for a period greater than one month. (Amended by Stats. 1971, Ch. 1607.)",
        "scraped_snippet_2": null,
        "scrape_success": 1
      },
      {
        "type": "Inconsistencies - Legal Contradiction",
        "original_text": "Google may also withhold and offset against its payment obligations under this Agreement, or require Distributor to pay to Google within [ * ] of any invoice, any amounts Google [ * ] overpaid to Distributor in prior periods.",
        "changed_text": "Google may also withhold and offset against its payment obligations under this Agreement, or require Distributor to pay to Google within 5 days of any invoice, any amounts Google overpaid to Distributor in prior periods.",
        "explanation": "Reducing the payment period to 5 days for overpayments could conflict with prompt payment laws if Distributor disputes the overpayment.",
        "contradicted_law": "California Labor Code § 201",
        "law_citation": "CA Labor Code § 201",
        "law_url1": [
          "https://leginfo.legislature.ca.gov/faces/codes_displaySection.xhtml?lawCode=LAB&sectionNum=201"
        ],
        "law_url2": [
          "https://codes.findlaw.com/ca/labor-code/lab-sect-201/"
        ],
        "law_explanation": "California Labor Code Section 201 concerns payment of wages and implies that payment disputes must be handled fairly. A rigid 5-day repayment demand could be seen as coercive and not allowing sufficient time for dispute resolution, especially if the overpayment is substantial or contested.",
        "location": "4.3",
        "scraped_snippet_1": "California Code, LAB 201 skip to content home accessibility FAQ feedback sitemap login x Quick Search: Bill Number Bill Keyword Home Bill Information California Law Publications Other Resources My Subscriptions My Favorites California Law >> >> Code Section Code Section Code: Select Code CONS BPC CIV CCP COM CORP EDC ELEC EVID FAM FIN FGC FAC GOV HNC HSC INS LAB MVC PEN PROB PCC PRC PUC RTC SHC UIC VEH WAT WIC Article: Section: Code: Select Code All BPC CIV CCP COM CORP EDC ELEC EVID FAM FIN FGC FAC GOV HNC HSC INS LAB MVC PEN PROB PCC PRC PUC RTC SHC UIC VEH WAT WIC Section: Keyword(s): Code Search Text Search Up^ << Previous Next >> cross-reference chaptered bills PDF | Add To My Favorites Search Phrase: Code Text Labor Code - LAB DIVISION 2. EMPLOYMENT REGULATION AND SUPERVISION [200 - 2699.8] ( Division 2 enacted by Stats. 1937, Ch. 90. ) PART 1. COMPENSATION [200 - 452] ( Part 1 enacted by Stats. 1937, Ch. 90. ) CHAPTER 1. Payment of Wages [200 - 273] ( Chapter 1 enacted by Stats. 1937, Ch. 90. ) ARTICLE 1. General Occupations [200 - 244] ( Article 1 enacted by Stats. 1937, Ch. 90. ) 201. (a) If an employer discharges an employee, the wages earned and unpaid at the time of discharge are due and payable immediately. An employer who lays off a group of employees by reason of the termination of seasonal employment in the curing, canning, or drying of any variety of perishable fruit, fish, or vegetables, shall be deemed to have made immediate payment when the wages of said employees are paid within a reasonable time as necessary for computation and payment thereof; provided, however, that the reasonable time shall not exceed 72 hours, and further provided that payment shall be made by mail to any employee who so requests and designates a mailing address therefor. (b) Notwithstanding any other law, the state employer shall be deemed to have made an immediate payment of wages under this section for any unused or accumulated vacation, annual leave, holiday leave, or time off to which the emp",
        "scraped_snippet_2": null,
        "scrape_success": 1
      },
      {
        "type": "Inconsistencies - Legal Contradiction",
        "original_text": "During the Term, and for a period of [ * ] thereafter, Google may audit Distributor's relevant records to confirm Distributor's compliance with this Agreement.",
        "changed_text": "During the Term, and for a period of 7 years thereafter, Google may audit Distributor's relevant records to confirm Distributor's compliance with this Agreement.",
        "explanation": "Extending the audit period to 7 years may exceed the statute of limitations for contract disputes in some jurisdictions, making it an unreasonable audit period.",
        "contradicted_law": "California Code of Civil Procedure § 337",
        "law_citation": "CCP § 337",
        "law_url1": [
          "https://leginfo.legislature.ca.gov/faces/codes_displaySection.xhtml?lawCode=CCP&sectionNum=337"
        ],
        "law_url2": [
          "https://law.justia.com/codes/california/2005/ccp/335-349.4.html"
        ],
        "law_explanation": "California Code of Civil Procedure Section 337 sets a four-year statute of limitations for actions based on written contracts. Extending the audit period to 7 years allows Google to audit records beyond the period for which legal action could be taken to enforce the contract, potentially making the audit an undue burden.",
        "location": "3.9(d)",
        "scraped_snippet_1": "California Code, CCP 337 skip to content home accessibility FAQ feedback sitemap login x Quick Search: Bill Number Bill Keyword Home Bill Information California Law Publications Other Resources My Subscriptions My Favorites California Law >> >> Code Section Code Section Code: Select Code CONS BPC CIV CCP COM CORP EDC ELEC EVID FAM FIN FGC FAC GOV HNC HSC INS LAB MVC PEN PROB PCC PRC PUC RTC SHC UIC VEH WAT WIC Article: Section: Code: Select Code All BPC CIV CCP COM CORP EDC ELEC EVID FAM FIN FGC FAC GOV HNC HSC INS LAB MVC PEN PROB PCC PRC PUC RTC SHC UIC VEH WAT WIC Section: Keyword(s): Code Search Text Search Up^ << Previous Next >> cross-reference chaptered bills PDF | Add To My Favorites Search Phrase: Code Text Code of Civil Procedure - CCP PART 2. OF CIVIL ACTIONS [307 - 1062.34] ( Part 2 enacted 1872. ) TITLE 2. OF THE TIME OF COMMENCING CIVIL ACTIONS [312 - 366.3] ( Title 2 enacted 1872. ) CHAPTER 3. The Time of Commencing Actions Other Than for the Recovery of Real Property [335 - 349.4] ( Chapter 3 enacted 1872. ) 337. Within four years: (a) An action upon any contract, obligation or liability founded upon an instrument in writing, except as provided in Section 336a; provided, that the time within which any action for a money judgment for the balance due upon an obligation for the payment of which a deed of trust or mortgage with power of sale upon real property or any interest therein was given as security, following the exercise of the power of sale in such deed of trust or mortgage, may be brought shall not extend beyond three months after the time of sale under such deed of trust or mortgage. (b) An action to recover (1) upon a book account whether consisting of one or more entries; (2) upon an account stated based upon an account in writing, but the acknowledgment of the account stated need not be in writing; (3) a balance due upon a mutual, open and current account, the items of which are in writing; provided, however, that if an account stated is based upon an account of o",
        "scraped_snippet_2": " 2023 California Code 2022 California Code 2005 California Code (here) View All Versions View Our Newest Version Here 2005 California Code of Civil Procedure Sections 335-349.4 RECOVERY OF REAL PROPERTY CODE OF CIVIL PROCEDURE SECTION 335-349.4 335. The periods prescribed for the commencement of actions other than for the recovery of real property, are as follows: 335.1. Within two years: An action for assault, battery, or injury to, or for the death of, an individual caused by the wrongful act or neglect of another. 336. Within five years: (a) An action for mesne profits of real property. (b) An action for violation of a restriction, as defined in Section 784 of the Civil Code. The period prescribed in this subdivision runs from the time the person seeking to enforce the restriction discovered or, through the exercise of reasonable diligence, should have discovered the violation. A failure to commence an action for violation of a restriction within the period prescribed in this subdivision does not waive the right to commence an action for any other violation of the restriction and does not, in itself, create an implication that the restriction is abandoned, obsolete, or otherwise unenforceable. This subdivision shall not bar commencement of an action for violation of a restriction before January 1, 2001, and until January 1, 2001, any other applicable statutory or common law limitation shall continue to apply to that action. 336a. Within six years. 1. An action upon any bonds, notes or debentures issued by any corporation or pursuant to permit of the Commissioner of Corporations, or upon any coupons issued with such bonds, notes or debentures, if such bonds, notes or debentures shall have been issued to or held by the public. 2. An action upon any mortgage, trust deed or other agreement pursuant to which such bonds, notes or debentures were issued. Nothing in this section shall apply to bonds or other evidences of indebtedness of a public district or corporation. 337. Within four years: 1. An action upon any contract, obligation or liability founded upon an instrument in writing, except as provided in Section 336a of this code; provided, that the time within which any action for a money judgment for the balance due upon an obligation for the payment of which a deed of trust or mortgage with power of sale upon real property or any interest therein was given as security, following the exercise of the power of sale in such deed of trust or mortgage, may be brought shall not extend beyond three months after the time of sale under such deed of trust or mortgage. 2. An action to recover (1) upon a book account whether consisting of one or more entries; (2) upon an account stated based upon an account in writing, but the acknowledgment of the account stated need not be in writing; (3) a balance due upon a mutual, open and current account, the items of which are in writing; provided, however, that where an account stated is based upon an account of one item, the time shall begin to run from the date of said item, and where an account stated is based upon an account of more than one item, the time shall begin to run from the date of the last item. 3. An action based upon the rescission of a contract in writing. The time begins to run from the date upon which the facts that entitle the aggrieved party to rescind occurred. Where the ground for rescission is fraud or mistake, the time does not begin to run until the discovery by the aggrieved party of the facts constituting the fraud or mistake. Where the ground for rescission is misrepresentation under Section 359 of the Insurance Code, the time does not begin to run until the representation becomes false. 337a. The term \"book account\" means a detailed statement which constitutes the principal record of one or more transactions between a debtor and a creditor arising out of a contract or some fiduciary relation, and shows the debits and credits in connection therewith, and against whom an",
        "scrape_success": 2
      }
    ]
  }
]