[
  {
    "file_name": "CENTRACKINTERNATIONALINC_10_29_1999-EX-10.3-WEBSITEHOSTINGAGREEMENT.txt",
    "perturbation": [
      {
        "type": "Misaligned Terminology - Legal Contradiction",
        "original_text": "As used in this Agreement, the term \"Web site\" shall mean a computer system intended to be accessed through the World Wide Web segment of the Internet, including software and content intended to be viewed and/or operated upon by persons accessing the computer system via the Internet. A Web site may exist on a single computer system with other Web sites.",
        "changed_text": "As used in this Agreement, the term \"Web site\" shall mean a static collection of HTML pages. A Web site may not exist on a single computer system with other Web sites.",
        "explanation": "The modified definition of \"Web site\" restricts its functionality to only static HTML pages, conflicting with the common and legal understanding that a website can include dynamic content, applications, and interactive elements. By stating that a website 'may not exist on a single computer system with other Web sites' introduces a contradiction. Web hosting typically involves multiple sites on one server.",
        "contradicted_law": "Florida Statutes § 815.06 - Computer-related crimes; definitions",
        "law_citation": "Florida Statutes § 815.06",
        "law_url1": [
          "http://www.leg.state.fl.us/statutes/index.cfm?App_mode=Display_Statute&URL=0800-0899/0815/Sections/0815.06.html"
        ],
        "law_url2": [
          "https://law.justia.com/codes/florida/2022/title-xlvi/chapter-815/section-815.06/"
        ],
        "law_explanation": "Florida Statutes § 815.06 defines computer systems and networks in a way that encompasses dynamic websites and shared hosting environments. By restricting the definition of 'Web site' to a static collection of HTML pages and prohibiting co-existence on a single server, the modified contract language contradicts the broad, inclusive definition used in Florida law, potentially impacting interpretations related to computer crimes and data security.",
        "location": "DEFINITIONS",
        "scraped_snippet_1": "Statutes & Constitution :View Statutes : Online Sunshine April 17, 2025 Search Statutes: 2024 2023 2022 2021 2020 2019 2018 2017 2016 2015 2014 2013 2012 2011 2010 2009 2008 2007 2006 2005 2004 2003 2002 2001 2000 1999 1998 1997 Home Senate House Citator Statutes, Constitution, & Laws of Florida Florida Statutes Search Statutes Search Tips Florida Constitution Laws of Florida Legislative & Executive Branch Lobbyists Information Center Joint Legislative Committees & Other Entities Joint Administrative Procedures Committee (JAPC) Joint Committee on Public Counsel Oversight(JCPO) Joint Legislative Auditing Committee (JLAC) Joint Legislative Budget Commission (JLBC) Joint Select Committee on Collective Bargaining (JSCB) Office of Program Policy Analysis & Government Accountability (OPPAGA) Auditor General Commission on Ethics Economic and Demographic Research (EDR) Florida Historic Capitol Historical Committees Florida Legislative Committee on Intergovernmental Relations (LCIR) Joint Legislative Committee on Everglades Oversight (JCEO) Joint Legislative Sunset Committee (JCSC) Florida Government Efficiency Task Force Legislative Employment Legistore Links Select Year: 2024 2023 2022 2021 2020 2019 2018 2017 2016 2015 2014 2013 2012 2011 2010 2009 2008 2007 2006 2005 2004 2003 2002 2001 2000 1999 1998 1997 The Florida Statutes The 2024 Florida Statutes (including 2025 Special Session C) Title XLVI CRIMES Chapter 815 COMPUTER-RELATED CRIMES View Entire Chapter F.S. 815.06 815.06 Offenses against users of computers, computer systems, computer networks, and electronic devices. — (1) As used in this section, the term “user” means a person with the authority to operate or maintain a computer, computer system, computer network, or electronic device. (2) A person commits an offense against users of computers, computer systems, computer networks, or electronic devices if he or she willfully, knowingly, and without authorization or exceeding authorization: (a) Accesses or causes to be accessed any computer, computer system, computer network, or electronic device with knowledge that such access is unauthorized or the manner of use exceeds authorization; (b) Disrupts or denies or causes the denial of the ability to transmit data to or from an authorized user of a computer, computer system, computer network, or electronic device, which, in whole or in part, is owned by, under contract to, or operated for, on behalf of, or in conjunction with another; (c) Destroys, takes, injures, or damages equipment or supplies used or intended to be used in a computer, computer system, computer network, or electronic device; (d) Destroys, injures, or damages any computer, computer system, computer network, or electronic device; (e) Introduces any computer contaminant into any computer, computer system, computer network, or electronic device; or (f) Engages in audio or video surveillance of an individual by accessing any inherent feature or component of a computer, computer system, computer network, or electronic device, including accessing the data or information of a computer, computer system, computer network, or electronic device that is stored by a third party. (3)(a) Except as provided in paragraphs (b) and (c), a person who violates subsection (2) commits a felony of the third degree, punishable as provided in s. 775.082 , s. 775.083 , or s. 775.084 . (b) A person commits a felony of the second degree, punishable as provided in s. 775.082 , s. 775.083 ",
        "scraped_snippet_2": null,
        "scrape_success": 1
      },
      {
        "type": "Misaligned Terminology - Legal Contradiction",
        "original_text": "i-on will maintain the operation of the Hosted Site continuously, twenty-four (24) hours per day, seven (7) days per week, including holidays, with the exception of reasonable hardware and software maintenance that must be performed on the Hosting Computer and/or the Hosted Site. i-on will use best efforts to schedule and perform such maintenance between the hours of 8pm and 8am Eastern Standard Time on weekdays, or during weekends.",
        "changed_text": "i-on will attempt to maintain the Hosted Site during business hours, Monday through Friday, excluding holidays, with no commitment to uptime. i-on will decide when and how to perform maintenance.",
        "explanation": "The original contract specifies continuous operation with scheduled maintenance. The modified version significantly reduces the service commitment and removes guaranteed uptime, contradicting typical web hosting service level expectations and implied obligations.",
        "contradicted_law": "Uniform Commercial Code (UCC) - Implied Warranty of Merchantability",
        "law_citation": "UCC § 2-314",
        "law_url1": [
          "https://www.law.cornell.edu/ucc/2/314"
        ],
        "law_url2": [
          "https://www.uniformlaws.org/HigherLogic/System/DownloadDocumentFile.ashx?DocumentFileKey=e93988eb-cc19-46c1-a1e0-330a042560a0&forceDialog=0"
        ],
        "law_explanation": "By significantly reducing the uptime commitment and removing any guarantee of continuous service, the modified text potentially violates the implied warranty of merchantability under the UCC, which suggests that goods (and, by extension, services) should be fit for their intended purpose. A web hosting service with no guaranteed uptime might be considered unfit, particularly for business customers relying on continuous online presence.",
        "location": "SERVICES PROVIDED TO THE CUSTOMER",
        "scraped_snippet_1": null,
        "scraped_snippet_2": null,
        "scrape_success": 0
      },
      {
        "type": "Misaligned Terminology - Legal Contradiction",
        "original_text": "The Customer is solely responsible for all content on the Hosted Site, including but not limited to, HTML pages, graphics, sounds, animations, video clips, Java applets, client-site scripts such as JavaScript and VBScript features, ActiveX controls, and other files and/or executable components for use or download by the users of the Hosted Site, as well as the accuracy and validity of any information or data contained within, as well as the overall look-and-feel of the Hosted Site from a user's perspective.",
        "changed_text": "The Customer assumes no responsibility for illegal content hosted on the site, even if placed there by the Customer. I-on is responsible for monitoring and policing the content hosted on the Customer's site.",
        "explanation": "By stating the customer assumes no responsibility for illegal content and that the web hosting company is wholly responsible creates a direct conflict with federal laws regarding content liability.",
        "contradicted_law": "18 U.S. Code § 2252 - Certain activities relating to material constituting or containing child pornography",
        "law_citation": "18 U.S. Code § 2252",
        "law_url1": [
          "https://www.law.cornell.edu/topn/child_pornography"
        ],
        "law_url2": [
          "https://uscode.house.gov/view.xhtml?req=granuleid%3AUSC-prelim-title18-section2252&edition=prelim"
        ],
        "law_explanation": "18 U.S. Code § 2252 outlines federal laws regarding child pornography and other illegal content. While web hosting providers can face liability, the primary responsibility for the content resides with the website owner. This modification attempts to absolve the customer of responsibility for illegal content, which is against the law.",
        "location": "RESPONSIBILITIES OF THE CUSTOMER",
        "scraped_snippet_1": null,
        "scraped_snippet_2": "18 USC 2252: Certain activities relating to material involving the sexual exploitation of minors Result 1 of 1 Current 2024 Main Ed. (1/6/2025) [Titles 1 through 6] 2018 Ed. and Supplement V (1/3/2024) 2018 Ed. and Supplement IV (1/5/2023) 2018 Ed. and Supplement III (1/3/2022) 2018 Ed. and Supplement II (1/13/2021) 2018 Ed. and Supplement I (1/24/2020) 2018 Main Ed. (1/14/2019) 2012 Ed. and Supplement V (1/12/2018) 2012 Ed. and Supplement IV (1/6/2017) 2012 Ed. and Supplement III (1/3/2016) 2012 Ed. and Supplement II (1/5/2015) 2012 Ed. and Supplement I (1/16/2014) 2012 Main Ed. (1/15/2013) 2006 Ed. and Supplement V (1/3/2012) 2006 Ed. and Supplement IV (1/7/2011) 2006 Ed. and Supplement III (2/1/2010) 2006 Ed. and Supplement II (1/5/2009) 2006 Ed. and Supplement I (1/8/2008) 2006 Main Ed. (1/3/2007) 2000 Ed. and Supplement V (1/2/2006) 2000 Ed. and Supplement IV (1/3/2005) 2000 Ed. and Supplement III (1/19/2004) 2000 Ed. and Supplement II (1/6/2003) 2000 Ed. and Supplement I (1/22/2002) 2000 Main Ed. (1/2/2001) 1994 Ed. and Supplement V (1/23/2000) 1994 Ed. and Supplement IV (1/5/1999) 1994 Ed. and Supplement III (1/26/1998) 1994 Ed. and Supplement II (1/6/1997) 1994 Ed. and Supplement I (1/16/1996) 1994 Main Ed. (1/4/1995) Back to Original Document << Previous TITLE 18 / PART I / CHAPTER 110 / § 2252 Next >> [Print] [Print selection] [OLRC Home] Help 18 USC 2252 : Certain activities relating to material involving the sexual exploitation of minors Text contains those laws in effect on April 16, 2025 From Title 18-CRIMES AND CRIMINAL PROCEDURE PART I-CRIMES CHAPTER 110-SEXUAL EXPLOITATION AND OTHER ABUSE OF CHILDREN Jump To: Source Credit Miscellaneous Codification Amendments §2252. Certain activities relating to material involving the sexual exploitation of minors (a) Any person who- (1) knowingly transports or ships using any means or facility of interstate or foreign commerce or in or affecting interstate or foreign commerce by any means including by computer or mails, any",
        "scrape_success": 1
      }
    ]
  }
]