[
  {
    "file_name": "ReynoldsConsumerProductsInc_20191115_S-1_EX-10.18_11896469_EX-10.18_SupplyAgreement.txt",
    "perturbation": [
      {
        "type": "Misaligned Terminology - Legal Contradiction",
        "original_text": "The Party is formed, registered, licensed and operating its business in compliance with the laws of the United States of America, its states and territories, and any districts, municipalities and other political subdivisions of the foregoing (\"Applicable Laws\").",
        "changed_text": "The Party is formed, registered, licensed and operating its business in substantial compliance with the laws of the United States of America, its states and territories, and any districts, municipalities and other political subdivisions of the foregoing (\"Applicable Laws\").",
        "explanation": "Changing \"compliance\" to \"substantial compliance\" introduces ambiguity and legal risk. \"Substantial compliance\" is less stringent, potentially allowing a party to operate while not fully adhering to all laws. This can create disputes over what constitutes \"substantial compliance\" and whether it suffices under the contract.",
        "contradicted_law": "The Contract Clause of the United States Constitution",
        "law_citation": "U.S. Const. Art. I, § 10, cl. 1",
        "law_url1": [
          "https://constitution.congress.gov/browse/essay/artI-S10-C1-1/"
        ],
        "law_url2": [
          "https://www.law.cornell.edu/constitution-conlaw/article-1/section-10/clause-1"
        ],
        "law_explanation": "The Contract Clause prohibits states from passing laws that impair the obligations of contracts. Changing 'compliance' to 'substantial compliance' weakens the original contractual obligation to fully comply with laws, and impairs the original contractual obligation to follow 'Applicable Laws'. A state law cannot retroactively change the definition of 'compliance' in a pre-existing contract to 'substantial compliance'.",
        "location": "5. General Representations, Warranties and Covenants. a.",
        "scraped_snippet_1": null,
        "scraped_snippet_2": null,
        "scrape_success": 0
      },
      {
        "type": "Misaligned Terminology - Legal Contradiction",
        "original_text": "Workers' Compensation Liability Insurance. Occurrence based coverage providing benefits in the minimal amount required by Applicable Law for workplace and work related injuries and illnesses to the employees of a Party, including, without limitation, Workers Compensation Acts of applicable U.S. States, the U.S. Longshoremen's and Harbor Workers Compensation Act and the U.S. Jones Act.",
        "changed_text": "Workers' Compensation Liability Insurance. Occurrence based coverage providing benefits in an amount deemed reasonable by the Party for workplace and work related injuries and illnesses to the employees of a Party, including, without limitation, Workers Compensation Acts of applicable U.S. States, the U.S. Longshoremen's and Harbor Workers Compensation Act and the U.S. Jones Act.",
        "explanation": "Replacing \"minimal amount required by Applicable Law\" with \"an amount deemed reasonable by the Party\" directly contradicts mandatory workers' compensation laws. This change allows a party to determine its own compensation levels, regardless of legal minimums.",
        "contradicted_law": "State Workers' Compensation Laws",
        "law_citation": "29 CFR § 1904",
        "law_url1": [
          "https://www.osha.gov/laws-regs/regulations/standardnumber/1904"
        ],
        "law_url2": [
          "https://www.ecfr.gov/current/title-29/subtitle-B/chapter-XVII/part-1904"
        ],
        "law_explanation": "Workers' compensation laws mandate specific benefits for workplace injuries and illnesses. Allowing a party to unilaterally determine \"reasonable\" amounts circumvents these legal requirements, potentially leading to insufficient coverage and violating state and federal regulations.",
        "location": "8. Insurance. c.",
        "scraped_snippet_1": "1904 | Occupational Safety and Health Administration Skip to main content Regulations (Standards - 29 CFR) By Standard Number Standard Number > 1904 1904 - Table of Contents 1904.0 - Purpose. 1904 Subpart A - Purpose 1904 Subpart B - Scope 1904.1 - Partial exemption for employers with 10 or fewer employees. 1904.2 - Partial exemption for establishments in certain industries. 1904.3 - Keeping records for more than one agency. 1904 Subpart B App A - Partially Exempt Industries 1904 Subpart C - Recordkeeping Forms and Recording Criteria 1904.4 - Recording criteria. 1904.5 - Determination of work-relatedness. 1904.6 - Determination of new cases. 1904.7 - General recording criteria. 1904.8 - Recording criteria for needlestick and sharps injuries. 1904.9 - Recording criteria for cases involving medical removal under OSHA standards. 1904.10 - Recording criteria for cases involving occupational hearing loss. 1904.11 - Recording criteria for work-related tuberculosis cases. 1904.13 - Reserved 1904.14 - Reserved 1904.15 - Reserved 1904.16 - Reserved 1904.17 - Reserved 1904.18 - Reserved 1904.19 - Reserved 1904.20 - Reserved 1904.21 - Reserved 1904.22 - Reserved 1904.23 - Reserved 1904.24 - Reserved 1904.25 - Reserved 1904.26 - Reserved 1904.27 - Reserved 1904.28 - Reserved 1904.29 - Forms. 1904 Subpart D - Other OSHA Injury and Illness Recordkeeping Requirements 1904.30 - Multiple business establishments. 1904.31 - Covered employees. 1904.32 - Annual summary. 1904.33 - Retention and updating. 1904.34 - Change in business ownership. 1904.35 - Employee involvement. 1904.36 - Prohibition against discrimination. 1904.37 - State recordkeeping regulations. 1904.38 - Variances from the recordkeeping rule. 1904 Subpart E - Reporting Fatality, Injury and Illness Information to the Government 1904.39 - Reporting fatalities, hospitalizations, amputations, and losses of an eye as a result of work-related incidents to OSHA. 1904.40 - Providing records to government representatives. 1904.41 - ",
        "scraped_snippet_2": "eCFR :: 29 CFR Part 1904 -- Recording and Reporting Occupational Injuries and Illnesses Site Feedback You are using an unsupported browser × You are using an unsupported browser. This web site is designed for the current versions of Microsoft Edge, Google Chrome, Mozilla Firefox, or Safari. × Site Feedback The Office of the Federal Register publishes documents on behalf of Federal agencies but does not have any authority over their programs. We recommend you directly contact the agency associated with the content in question. If you have comments or suggestions on how to improve the www.ecfr.gov website or have questions about using www.ecfr.gov, please choose the 'Website Feedback' button below. Website Feedback If you would like to comment on the current content, please use the 'Content Feedback' button below for instructions on contacting the issuing agency Content Feedback If you have questions for the Agency that issued the current document please contact the agency directly. × Website Feedback * Your Name * Email Attachment * How can we help you? * I am requesting technical help or providing website feedback This contact form is only for website help or website suggestions. If you have questions or comments regarding a published document please contact the publishing agency. Comments or questions about document content can not be answered by OFR staff. Please do not provide confidential information or personal data. Browse Titles Agencies Incorporation by Reference Recent Updates Search Recent Changes Corrections Reader Aids Reader Aids Home Using the eCFR Point-in-Time System Understanding the eCFR Government Policy and OFR Procedures Developer Resources My eCFR My Subscriptions Sign Out Sign In / Sign Up Sign In / Sign Up Hi, Sign Out eCFR The Electronic Code of Federal Regulations Enhanced Content :: FR Reference Enhanced content is provided to the user to provide additional context. Enhanced Content :: FR Reference Title 29 This content is from the eCFR and is authoritative but u",
        "scrape_success": 2
      },
      {
        "type": "Misaligned Terminology - Legal Contradiction",
        "original_text": "If Buyer fails to pay Seller an amount owed under this Agreement by the invoice due date, then Buyer will owe Seller: (i) the delinquent amount; and (ii) a late payment fee equal to two percent (2%) of the delinquent amount for each full or partial calendar month past the invoice due date that the delinquent amount remains unpaid. In addition, if Seller has to file litigation to collect the amount owed and Seller prevails in the litigation, Buyer will reimburse Seller for actual, reasonable, substantiated out-of-pocket expenses incurred by Seller in collecting the delinquent amount and accrued late payment fees on the delinquent amount.",
        "changed_text": "If Buyer fails to pay Seller an amount owed under this Agreement by the invoice due date, then Buyer will owe Seller: (i) the delinquent amount; and (ii) a late payment fee equal to ten percent (10%) of the delinquent amount for each day past the invoice due date that the delinquent amount remains unpaid. In addition, if Seller has to file litigation to collect the amount owed and Seller prevails in the litigation, Buyer will reimburse Seller for arbitrary expenses incurred by Seller in collecting the delinquent amount and accrued late payment fees on the delinquent amount.",
        "explanation": "Increasing the late payment fee to 10% per day and removing the 'reasonable' qualification for collection expenses introduces usury concerns and contradicts legal standards for debt collection. Many jurisdictions have laws limiting the amount of interest that can be charged on debts. Further, removing the term 'reasonable' makes the expenses charged for debt collection questionable.",
        "contradicted_law": "Illinois Interest Act",
        "law_citation": "815 ILCS 205/2",
        "law_url1": [
          "http://www.ilga.gov/legislation/ilcs/ilcs3.asp?ActID=2269&ChapterID=65"
        ],
        "law_url2": [
          "https://law.justia.com/codes/illinois/2022/chapter-815/act-205/section-2/"
        ],
        "law_explanation": "The Illinois Interest Act sets limits on the interest rates that can be charged on various types of debts. A daily interest rate of 10% on a delinquent amount is far beyond what is legally permissible. This exceeds statutory limits and may constitute usury.",
        "location": "11. Dispute Resolution. e.",
        "scraped_snippet_1": "ws Senate House My Legislation Site Map Bills & Resolutions Compiled Statutes Public Acts Legislative Reports IL Constitution Legislative Guide Legislative Glossary Search By Number (example: HB0001) Search Tips Search By Keyword Search Tips Advanced Search Illinois Compiled Statutes Back to Act Listing Public Acts Search Guide Disclaimer Printer-Friendly Version Information maintained by the Legislative Reference Bureau Updating the database of the Illinois Compiled Statutes (ILCS) is an ongoing process. Recent laws may not yet be included in the ILCS database, but they are found on this site as Public Acts soon after they become law. For information concerning the relationship between statutes and Public Acts, refer to the Guide . Because the statute database is maintained primarily for legislative drafting purposes, statutory changes are sometimes included in the statute database before they take effect. If the source note at the end of a Section of the statutes includes a Public Act that has not yet taken effect, the version of the law that is currently in effect may have already been removed from the database and you should refer to that Public Act to see the changes made to the current law. ( ) 775 ILCS 20/1 (775 ILCS 20/1) (from Ch. 29, par. 24a) Sec. 1. In the construction of this act the public policy of the state of Illinois is hereby declared as follows: To facilitate the rearmament and defense program of the Federal government by the integration into the war defense industries of the state of Illinois all available types of labor, skilled, semi-skilled and common shall participate without discrimination as to race, color, creed, sex, religion, physical or mental disability unrelated to ability, or national origin whatsoever. (Source: P.A. 99-143, eff. 7-27-15.) 775 ILCS 20/1.1 (775 ILCS 20/1.1) (from Ch. 29, par. 24a.1) Sec. 1.1. Short title. This Act may be cited as the Defense Contract Employment Discrimination Act. (Source: P.A. 86-1324.) 775 ILCS 20/2 (775 ILCS 20/2) (from Ch. 29, par. 24b) Sec. 2. Every person, firm, association or corporation and the subcontractor, agent, or employee of the same to whom has been awarded a contract and to whom shall be awarded a contract by the United States government or any agency thereof and every person, firm, association or corporation which has been authorized or directed or is engaged in the training of persons for skilled or semi-skilled positions of labor for the United States government or any agency thereof and every subcontractor of any such person, firm, association, or corporation is designated in this act a war defense contractor. (Source: Laws 1941, vol. 1, p. 557.) 775 ILCS 20/3 (775 ILCS 20/3) (from Ch. 29, par. 24c) Sec. 3. It shall be unlawful for any war defense contractor, its officers or agents or employees to discriminate against any citizen of the state of Illinois because of race, color, creed, sex, religion, physical or mental disability unrelated to ability, or national origin in the hiring of employees and training for skilled or semi-skilled employment, and every such discrimination shall be deemed a violation of this act. (Source: P.A. 99-143, eff. 7-27-15.) 775 ILCS 20/4 (775 ILCS 20/4) (from Ch. 29, par. 24d) Sec. 4. Upon the filing of a verified complaint, setting out the facts of the alleged discrimination in the office of the Department of Employment Security of the State of Illinois, and the state's attorneys of the respective counties of the State of Illinois and the attorney general of Illinois on the relation of the State of Illinois, it shall be the duty of said respective officers or their assistants to enforce the prosecution of any violation of this act. (Source: P.A. 83-1503.) 775 ILCS 20/5 (775 ILCS 20/5) (from Ch. 29, par. 24e) Sec. 5. Any war defense contractor, its officers, agents or employees who shall violate any provisions of this Act shall be guilty of a petty offense. (Source: P.A. 77-2366 .) 775 ILCS 20/6 (775 ILCS 20/6) (",
        "scraped_snippet_2": null,
        "scrape_success": 1
      }
    ]
  }
]