[
  {
    "file_name": "DovaPharmaceuticalsInc_20181108_10-Q_EX-10.2_11414857_EX-10.2_PromotionAgreement.txt",
    "perturbation": [
      {
        "type": "Misaligned Terminology - Legal Contradiction",
        "original_text": "1.27 \"Field\" shall mean the treatment of thrombocytopenia in adult patients with chronic liver disease who are scheduled to undergo a procedure and any and all additional indications for which the Product is approved in the Territory.",
        "changed_text": "1.27 \"Field\" shall mean the treatment of thrombocytopenia in adult patients with chronic liver disease who are scheduled to undergo a procedure. Additional indications, if any, will not be considered.",
        "explanation": "The definition of \"Field\" is modified to exclude potential future approved indications for the Product. This creates a legal contradiction, as FDA-approved indications form the basis for permissible marketing and promotion activities. By limiting the 'Field' definition, the contract potentially restricts Valeant from promoting the Product for all FDA-approved uses, conflicting with regulatory mandates.",
        "contradicted_law": "21 U.S. Code § 351 - Adulterated drugs and devices",
        "law_citation": "21 U.S.C. § 351",
        "law_url1": [
          "https://www.law.cornell.edu/topn/adulterated_drugs_and_devices"
        ],
        "law_url2": [
          "https://uscode.house.gov/view.xhtml?req=(title:21%20section:351%20edition:prelim)"
        ],
        "law_explanation": "This modification could result in the product being misbranded if the promotion does not align with FDA approved indications. Promotion outside of the described 'Field' may violate labeling regulations, which requires approved uses to be clearly defined.",
        "location": "Article 1, Definitions",
        "scraped_snippet_1": null,
        "scraped_snippet_2": "21 USC 351: Adulterated drugs and devices Result 1 of 1 Current 2024 Main Ed. (1/6/2025) [Titles 1 through 6] 2018 Ed. and Supplement V (1/3/2024) 2018 Ed. and Supplement IV (1/5/2023) 2018 Ed. and Supplement III (1/3/2022) 2018 Ed. and Supplement II (1/13/2021) 2018 Ed. and Supplement I (1/24/2020) 2018 Main Ed. (1/14/2019) 2012 Ed. and Supplement V (1/12/2018) 2012 Ed. and Supplement IV (1/6/2017) 2012 Ed. and Supplement III (1/3/2016) 2012 Ed. and Supplement II (1/5/2015) 2012 Ed. and Supplement I (1/16/2014) 2012 Main Ed. (1/15/2013) 2006 Ed. and Supplement V (1/3/2012) 2006 Ed. and Supplement IV (1/7/2011) 2006 Ed. and Supplement III (2/1/2010) 2006 Ed. and Supplement II (1/5/2009) 2006 Ed. and Supplement I (1/8/2008) 2006 Main Ed. (1/3/2007) 2000 Ed. and Supplement V (1/2/2006) 2000 Ed. and Supplement IV (1/3/2005) 2000 Ed. and Supplement III (1/19/2004) 2000 Ed. and Supplement II (1/6/2003) 2000 Ed. and Supplement I (1/22/2002) 2000 Main Ed. (1/2/2001) 1994 Ed. and Supplement V (1/23/2000) 1994 Ed. and Supplement IV (1/5/1999) 1994 Ed. and Supplement III (1/26/1998) 1994 Ed. and Supplement II (1/6/1997) 1994 Ed. and Supplement I (1/16/1996) 1994 Main Ed. (1/4/1995) Back to Original Document << Previous TITLE 21 / CHAPTER 9 / SUBCHAPTER V / Part A / § 351 Next >> [Print] [Print selection] [OLRC Home] Help 21 USC 351 : Adulterated drugs and devices Text contains those laws in effect on April 16, 2025 From Title 21-FOOD AND DRUGS CHAPTER 9-FEDERAL FOOD, DRUG, AND COSMETIC ACT SUBCHAPTER V-DRUGS AND DEVICES Part A-Drugs and Devices Jump To: Source Credit Miscellaneous Amendments Effective Date §351. Adulterated drugs and devices A drug or device shall be deemed to be adulterated- (a) Poisonous, insanitary, etc., ingredients; adequate controls in manufacture (1) If it consists in whole or in part of any filthy, putrid, or decomposed substance; or (2)(A) if it has been prepared, packed, or held under insanitary conditions whereby it may have been contaminated with filth, or ",
        "scrape_success": 1
      },
      {
        "type": "Misaligned Terminology - Legal Contradiction",
        "original_text": "1.61 \"Target Professionals\" shall mean physicians, nurse practitioners, physician assistants and any other medical professionals in the Territory with prescribing authority (as authorized under Applicable Law) in the Territory for the Product.",
        "changed_text": "1.61 \"Target Professionals\" shall mean physicians only in the Territory, regardless of other medical professionals' permissions.",
        "explanation": "The definition of “Target Professionals” is altered to restrict it to only physicians, excluding nurse practitioners and physician assistants, etc. This introduces a conflict because nurse practitioners and physician assistants often have prescribing authority granted by state law. Excluding these professionals could limit the promotional reach and impact the agreement's effectiveness.",
        "contradicted_law": "42 CFR 455.410 - Basic requirements",
        "law_citation": "42 CFR 455.410",
        "law_url1": [
          "https://www.law.cornell.edu/cfr/text/42/455.410"
        ],
        "law_url2": [
          "https://www.ecfr.gov/current/title-42/chapter-IV/subchapter-C/part-455/subpart-D/section-455.410"
        ],
        "law_explanation": "Excluding those legally allowed to prescribe may be seen as an attempt to subvert the payments through other means by excluding eligible medical professionals. The exclusion does not support any real world application, so it appears to be fraudulent activity.",
        "location": "Article 1, Definitions",
        "scraped_snippet_1": "42 CFR § 455.410 - Enrollment and screening of providers. | Electronic Code of Federal Regulations (e-CFR) | US Law | LII / Legal Information Institute Please help us improve our site! × No thank you 42 CFR § 455.410 - Enrollment and screening of providers. CFR State Regulations prev | next § 455.410 Enrollment and screening of providers. (a) The State Medicaid agency must require all enrolled providers to be screened under to this subpart. (b) The State Medicaid agency must require all ordering or referring physicians or other professionals providing services under the State plan or under a waiver of the plan to be enrolled as participating providers. (c) The State Medicaid agency may rely on the results of the provider screening performed by any of the following: (1) Medicare contractors. (2) Medicaid agencies or Children's Health Insurance Programs of other States. (d) The State Medicaid agency must allow enrollment of all Medicare -enrolled providers and suppliers for purposes of processing claims to determine Medicare cost-sharing (as defined in section 1905(p)(3) of the Act) if the providers or suppliers meet all Federal Medicaid enrollment requirements, including, but not limited to, all applicable provisions of 42 CFR part 455 , subparts B and E. This paragraph (d) applies even if the Medicare -enrolled provider or supplier is of a type not recognized by the State Medicaid Agency. [ 76 FR 5968 , Feb. 2, 2011, as amended at 86 FR 45521 , Aug. 13, 2021] The following state regulations pages link to this page. Missouri 13 CSR 65-2.020 - 13 CSR 65-2.020 - Provider Enrollment and Application Ohio Ohio Admin. Code 5160-1-17.8 - 5160-1-17.8 - Provider screening and application fee. Oregon OR Admin. Rule 410-141-3510 - 410-141-3510 - Provider Contracting and Credentialing Washington Wash. Admin. Code § 182-500-0075 - 182-500-0075 - Medical assistance definitions—N. Wash. Admin. Code § 182-500-0080 - 182-500-0080 - Medical assistance definitions—O. Wash. Admin. Code § 182-500-0085 -",
        "scraped_snippet_2": "eCFR :: 42 CFR 455.410 -- Enrollment and screening of providers. Site Feedback You are using an unsupported browser × You are using an unsupported browser. This web site is designed for the current versions of Microsoft Edge, Google Chrome, Mozilla Firefox, or Safari. × Site Feedback The Office of the Federal Register publishes documents on behalf of Federal agencies but does not have any authority over their programs. We recommend you directly contact the agency associated with the content in question. If you have comments or suggestions on how to improve the www.ecfr.gov website or have questions about using www.ecfr.gov, please choose the 'Website Feedback' button below. Website Feedback If you would like to comment on the current content, please use the 'Content Feedback' button below for instructions on contacting the issuing agency Content Feedback If you have questions for the Agency that issued the current document please contact the agency directly. × Website Feedback * Your Name * Email Attachment * How can we help you? * I am requesting technical help or providing website feedback This contact form is only for website help or website suggestions. If you have questions or comments regarding a published document please contact the publishing agency. Comments or questions about document content can not be answered by OFR staff. Please do not provide confidential information or personal data. Browse Titles Agencies Incorporation by Reference Recent Updates Search Recent Changes Corrections Reader Aids Reader Aids Home Using the eCFR Point-in-Time System Understanding the eCFR Government Policy and OFR Procedures Developer Resources My eCFR My Subscriptions Sign Out Sign In / Sign Up Sign In / Sign Up Hi, Sign Out eCFR The Electronic Code of Federal Regulations Enhanced Content :: FR Reference Enhanced content is provided to the user to provide additional context. Enhanced Content :: FR Reference Title 42 This content is from the eCFR and is authoritative but unofficial. Displaying",
        "scrape_success": 2
      },
      {
        "type": "Misaligned Terminology - Legal Contradiction",
        "original_text": "4.3.2 Neither Valeant nor Field Force Personnel shall offer, pay, solicit or receive any remuneration to or from Target Professionals, in order to induce referrals of or purchase of the Product.",
        "changed_text": "4.3.2 Neither Valeant nor Field Force Personnel shall offer, pay, solicit or receive any remuneration to or from Target Professionals, unless it is pre-approved by legal counsel.",
        "explanation": "Modifying this clause to allow remuneration if \"pre-approved by legal counsel\" directly contradicts anti-kickback statutes. Legal counsel approval does not negate the illegality of offering or paying remuneration to induce referrals or purchases, creating potential liability.",
        "contradicted_law": "42 U.S.C. § 1320a-7b(b) - Illegal remunerations",
        "law_citation": "42 U.S.C. § 1320a-7b(b)",
        "law_url1": [
          "https://uscode.house.gov/view.xhtml?req=granuleid%3AUSC-prelim-title42-section1320a-7b"
        ],
        "law_url2": [
          "https://oig.hhs.gov/fraud/kickbacks-safe-harbors/"
        ],
        "law_explanation": "The Anti-Kickback Statute explicitly prohibits offering or paying remuneration to induce referrals, regardless of legal counsel approval. This change directly conflicts with federal law, potentially leading to severe penalties.",
        "location": "Article 4.3, Compliance with Applicable Law",
        "scraped_snippet_1": "This page is better viewed with a JavaScript enabled browser. Document not Found Document not found The document you were looking for does not exist. Click here to close this window, or click here to go back.",
        "scraped_snippet_2": null,
        "scrape_success": 1
      }
    ]
  }
]