[
  {
    "file_name": "LohaCompanyltd_20191209_F-1_EX-10.16_11917878_EX-10.16_SupplyAgreement.txt",
    "perturbation": [
      {
        "type": "Misaligned Terminology - Legal Contradiction",
        "original_text": "The seller shall be liable for any damage and loss of the commodity, expenses incurred on account of improper packing, and any damage attributable to inadequate or improper protective measures taken by the seller in regard to the packing. One full set of technical All wooden material of shipping package must be treated as the requirements of Entry-Exit Inspection and Quarantine Bureau of China, by the agent whom is certified by the government where the goods is exported.",
        "changed_text": "The seller shall not be liable for any damage and loss of the commodity, expenses incurred on account of improper packing, unless explicitly stated in a separate agreement, and any damage attributable to inadequate or improper protective measures taken by the seller in regard to the packing. All wooden material of shipping package will be treated without adhering to any particular requirements from any agency.",
        "explanation": "This change directly contradicts established standards for export packaging, particularly those related to phytosanitary measures for wooden packaging materials. By stating the seller is not liable and by removing any need for the wooden material to be treated, it violates regulations designed to prevent the spread of invasive species. This creates uncertainty as to who bears the risk and responsibility for non-compliant shipments.",
        "contradicted_law": "International Plant Protection Convention (IPPC) - ISPM 15",
        "law_citation": "ISPM 15",
        "law_url1": [
          "https://www.ippc.int/en/core-activities/standards-setting/ispms/"
        ],
        "law_url2": [
          "https://www.fao.org/fao-who-codexalimentarius/international-standards/international-plant-protection-convention/en/"
        ],
        "law_explanation": "ISPM 15 outlines the measures for regulating wood packaging material in international trade to reduce the risk of introduction and/or spread of quarantine pests. The modified text contradicts these standards by removing the seller's liability for damage due to improper packing and disregarding treatment requirements for wooden packaging materials, thereby risking non-compliance and potential legal ramifications related to international trade and phytosanitary regulations.",
        "location": "Section 5",
        "scraped_snippet_1": "s Commission on International Trade Law (UNCITRAL).” Third-party materials. Users wishing to reuse material from this work that is attributed to a third party, such as tables, figures or images, are responsible for determining whether permission is needed for that reuse and for obtaining permission from the copyright holder. The risk of claims resulting from infringement of any third-party-owned component in the work rests solely with the user. Sales, rights and licensing. FAO information products are available on the FAO website ( https://www.fao.org/publications ) and can be purchased through [email protected] . Requests for commercial use should be submitted via: https://www.fao.org/contact-us/licence-request . Queries regarding rights and licensing should be submitted to: [email protected] . Reference Adopted year Title Publication date EN FR ES AR ZH RU ISPM 27 Annex 01 (2010) DP 01: Thrips palmi Karny 13 Jul 2021 EN FR ES AR ZH RU ISPM 32 Categorization of commodities according to their pest risk Unofficial Translations Portuguese translation provided by MAPA, Brazil. Vietnamese translation provided by Ministry of Agriculture and Rural Development, Dong Da, Viet Nam 13 Jul 2021 EN FR ES AR ZH RU ISPM 31 Methodologies for sampling of consignments Unofficial Translations Portuguese translation provided by MAPA, Brazil. 13 Jul 2021 EN FR ES AR ZH RU ISPM 30 (Revoked by CPM-13 (2018)) REVOKED. Establishment of areas of low pest prevalence for fruit flies (Tephritidae) As decided by CPM-13 (2018): ISPM 30 has been embedded into ISPM 35. 17 Oct 2019 ISPM 29 Recognition of pest free areas and areas of low pest prevalence Unofficial Translations Portuguese translation provided by MAPA, Brazil. Vietnamese translation provided by Ministry of Agriculture and Rural Development, Dong Da, Viet Nam 13 Jul 2021 EN FR ES AR ZH RU ISPM 28 Phytosanitary treatments for regulated pests Note: the Secretariat has posted a revised version on 2014-04-28, to reflect the addition of PT-15, adopted at CPM-9. The treatments presented in the annexes to the ISPM 28 are included in the IPPC Phytosanitary treatments search tool that allow sorting based on treatment type, target pests and commodities. Additionally, the search tool returns results from phytosanitary treatments that are not adopted by the CPM but posted on the phytosanitary resource page as \" contributed of resources \". Unofficial Translations Portuguese translation provided by MAPA, Brazil. Vietnamese translation provided by Ministry of Agriculture and Rural Development, Dong Da, Viet Nam 13 Jul 2021 EN FR ES AR ZH RU ISPM 02 Framework for pest risk analysis Unofficial Translations Portuguese translation provided by MAPA, Brazil. Vietnamese translation provided by Ministry of Agriculture and Rural Development, Dong Da, Viet Nam. 13 Jul 2021 EN FR ES AR ZH RU ISPM 27 Diagnostic protocols for regulated pests Note: the Secretariat has posted a revised English version on 2014-04-28, to reflect the addition of DP-4, whose adoption was noted at CPM-9. Updates of language versions will follow. Unofficial Translations Portuguese translation provided by MAPA, Brazil. Vietnamese translation provided by Ministry of Agriculture and Rural Development, Dong Da, Viet Nam 13 Jul 2021 EN FR ES AR ZH RU ISPM 26 (as revised by CPM-13, 2018) Establishment of pest free areas for fruit flies (Tephritidae) This standard provides guidance for the establishment of pest free areas for fruit flies (Tephritidae) of economic importance, and for the maintenance of their pest free status. 13 Jul 2021 EN FR ES AR ZH RU ISPM 25 Consignments in transit Unofficial Translations Portuguese translation provided by MAPA, Brazil. Vietnamese translation provided by Ministry of Agriculture and Rural Development, Dong Da, Viet Nam 13 Jul 2021 EN FR ES AR ZH RU ISPM 01 Phytosanitary principles for the protection of plants and the application of phytosanitary measures in international trade Unofficial Translations Portuguese translati",
        "scraped_snippet_2": null,
        "scrape_success": 1
      },
      {
        "type": "Misaligned Terminology - Legal Contradiction",
        "original_text": "The Sellers shall mark on each package with fadeless paint the package number, gross weight, net weight, measurements and the wordings: \"KEEP AWAY FROM MOISTURE\",\"HANDLE WITH CARE\" \"THIS SIDE UP\" etc. and the shipping mark on each package with fadeless paint.",
        "changed_text": "The Sellers are encouraged to mark on each package with paint the package number and weight. The seller is not responsible for including other information such as \"KEEP AWAY FROM MOISTURE\", \"HANDLE WITH CARE\" or \"THIS SIDE UP\" or any shipping marks on each package.",
        "explanation": "This modification removes the mandatory requirement for specific markings on packages, including handling instructions, contradicting standard shipping practices and potentially violating safety regulations. It introduces uncertainty by making essential information optional, potentially leading to damage or mishandling of goods during transit. While the original text specified 'fadeless paint', this version encourages any paint which is inherently not as durable. ",
        "contradicted_law": "49 CFR § 173.24",
        "law_citation": "49 CFR § 173.24",
        "law_url1": [
          "https://www.law.cornell.edu/cfr/text/49/173.24"
        ],
        "law_url2": [
          "https://www.govinfo.gov/app/details/CFR-2012-title49-vol2/CFR-2012-title49-vol2-sec173-24"
        ],
        "law_explanation": "This modification could contradict 49 CFR § 173.24 which outlines general requirements for packaging and requires packages containing hazardous materials to be marked properly, including instructions. By making the markings optional, there is a potential violation of the rule, as the package may not have all of the legally required markings. The law applies to domestic United States shipments.",
        "location": "Section 6",
        "scraped_snippet_1": "49 CFR § 173.24 - General requirements for packagings and packages. | Electronic Code of Federal Regulations (e-CFR) | US Law | LII / Legal Information Institute Please help us improve our site! × No thank you 49 CFR § 173.24 - General requirements for packagings and packages. CFR State Regulations prev | next § 173.24 General requirements for packagings and packages. (a) Applicability. Except as otherwise provided in this subchapter, the provisions of this section apply to— (1) Bulk and non-bulk packagings; (2) New packagings and packagings which are reused; and (3) Specification and non-specification packagings. (b) Each package used for the shipment of hazardous materials under this subchapter shall be designed, constructed, maintained, filled, its contents so limited, and closed, so that under conditions normally incident to transportation— (1) Except as otherwise provided in this subchapter, there will be no identifiable (without the use of instruments) release of hazardous materials to the environment; (2) The effectiveness of the package will not be substantially reduced; for example, impact resistance, strength, packaging compatibility, etc. must be maintained for the minimum and maximum temperatures, changes in humidity and pressure, and shocks, loadings and vibrations, normally encountered during transportation; (3) There will be no mixture of gases or vapors in the package which could, through any credible spontaneous increase of heat or pressure, significantly reduce the effectiveness of the packaging ; (4) There will be no hazardous material residue adhering to the outside of the package during transport. (c) Authorized packagings. (1) A packaging is authorized for a hazardous material only if— (i) The packaging is prescribed or permitted for the hazardous material in a packaging section specified for that material in Column 8 of the § 172.101 table and conforms to applicable requirements in the special provisions of Column 7 of the § 172.101 table and, for specificat",
        "scraped_snippet_2": "GovInfo",
        "scrape_success": 2
      },
      {
        "type": "Misaligned Terminology - Legal Contradiction",
        "original_text": "Under Letter of Credit or T/T: Under the Letter of Credit: The Buyer shall open an irrevocable letter of credit with the bank within 30 days after signing the contract, in favor of the Seller, for 100% value of the total contract value. The letter of credit should state that partial shipments are allowed. The Buyer's agent agrees to pay for the goods in accordance with the actual amount of the goods shipped. 80% of the system value being shipped will be paid against the documents stipulated in Clause 12.1. The remaining 20% of the system value being shipped will be paid against the documents stipulated in Clause 12.2. The Letter of Credit shall be valid until 90 days after the latest shipment is effected.",
        "changed_text": "Under Letter of Credit or T/T: Under the Letter of Credit: The Buyer shall open a revocable letter of credit with the bank at their discretion after signing the contract, in favor of the Seller, for a value determined by the buyer at the time of opening the letter of credit. The letter of credit will state that partial shipments are not allowed. The Buyer's agent agrees to pay for the goods arbitrarily. 100% of the system value being shipped will be paid against documents arbitrarily selected. The Letter of Credit shall be valid until 30 days after the latest shipment is effected.",
        "explanation": "This alteration introduces multiple contradictions to standard Letter of Credit (LC) practices. Changing 'irrevocable' to 'revocable' directly undermines the security an LC provides to the seller. The value and timing are now at the buyer's discretion, going against established guidelines that protect the seller. By saying that 'partial shipments are not allowed' makes the LC more restrictive. Finally, reducing the validity from 90 days to 30 days gives the seller less time to ship and receive payment.",
        "contradicted_law": "Uniform Customs and Practice for Documentary Credits (UCP 600)",
        "law_citation": "UCP 600",
        "law_url1": [
          "https://iccwbo.org/publication/ucp-600-uniform-customs-and-practice-for-documentary-credits-2007-revision/"
        ],
        "law_url2": [
          "https://new.go.aba.com/Training/documentary-intl-trade/Pages/ucp-600.aspx"
        ],
        "law_explanation": "While not a law, the UCP 600 is the industry standard for letters of credit. By making the LC revocable, arbitrary, and only 30 days valid, the LC no longer provides the certainty or standards laid out by UCP 600.",
        "location": "Section 11",
        "scraped_snippet_1": null,
        "scraped_snippet_2": null,
        "scrape_success": 0
      }
    ]
  }
]