[
  {
    "file_name": "ThriventVariableInsuranceAccountB_20190701_N-6_EX-99.D(IV)_11720968_EX-99.D(IV)_EndorsementAgreement.txt",
    "perturbation": [
      {
        "type": "Misaligned Terminology - Legal Contradiction",
        "original_text": "If the solvency of the Society becomes impaired, you may be required to make an extra payment. The Board of Directors will determine the amount of any extra payment. It will be based on each member's fair share of the deficiency. You may make the extra payment by an equivalent reduction in benefits or by a payment in cash. If you do not make the extra payment within 60 days from the date we notify you of your share of the deficiency, the amount will be charged as an indebtedness against the contract with interest compounded at the rate of 5% per year.",
        "changed_text": "If the solvency of the Society becomes impaired, you may be required to make an extra contribution. The Executive Committee will determine the amount of any extra contribution. It will be based on a subjective evaluation of what is deemed fair. You may only make the extra contribution by a reduction in benefits. If you do not make the extra contribution within 30 days from the date we notify you, the amount will be considered a donation.",
        "explanation": "The terms \"extra payment\" is replaced with \"extra contribution,\" and \"Board of Directors\" is replaced with \"Executive Committee.\" The method for determining the amount changes from \"each member's fair share of the deficiency\" to \"subjective evaluation of what is deemed fair.\" Acceptable payment methods are restricted, and failure to pay results in a \"donation\" rather than \"indebtedness.\" This creates ambiguity about the member's obligations and the society's recourse.",
        "contradicted_law": "Wisconsin Statutes Chapter 611, relating to insurance corporations, particularly sections dealing with solvency and member assessments.",
        "law_citation": "Wis. Stat. § 611.03(1)(a)",
        "law_url1": [
          "https://docs.legis.wisconsin.gov/statutes/statutes/611/03/1/a"
        ],
        "law_url2": [
          "https://law.justia.com/codes/wisconsin/2022/chapter-611/section-611.03/"
        ],
        "law_explanation": "The modification contradicts Wisconsin Statutes regarding the required method of assessment during solvency impairment. The statute mandates a fair and equitable assessment based on deficiency, whereas the modified text allows for a subjective evaluation. By modifying the terms for repayment, there is no guarantee that the insurance company will receive the correct amount due to the changes in timelines and what happens if payments aren't made, therefore, violating code 611.03(1)(a).",
        "location": "Maintenance of Solvency section",
        "scraped_snippet_1": null,
        "scraped_snippet_2": null,
        "scrape_success": 0
      },
      {
        "type": "Misaligned Terminology - Legal Contradiction",
        "original_text": "MEMBERSHIP. The person(s) named as the Insured(s) or the Annuitant(s) is a benefit member of the Society. Rights and privileges of membership are set forth in the Articles of Incorporation and Bylaws of the Society. These rights and privileges are separate from the ownership of this contract.",
        "changed_text": "MEMBERSHIP. The person(s) named as the Insured(s) or the Annuitant(s) may be considered a member of the Society. Specific rights and privileges of membership, if any, are at the discretion of the Society's leadership. Any rights and privileges are not guaranteed and may be linked to the contract's performance.",
        "explanation": "The original text clearly states the Insured/Annuitant is a \"benefit member.\" The modified text makes membership discretionary and removes guaranteed rights, linking them to contract performance. This introduces ambiguity and contradicts the nature of membership benefits.",
        "contradicted_law": "Wisconsin Statutes Chapter 148, relating to fraternal benefit societies, particularly sections defining member rights and benefits.",
        "law_citation": "Wis. Stat. § 148.06",
        "law_url1": [
          "https://docs.legis.wisconsin.gov/statutes/statutes/148/06"
        ],
        "law_url2": [
          "https://law.justia.com/codes/wisconsin/2022/chapter-148/section-148.06/"
        ],
        "law_explanation": "The modification contradicts Wisconsin Statutes pertaining to fraternal benefit societies and the definition of members and their rights. By saying the member \"may be considered\" instead of is, it goes against the description in 148.06 and how it affects insurance policy holders who are supposed to be given guaranteed member rights.",
        "location": "Membership section",
        "scraped_snippet_1": "Wisconsin Legislature: 148.06 Skip navigation Home Documents Senate Assembly Committees Service Agencies Docs Options Help 2025 Biennium Statutes Admin. Rules Indices Miscellaneous Archives Home Bill, Rule, and Appointment Histories Senators Representatives Committees Text of Introduced Proposals Amendment Text Acts Veto Messages Enrolled Bills Votes Assembly and Senate Floor Calendars Schedule of Committee Activities Assembly and Senate Journals Committee Records (ROCPs) Legislative Rules All Session-Related Documents Subject Index to Acts Subject Index to Legislation Subject Index to Journals Author Index to Legislation Subject Index to Clearinghouse Rules Miscellaneous Budget Documents Executive Orders Rulings of the Chair Wisconsin Supreme Court Rules Opinions of the Attorney General Town Law Forms Law Districts Session Drafting Files Feeds Preferences Show tree Hide tree Feedback Help Home Senate Home Senators Committees Session Chief Clerk Sergeant at Arms Civic Education Human Resources Assembly Home Representatives Committees Session Chief Clerk Sergeant at Arms Human Resources Schedule Joint Senate Assembly Study Legislative Audit Bureau Legislative Council Legislative Fiscal Bureau Legislative Human Resources Office Legislative Reference Bureau Legislative Technology Services Bureau Menu » Statutes Related » Statutes » Chapter 148 Up Up 148.03 History History: 1973 c. 275 ; 1975 c. 223 . 148.03 Note NOTE: Chapter 223, laws of 1975 , which repealed and recreated this section contained notes on this section and the revision. 148.04 148.04 Definitions applicable to indemnification and insurance provisions. In ss. 148.04 to 148.17 : 148.04(1) (1) “Director or officer” means any of the following: 148.04(1)(a) (a) A natural person who is or was a director or officer of a medical society. 148.04(1)(b) (b) A natural person who, while a director or officer of a medical society, is or was serving at the medical society’s request as a director, officer, partner, trustee, member of any governing ",
        "scraped_snippet_2": null,
        "scrape_success": 1
      },
      {
        "type": "Misaligned Terminology - Legal Contradiction",
        "original_text": "DIVIDENDS. Each year, we will determine our divisible surplus. This contract's share, if any, will be credited as a dividend. Since we do not expect this contract to contribute to divisible surplus, it is not expected that any dividends will be credited.",
        "changed_text": "DISTRIBUTIONS. Each year, we may allocate funds. This contract's share, if any, may be allocated as a distribution. Any distribution is purely discretionary and is not related to the contract's divisible surplus.",
        "explanation": "Replaces \"dividends\" with \"distributions,\" and states distributions are purely discretionary and not related to divisible surplus, which suggests they could be based on other factors.",
        "contradicted_law": "Wisconsin Statutes Chapter 611.13, regulating the distribution of divisible surplus of insurance companies.",
        "law_citation": "Wis. Stat. § 611.13",
        "law_url1": [
          "https://docs.legis.wisconsin.gov/statutes/statutes/611/13"
        ],
        "law_url2": [
          "https://law.justia.com/codes/wisconsin/2022/chapter-611/section-611.13/"
        ],
        "law_explanation": "This is a violation of the law because it makes the process of figuring distributions of divisible surplus not by statute. Wisconsin Statute 611.13 states that companies must distribute their dividends according to the law; therefore, changing the requirements violates state laws.",
        "location": "Dividends section",
        "scraped_snippet_1": null,
        "scraped_snippet_2": null,
        "scrape_success": 0
      }
    ]
  }
]