[
  {
    "file_name": "VEONEER,INC_02_21_2020-EX-10.11-JOINTVENTUREAGREEMENT.txt",
    "perturbation": [
      {
        "type": "Misaligned Terminology - Legal Contradiction",
        "original_text": "This Amendment shall be governed by and construed in accordance with the laws of Japan.",
        "changed_text": "This Amendment shall be governed by and construed in accordance with the laws of Sweden.",
        "explanation": "The original clause specifies Japanese law. Changing it to Swedish law without proper justification creates a conflict if the contract involves entities operating primarily under or significantly affected by Japanese regulations. This change introduces legal uncertainty as Japan's laws governing joint ventures and corporate governance may significantly differ from Swedish laws.",
        "contradicted_law": "Act on General Rules for Application of Laws (Japan)",
        "law_citation": "Act No. 78 of 1898",
        "law_url1": [
          "http://www.japaneselawtranslation.go.jp/law/detail/?id=3474&vm=04&re=01"
        ],
        "law_url2": [
          "https://www.jetro.go.jp/ext_images/_Reports/02/2019/43328d145011d560/invest_04-1.pdf"
        ],
        "law_explanation": "The Act on General Rules for Application of Laws (Japan) dictates which jurisdiction's laws apply to contractual obligations when parties are from different countries. If the joint venture has substantial connections to Japan (e.g., operations, assets), Japanese law would likely apply regardless of what the contract states. Changing the governing law to Sweden contradicts this principle, potentially invalidating the choice-of-law clause.",
        "location": "Article 3",
        "scraped_snippet_1": null,
        "scraped_snippet_2": null,
        "scrape_success": 0
      },
      {
        "type": "Misaligned Terminology - Legal Contradiction",
        "original_text": "Notwithstanding Article 1.1, Article 1.2 and Article 1.3 above, the Nissin Parties agree to cause each of VNBJ and VNBZ to comply with Sections 4.3.2 and 4.3.3 of the JV Agreement with respect to the indemnification or reimbursement, as applicable, of all Directors and Officers (except those individuals resigning pursuant to Section 6.2.6 of the VNBJ SPA and Section 6.2.6 of the VNBZ SPA) with respect to any Liabilities arising prior to the VNBJ Closing or the VNBZ Closing, as applicable.",
        "changed_text": "Notwithstanding Article 1.1, Article 1.2 and Article 1.3 above, the Nissin Parties agree to encourage each of VNBJ and VNBZ to consider complying with Sections 4.3.2 and 4.3.3 of the JV Agreement with respect to the indemnification or reimbursement, as applicable, of all Directors and Officers (except those individuals resigning pursuant to Section 6.2.6 of the VNBJ SPA and Section 6.2.6 of the VNBZ SPA) with respect to any Liabilities arising prior to the VNBJ Closing or the VNBZ Closing, as applicable.",
        "explanation": "Changing 'agree to cause...to comply' to 'agree to encourage...to consider complying' weakens the obligation of the Nissin Parties regarding indemnification of Directors and Officers. This introduces ambiguity about the actual responsibility for indemnification, making enforcement uncertain.",
        "contradicted_law": "Companies Act (Japan)",
        "law_citation": "Act No. 86 of 2005, Article 430",
        "law_url1": [
          "http://www.japaneselawtranslation.go.jp/law/detail/?id=3511&vm=04&re=01"
        ],
        "law_url2": [
          "https://www.cas.go.jp/jp/seisaku/hourei/data/c_act.pdf"
        ],
        "law_explanation": "Article 430 of the Companies Act (Japan) outlines the responsibilities of companies regarding the indemnification of officers. While the JV agreement likely outlines specific indemnification procedures, weakening the obligation in the amendment creates a potential conflict if Japanese law requires a stronger commitment to officer indemnification, which is the case. 'Agree to encourage' is not legally enforceable compared to 'agree to cause'.",
        "location": "Article 2",
        "scraped_snippet_1": null,
        "scraped_snippet_2": null,
        "scrape_success": 0
      },
      {
        "type": "Misaligned Terminology - Legal Contradiction",
        "original_text": "For clarity, upon the later of the VNBJ Closing and the VNBZ Closing, the JV Agreement will remain in full force and effect in accordance with the terms thereof solely between the Nissin Parties and Autoliv AB with respect to the liquidation proceedings of ANRA.",
        "changed_text": "For clarity, upon the later of the VNBJ Closing and the VNBZ Closing, the JV Agreement will remain in full force and effect at the discretion of the Nissin Parties with respect to the liquidation proceedings of ANRA.",
        "explanation": "The original clause states the JV Agreement remains in full force and effect. Changing it to 'at the discretion of the Nissin Parties' gives Nissin unilateral control over the agreement's continuation. This contradicts the implied mutual agreement necessary for contract enforcement.",
        "contradicted_law": "Contract Law (General Provisions) Act (Japan)",
        "law_citation": "Act No. 67 of 2017, Article 3",
        "law_url1": [
          "http://www.japaneselawtranslation.go.jp/law/detail/?id=2026&vm=04&re=01"
        ],
        "law_url2": [
          "https://www.moj.go.jp/content/001229655.pdf"
        ],
        "law_explanation": "Article 3 of the Contract Law (General Provisions) Act (Japan) emphasizes the principle of good faith and fair dealing in contractual relationships. Granting one party (Nissin) unilateral discretion to enforce or disregard the agreement relating to the ANRA liquidation contradicts this principle. Contractual obligations should be based on mutual agreement, not the whim of one party. This change renders the obligation unenforceable.",
        "location": "Article 1.c",
        "scraped_snippet_1": null,
        "scraped_snippet_2": null,
        "scrape_success": 0
      }
    ]
  }
]