[
  {
    "file_name": "LIMEENERGYCO_09_09_1999-EX-10-DISTRIBUTORAGREEMENT.txt",
    "perturbation": [
      {
        "type": "Misaligned Terminology - Legal Contradiction",
        "original_text": "1.7 Relationship of Parties. The relationship between the Company and the Distributor Page -3- is that of vendor and vendee. This Agreement does not create the relationship of principal and agent between the Company and the Distributor for any purpose whatsoever.",
        "changed_text": "1.7 Relationship of Parties. The relationship between the Company and the Distributor Page -3- is that of vendor and vendee. This Agreement shall create the relationship of principal and agent between the Company and the Distributor for specific purposes outlined in Section 2.5.",
        "explanation": "By stating that the agreement *does* create a principal-agent relationship for specific purposes, we introduce a contradiction and ambiguity. This is misaligned because traditionally, a distributor agreement intends vendor/vendee relationship, where a distributor is an independent entity buying and selling products, rather than acting as an agent on behalf of the company. Creating a principal-agent relationship, even for limited purposes, introduces legal complexities and potential liabilities.",
        "contradicted_law": "Illinois Agency Law - specifically concerning the duties and liabilities of principals and agents.",
        "law_citation": "805 ILCS 310/1",
        "law_url1": [
          "http://www.ilga.gov/legislation/ilcs/ilcs3.asp?ActID=2234&ChapterID=64"
        ],
        "law_url2": [
          "https://law.justia.com/codes/illinois/2016/chapter-805/act-310/section-310-1/"
        ],
        "law_explanation": "The changed text contradicts the common understanding and legal framework surrounding distributor agreements, which generally avoid creating a principal-agent relationship. Illinois law defines agency and the duties that accompany it; creating such a relationship, even for limited purposes, can invoke these duties and liabilities which are not desired in a typical distributor relationship. The alteration creates uncertainty as to the scope of the agency relationship and potential fiduciary duties.",
        "location": "Section 1.7",
        "scraped_snippet_1": "Home Legislation & Laws Senate House My Legislation Site Map Bills & Resolutions Compiled Statutes Public Acts Legislative Reports IL Constitution Legislative Guide Legislative Glossary Search By Number (example: HB0001) Search Tips Search By Keyword Search Tips Advanced Search Illinois Compiled Statutes Back to Act Listing Public Acts Search Guide Disclaimer Printer-Friendly Version Information maintained by the Legislative Reference Bureau Updating the database of the Illinois Compiled Statutes (ILCS) is an ongoing process. Recent laws may not yet be included in the ILCS database, but they are found on this site as Public Acts soon after they become law. For information concerning the relationship between statutes and Public Acts, refer to the Guide . Because the statute database is maintained primarily for legislative drafting purposes, statutory changes are sometimes included in the statute database before they take effect. If the source note at the end of a Section of the statutes includes a Public Act that has not yet taken effect, the version of the law that is currently in effect may have already been removed from the database and you should refer to that Public Act to see the changes made to the current law. ( ) 765 ILCS 1045/1 (765 ILCS 1045/1) (from Ch. 140, par. 101) Sec. 1. This Act may be cited as the Industrial and Linen Supplies Marking Law. (Source: P.A. 86-1475.) 765 ILCS 1045/2 (765 ILCS 1045/2) (from Ch. 140, par. 102) Sec. 2. For the purposes of this Act, unless otherwise required by the context: (a) \"Person\" means any individual, firm, partnership or corporation. (b) \"Name,\" \"mark,\" or \"device\" means any word, name, symbol, picture, design or device, or any combination thereof, produced upon, and used by a person to indicate ownership of articles and supplies as herein defined. (c) \"Produced upon\" means branded, transferred, stamped, stenciled, engraved, etched, blown, embossed, impressed, embroidered, sewn, or otherwise permanently placed upon any articles or supplies referred to herein. (d) \"Articles\" or \"Supplies\" means, but is not limited to, any item which is designed or intended for loan or other compensated use and re-use in the normal course of trade by the person filing hereunder, and includes but is not limited to towels, industrial wiping towels, sheets, pillow cases, napkins, tablecloths, linen, coats, aprons, garments serviced by linen and towel supply companies, garments serviced by industrial garment and towel supply companies, articles of dust control, toilet devices, towel dispensing cabinets or other kindred articles or supplies such as bags, carts, baskets or other receptacles used as packages or containers in the loaning or other circulation of such articles or supplies. (e) A name, mark or device is \"used in this State\" when such name, mark or device is placed upon articles or supplies which are loaned, rented or otherwise circulated within the State. (f) \"Registrant\" means any person who files a name, mark or device under this Act. (Source: Laws 1967, p. 1405.) 765 ILCS 1045/3 (765 ILCS 1045/3) (from Ch. 140, par. 103) Sec. 3. Right to register name or mark. Any person who uses in this State a name, mark or device to indicate ownership of articles or sup",
        "scraped_snippet_2": null,
        "scrape_success": 1
      },
      {
        "type": "Misaligned Terminology - Legal Contradiction",
        "original_text": "3.3 Warranty. Company shall at all times make reasonable efforts to maintain quality control and to deliver Products to Distributor which, when received by Distributor, or, as the case may be, the end-user, are properly and adequately packaged and contained, fully assembled (except for miscellaneous components which may be shipped separately to prevent damage in transit), fully functional and otherwise in conformance with the warranties set forth herein. Company warrants that the Products will be designed, manufactured, constructed, assembled and packaged in a workmanlike manner and that such Products shall be fully functional and fit for their intended purposes. Company further warrants that the Products sold hereunder shall be free from defects in design, materials and workmanship for a period of twenty-four (24) months after delivery to Distributor's end-user. The Company shall not be liable for defective Products, except as provided in this Agreement. The Distributor at all times shall comply with all requirements of the Magnuson-Moss Warranty-Federal Trade Commission Improvement Act and similar federal and state laws and regulations.",
        "changed_text": "3.3 Warranty. Company shall at all times make reasonable efforts to maintain quality control and to deliver Products to Distributor which, when received by Distributor, or, as the case may be, the end-user, are properly and adequately packaged and contained, fully assembled (except for miscellaneous components which may be shipped separately to prevent damage in transit), fully functional and otherwise in conformance with the warranties set forth herein. Company warrants that the Products will be designed, manufactured, constructed, assembled and packaged in a workmanlike manner and that such Products shall be fully functional and fit for their intended purposes. Company warrants that the Products will be designed, manufactured, constructed, assembled and packaged in an ordinary manner and that such Products shall be functional and seemingly fit for their usual general purposes. Company further warrants that the Products sold hereunder shall be free from defects in design, materials and workmanship for a period of one (1) month after delivery to Distributor's end-user. The Company shall not be liable for defective Products, except as provided in this Agreement. The Distributor at all times shall comply with all requirements of the Magnuson-Moss Warranty-Federal Trade Commission Improvement Act and similar federal and state laws and regulations.",
        "explanation": "The original text uses \"workmanlike manner\". I replaced this with \"ordinary manner\" to introduce legal ambiguity, and similarly for \"fit for their intended purposes\" becoming \"seemingly fit for their usual general purposes\". Further, the warranty was reduced to 1 month. By using \"ordinary manner\" and \"usual general purposes\", the warranty obligation of the company is reduced. The warranty period has also been reduced to one month. Illinois has specific provisions regarding implied warranties and their disclaimers. By reducing the warranty period and altering the language of the warranty, the agreement now attempts to reduce the protections afforded to the distributor, potentially contradicting Illinois warranty law.",
        "contradicted_law": "Illinois Uniform Commercial Code - Implied Warranty of Merchantability",
        "law_citation": "810 ILCS 5/2-314",
        "law_url1": [
          "http://www.ilga.gov/legislation/ilcs/ilcs4.asp?DocName=Ch0810Act5Art2Pt3&ActID=2368&ChapterID=67&SeqStart=1350000&SeqEnd=1820000"
        ],
        "law_url2": [
          "https://codes.findlaw.com/il/chapter-810-uniform-commercial-code/il-st-sect-810-5-2-314.html"
        ],
        "law_explanation": "Illinois law provides an implied warranty of merchantability, which requires that goods be fit for the ordinary purposes for which such goods are used. By warranting only that products are designed, manufactured, and packaged in an 'ordinary manner' and are 'seemingly fit for their usual general purposes,' the modified text attempts to weaken this implied warranty. Additionally, the shorter warranty duration conflicts with what is considered a reasonable time for discovering defects, potentially rendering the disclaimer unconscionable under Illinois law.",
        "location": "Section 3.3",
        "scraped_snippet_1": "815 ILCS 617/ Euro Conversion Act. Home Legislation & Laws Senate House My Legislation Site Map Bills & Resolutions Compiled Statutes Public Acts Legislative Reports IL Constitution Legislative Guide Legislative Glossary Search By Number (example: HB0001) Search Tips Search By Keyword Search Tips Advanced Search Illinois Compiled Statutes Back to Article Listing Public Acts Search Guide Disclaimer Printer-Friendly Version Information maintained by the Legislative Reference Bureau Updating the database of the Illinois Compiled Statutes (ILCS) is an ongoing process. Recent laws may not yet be included in the ILCS database, but they are found on this site as Public Acts soon after they become law. For information concerning the relationship between statutes and Public Acts, refer to the Guide . Because the statute database is maintained primarily for legislative drafting purposes, statutory changes are sometimes included in the statute database before they take effect. If the source note at the end of a Section of the statutes includes a Public Act that has not yet taken effect, the version of the law that is currently in effect may have already been removed from the database and you should refer to that Public Act to see the changes made to the current law. BUSINESS TRANSACTIONS (815 ILCS 617/) Euro Conversion Act. Top Home | Legislation & Laws | House | Senate | My Legislation | Disclaimers | Email This site is maintained for the Illinois General Assembly by the Legislative Information System, 705 Stratton Building, Springfield, Illinois 62706 Contact ILGA Webmaster",
        "scraped_snippet_2": null,
        "scrape_success": 1
      },
      {
        "type": "Misaligned Terminology - Legal Contradiction",
        "original_text": "2.7 Payment Terms. Distributor shall pay Company within thirty (30) days of Distributor's or, as the case may be, the end-user's receipt of Products.",
        "changed_text": "2.7 Payment Terms. Distributor shall pay Company within ninety (90) days of Distributor's acceptance of the products, regardless of the end-user's receipt of Products. Distributor acceptance is assumed upon completion of 30 days, following delivery, if there is no written notice of defects.",
        "explanation": "Payment terms were changed from 30 to 90 days and acceptance is tied to a 30-day notification of defects. This change attempts to alter the standard commercial transaction terms and payment deadlines for goods. While parties can contractually agree to payment terms, imposing a 90-day payment window, especially when acceptance is presumed after 30 days unless defects are reported, can contradict standard business practices and potentially violate requirements of good faith and fair dealing. Further, a 90 day payment term may conflict with other laws related to debt collection or prompt payment.",
        "contradicted_law": "Illinois Sales Representative Act - specifically concerning timely payment to sales representatives.",
        "law_citation": "820 ILCS 120/2",
        "law_url1": [
          "http://www.ilga.gov/legislation/ilcs/ilcs3.asp?ActID=2427&ChapterID=68"
        ],
        "law_url2": [
          "https://codes.findlaw.com/il/chapter-820-employment/il-st-sect-820-120-2.html"
        ],
        "law_explanation": "While this Act primarily covers sales representatives, the principle of timely payment can be extended to distributor agreements if the distributor is considered a sales representative under the law. Illinois law mandates timely payment to sales representatives after termination of the agreement. Extending payment terms to 90 days, especially with presumed acceptance after 30 days, could be seen as an attempt to circumvent these timely payment requirements and create an unreasonable delay in compensation. If the distributor is deemed a sales representative under Illinois law, this change could be considered a violation.",
        "location": "Section 2.7",
        "scraped_snippet_1": "820 ILCS 250/ Underground Sewer Employee Safety Act. Home Legislation & Laws Senate House My Legislation Site Map Bills & Resolutions Compiled Statutes Public Acts Legislative Reports IL Constitution Legislative Guide Legislative Glossary Search By Number (example: HB0001) Search Tips Search By Keyword Search Tips Advanced Search Illinois Compiled Statutes Back to Act Listing Public Acts Search Guide Disclaimer Printer-Friendly Version Information maintained by the Legislative Reference Bureau Updating the database of the Illinois Compiled Statutes (ILCS) is an ongoing process. Recent laws may not yet be included in the ILCS database, but they are found on this site as Public Acts soon after they become law. For information concerning the relationship between statutes and Public Acts, refer to the Guide . Because the statute database is maintained primarily for legislative drafting purposes, statutory changes are sometimes included in the statute database before they take effect. If the source note at the end of a Section of the statutes includes a Public Act that has not yet taken effect, the version of the law that is currently in effect may have already been removed from the database and you should refer to that Public Act to see the changes made to the current law. EMPLOYMENT (820 ILCS 250/) Underground Sewer Employee Safety Act. 820 ILCS 250/0.01 (820 ILCS 250/0.01) (from Ch. 48, par. 1100) Sec. 0.01. Short title. This Act may be cited as the Underground Sewer Employee Safety Act. (Source: P.A. 86-1324.) 820 ILCS 250/0.05 (820 ILCS 250/0.05) Sec. 0.05. Federal regulations; operation of Act. (a) Except as provided in subsection (b), Sections 1 through 6 of this Act are inoperative on and after the effective date of this amendatory Act of the 102nd General Assembly. (b) If at any time the Occupational Safety and Health standards at 29 CFR 1910.120, 29 CFR 1910.146 or the Safety and Health Regulations for Construction standards 29 CFR 1926.1201 through 29 CFR 1926.1213 are repealed or revoked, the Director of Labor shall adopt a rule setting forth a determination that this Act should be reviewed and reinstated, in whole or in part, in order to protect the health and safety of Illinois' workers. On the date such a rule is adopted, this Act shall again become operative. (Source: P.A. 102-1071, eff. 6-10-22.) 820 ILCS 250/1 (820 ILCS 250/1) (from Ch. 48, par. 1101) Sec. 1. This Act shall apply to all employers engaged in any occupation, business or enterprise in this State, including the State of Illinois and its political subdivisions. (Source: P.A. 102-1071, eff. 6-10-22.) 820 ILCS 250/2 (820 ILCS 250/2) (from Ch. 48, par. 1102) Sec. 2. It shall be the duty of every employer to furnish each employee who performs duties which involve or may reasonably be expected to involve entering an underground sewer, including but not limited to such employees as utility workers, firemen, policemen, paramedics, investigators and personnel involved with maintenance and repair work, information concerning the prevention of personal injuries and diseases by contact with poisonous or deleterious materials, vapors, gases or fumes. (Source: P.A. 81-772.) 820 ILCS 250/3 (820 ILCS 250/3) (from Ch. 48, par. 1103) Sec. 3. It shall be the duty of every employer of any person performing construction, maintenance or repair work inside any underground sewer which has been used as such to have safety information and equipment available at the work site. Such information and equipment shall include at a minimum (i) material for use as lifelines, (ii) equipment for venting of locations in the underground sewers where work is to be performed, (iii) individual oxygen masks or similar gear for each employee who works underground, (iv) chemicals or equipment to test for dangerous gas, and (v) equipment for prompt communications with emergency m",
        "scraped_snippet_2": "Illinois Statutes Chapter 820. Employment § 120/2 | FindLaw Illinois Statutes Chapter 820. Employment § 120/2. Commissions Current as of January 01, 2022 | Updated by FindLaw Staff § 2. All commissions due at the time of termination of a contract between a sales representative and principal shall be paid within 13 days of termination, and commissions that become due after termination shall be paid within 13 days of the date on which such commissions become due. Any provision in any contract between a sales representative and principal purporting to waive any of the provisions of this Act shall be void. Back to chapter list Previous part of code Next part of code Back to chapter list Copy Cite this article: FindLaw.com - Illinois Statutes Chapter 820. Employment § 120/2. Commissions - last updated January 01, 2022 | https://codes.findlaw.com/il/chapter-820-employment/il-st-sect-820-120-2.html Read this complete Illinois Statutes Chapter 820. Employment § 120/2. Commissions on Westlaw . Westlaw subscription required. FindLaw Codes may not reflect the most recent version of the law in your jurisdiction. Please verify the status of the code you are researching with the state legislature or via Westlaw before relying on it for your legal needs. Was this helpful? Yes No Easy to understand Solved my problem Other Missing the information I need Too complicated / too many steps Out of date Other Submit Cancel Search all Illinois Codes Citation or keyword Enter citation or keyword View results Welcome to FindLaw's Cases & Codes A free source of state and federal court opinions, state laws, and the United States Code. For more information about the legal concepts addressed by these cases and statutes, visit FindLaw's Learn About the Law. Go to Learn About the Law Latest Blog Posts Massachusetts Supreme Court Revisits Definition of Operating In OUI Case California Lawsuit Over Parental Knowledge Concerning Transgender Students Allowed To Continue Unclaimed Property Lawsuit in Colorado Revived by 10th Circuit Federal Law Pro",
        "scrape_success": 2
      }
    ]
  }
]