[
  {
    "file_name": "PfHospitalityGroupInc_20150923_10-12G_EX-10.1_9266710_EX-10.1_FranchiseAgreement3.txt",
    "perturbation": [
      {
        "type": "Misaligned Terminology - Legal Contradiction",
        "original_text": "WHEREAS, Franchisor and Franchisee have executed a Franchise Agreement (\"Franchise Agreement\") granting Franchisee the right to operate a Franchised Business under the terms and conditions of the Franchise Agreement;",
        "changed_text": "WHEREAS, Franchisor and Franchisee have executed a Franchise Agreement (\"Franchise Agreement\") granting Franchisee the right to operate a Franchised Business under the terms and conditions they deem fit.",
        "explanation": "The original text clearly states the franchisee's operation is under the terms of the Franchise Agreement. The modified text implies the franchisee can operate under conditions they see fit, conflicting with standard franchise law that mandates adherence to the franchise agreement.",
        "contradicted_law": "Federal Trade Commission Franchise Rule",
        "law_citation": "16 CFR § 436.5",
        "law_url1": [
          "https://www.ecfr.gov/current/title-16/chapter-I/subchapter-D/part-436/section-436.5"
        ],
        "law_url2": [
          "https://www.ftc.gov/legal-library/browse/rules/franchise-rule"
        ],
        "law_explanation": "The FTC Franchise Rule requires franchisors to provide specific information in the franchise agreement. Allowing franchisees to operate under conditions they deem fit undermines the standardized nature of franchise agreements and disclosure requirements mandated by federal law.",
        "location": "Recitals",
        "scraped_snippet_1": "eCFR :: 16 CFR 436.5 -- Disclosure items. Site Feedback You are using an unsupported browser × You are using an unsupported browser. This web site is designed for the current versions of Microsoft Edge, Google Chrome, Mozilla Firefox, or Safari. × Site Feedback The Office of the Federal Register publishes documents on behalf of Federal agencies but does not have any authority over their programs. We recommend you directly contact the agency associated with the content in question. If you have comments or suggestions on how to improve the www.ecfr.gov website or have questions about using www.ecfr.gov, please choose the 'Website Feedback' button below. Website Feedback If you would like to comment on the current content, please use the 'Content Feedback' button below for instructions on contacting the issuing agency Content Feedback If you have questions for the Agency that issued the current document please contact the agency directly. × Website Feedback * Your Name * Email Attachment * How can we help you? * I am requesting technical help or providing website feedback This contact form is only for website help or website suggestions. If you have questions or comments regarding a published document please contact the publishing agency. Comments or questions about document content can not be answered by OFR staff. Please do not provide confidential information or personal data. Browse Titles Agencies Incorporation by Reference Recent Updates Search Recent Changes Corrections Reader Aids Reader Aids Home Using the eCFR Point-in-Time System Understanding the eCFR Government Policy and OFR Procedures Developer Resources My eCFR My Subscriptions Sign Out Sign In / Sign Up Sign In / Sign Up Hi, Sign Out eCFR The Electronic Code of Federal Regulations Enhanced Content :: FR Reference Enhanced content is provided to the user to provide additional context. Enhanced Content :: FR Reference Title 16 This content is from the eCFR and is authoritative but unofficial. Displaying title 16, up to date",
        "scraped_snippet_2": "Franchise Rule | Federal Trade Commission Skip to main content The .gov means it’s official. Federal government websites often end in .gov or .mil. Before sharing sensitive information, make sure you’re on a federal government site. The site is secure. The https:// ensures that you are connecting to the official website and that any information you provide is encrypted and transmitted securely. Español Report Fraud Get Consumer Alerts Search the Legal Library Franchise Rule Tags: Consumer Protection Franchises, Business Opportunities, and Investments 16 CFR Parts 436 and 437 Rule Summary The Franchise Rule gives prospective purchasers of franchises the material information they need in order to weigh the risks and benefits of such an investment. The Rule requires franchisors to provide all potential franchisees with a disclosure document containing 23 specific items of information about the offered franchise, its officers, and other franchisees. Additional Information Franchise Rule Compliance Guide Amended Franchise Rule FAQ's Text of Rule File Franchise Rule: 16 CFR Parts 436 and 437 (898.81 KB) Federal Register Notices Disclosure Requirements and Prohibitions Concerning Franchising ( July 12, 2024 ) Agency Information Collection Activities; Submission for OMB Review; Comment Request (Franchise Rule) ( October 2, 2020 ) 16 CFR Part 436: Disclosure Requirements and Prohibitions Concerning Franchising Rule (Franchise Rule) ( February 13, 2019 ) Agency Information Collection Activities; Submission for OMB Review; Comment Request; Notice (Franchise Rule) ( August 18, 2017 ) Agency Information Collection Activities; Proposed Collection; Comment; Notice (Franchise Rule) ( June 6, 2017 ) 16 CFR Part 436: Disclosure Requirements and Prohibitions Concerning Franchising; Revised Monetary Thresholds for Three Exemptions from the Franchise Rule ( May 19, 2016 ) Agency Information Collection Activities: Proposed Collection; Comment Request (Franchise Rule); Notice ( July 15, 2014 ) 16 CFR Part 436: Disclosure Requirements and Prohibitions Concerning Franchising; Final Rule Amendments Concerning Revised Monetary Thresholds ( June 18, 2012 ) Agency Information Collection Activities; Submission for OMB Review; Comment Request (Franchise Rule) ( October 31, 2011 ) Franchise Rule Information Collection Activities; Proposed collection; Comment Request - 16 CFR Part 436 ( July 15, 2008 ) Trade Regulation Rule on Disclosures Requirements and Prohibitions Concerning Franchising and Business Opportunity Ventures - 16 CFR Part 436 ( Se",
        "scrape_success": 2
      },
      {
        "type": "Misaligned Terminology - Legal Contradiction",
        "original_text": "Member shall not, during the term of the Franchise Agreement or thereafter, communicate, divulge or use, for any purpose other than the operation of the Franchised Business, any confidential information, knowledge, trade secrets or know-how which may be communicated to Member or which Member may learn by virtue of Member's relationship with Franchisee.",
        "changed_text": "Member shall not, during the term of the Franchise Agreement or thereafter, communicate, divulge or use, for any purpose other than the operation of the Franchised Business, any information they can remember, knowledge, trade secrets or know-how which may be communicated to Member or which Member may learn by virtue of Member's relationship with Franchisee.",
        "explanation": "By replacing 'confidential information' with 'any information they can remember' the scope of protected information becomes ambiguously limited to what the member recalls, significantly weakening confidentiality obligations. This conflicts with the broad protection typically afforded to trade secrets under state law.",
        "contradicted_law": "Uniform Trade Secrets Act (UTSA)",
        "law_citation": "Varies by State, e.g., California Civil Code § 3426",
        "law_url1": [
          "https://leginfo.legislature.ca.gov/faces/codes_displaySection.xhtml?lawCode=CIV&sectionNum=3426"
        ],
        "law_url2": [
          "https://www.uniformlaws.org/committees/community-home?CommunityKey=e30f40a7-470e-48aa-9606-498c776a0e2f"
        ],
        "law_explanation": "The UTSA protects trade secrets from misappropriation. Limiting confidentiality to 'information they can remember' weakens the definition of trade secret and makes it more difficult to prove misappropriation, conflicting with the intent and protections of the UTSA. What is considered a trade secret is not dependent on one's ability to remember, but the proprietary nature of the information.",
        "location": "1. Confidential Information.",
        "scraped_snippet_1": "California Code, CIV 3426 skip to content home accessibility FAQ feedback sitemap login x Quick Search: Bill Number Bill Keyword Home Bill Information California Law Publications Other Resources My Subscriptions My Favorites California Law >> >> Code Section Code Section Code: Select Code CONS BPC CIV CCP COM CORP EDC ELEC EVID FAM FIN FGC FAC GOV HNC HSC INS LAB MVC PEN PROB PCC PRC PUC RTC SHC UIC VEH WAT WIC Article: Section: Code: Select Code All BPC CIV CCP COM CORP EDC ELEC EVID FAM FIN FGC FAC GOV HNC HSC INS LAB MVC PEN PROB PCC PRC PUC RTC SHC UIC VEH WAT WIC Section: Keyword(s): Code Search Text Search Up^ << Previous Next >> cross-reference chaptered bills PDF | Add To My Favorites Search Phrase: Code Text Civil Code - CIV DIVISION 4. GENERAL PROVISIONS [3274 - 9566] ( Heading of Division 4 amended by Stats. 1988, Ch. 160, Sec. 16. ) PART 1. RELIEF [3274 - 3428] ( Part 1 enacted 1872. ) TITLE 5. UNIFORM TRADE SECRETS ACT [3426 - 3426.11] ( Title 5 added by Stats. 1984, Ch. 1724, Sec. 1. ) 3426. This title may be cited as the Uniform Trade Secrets Act. (Added by Stats. 1984, Ch. 1724, Sec. 1.)",
        "scraped_snippet_2": "Community Home - Uniform Law Commission Skip to main content (Press Enter). Sign in Skip auxiliary navigation (Press Enter). Follow ULC Schedule of Events Better Laws. Stronger States. Skip main navigation (Press Enter). Community Home Library Contact Us (312) 450-6600 info@uniformlaws.org Uniform Law Commission 111 N. Wabash Avenue, Suite 1010 Chicago, Illinois 60602 Uniform Law Commission The Uniform Law Commission (ULC, also known as the National Conference of Commissioners on Uniform State Laws), established in 1892, provides states with non-partisan, well-conceived and well-drafted legislation that brings clarity and stability to critical areas of state statutory law. Acts Overview Current Acts Uniform Commercial Code Projects Overview Current Committees Meetings and Events Annual Meeting 2025 -- Session Resources Committee Meetings Meeting Calendar Request to Schedule a Web Meeting Grant Application News and Publications News Publications Reprint Request Search Documents Videos Webinar Series Legislation Legislative Activity About ULC About Us Leadership Delegations Staff FAQs Standing Committees Editorial Boards Constitution Policies Spotlight ULC Careers Copyright 2024 Connect. All rights reserved. Privacy Policy | Terms of Use | Accessibility | Contact Us | © 2025 The National Conference of Commissioners on Uniform State Laws. All Rights Reserved. Powered by Higher Logic",
        "scrape_success": 2
      },
      {
        "type": "Misaligned Terminology - Legal Contradiction",
        "original_text": "Member covenants and agrees that during the Post-Term Period (defined below), except as otherwise approved in writing by Franchisor, Member shall not, either directly or indirectly, own, manage, engage in, be employed by, advise, make loans to, consult for, or have any other interest in any Competitive Business that is, or intends to operate, within a three (3) mile radius of the premises of your Franchised Business or within a three (3) mile radius of any Franchised Business then-operating or under construction to operate under the System.",
        "changed_text": "Member covenants and agrees that during the Post-Term Period (defined below), except as otherwise approved by a handshake from Franchisor, Member shall not, either directly or indirectly, own, manage, engage in, be employed by, advise, make loans to, consult for, or have any other interest in any Competitive Business that is, or intends to operate, within a five (5) mile radius of the premises of your Franchised Business or within a five (5) mile radius of any Franchised Business then-operating or under construction to operate under the System.",
        "explanation": "Changing 'in writing' to 'by a handshake' makes the agreement unenforceable due to the statute of frauds, which typically requires non-compete agreements to be in writing. Furthermore, increasing the radius from 3 to 5 miles makes the non-compete agreement unreasonably broad, depending on the state and jurisdiction. Oral agreements are not valid, and increasing radius makes agreement unenforceable.",
        "contradicted_law": "Statute of Frauds and Restraints on Trade",
        "law_citation": "Varies by State, e.g., California Business and Professions Code § 16600",
        "law_url1": [
          "https://leginfo.legislature.ca.gov/faces/codes_displaySection.xhtml?lawCode=BPC&sectionNum=16600"
        ],
        "law_url2": [
          "https://nationalparalegal.edu/public_documents/courseware_asp_files/contracts/chapter18/StatuteOfFrauds.asp"
        ],
        "law_explanation": "California law, and similar laws in other states, generally prohibit non-compete agreements except in very limited circumstances. Requiring a handshake to approve competition makes the agreement unenforceable under the Statute of Frauds, as agreements restraining trade typically need to be in writing. Also, increasing the radius to 5 miles could be deemed unreasonable in certain states, making it an invalid restraint on trade.",
        "location": "2. Covenants Not to Compete. (c)",
        "scraped_snippet_1": "California Code, BPC 16600 skip to content home accessibility FAQ feedback sitemap login x Quick Search: Bill Number Bill Keyword Home Bill Information California Law Publications Other Resources My Subscriptions My Favorites California Law >> >> Code Section Code Section Code: Select Code CONS BPC CIV CCP COM CORP EDC ELEC EVID FAM FIN FGC FAC GOV HNC HSC INS LAB MVC PEN PROB PCC PRC PUC RTC SHC UIC VEH WAT WIC Article: Section: Code: Select Code All BPC CIV CCP COM CORP EDC ELEC EVID FAM FIN FGC FAC GOV HNC HSC INS LAB MVC PEN PROB PCC PRC PUC RTC SHC UIC VEH WAT WIC Section: Keyword(s): Code Search Text Search Up^ << Previous Next >> cross-reference chaptered bills PDF | Add To My Favorites Search Phrase: Code Text Business and Professions Code - BPC DIVISION 7. GENERAL BUSINESS REGULATIONS [16000 - 18107] ( Division 7 added by Stats. 1941, Ch. 61. ) PART 2. PRESERVATION AND REGULATION OF COMPETITION [16600 - 17365] ( Part 2 added by Stats. 1941, Ch. 526. ) CHAPTER 1. Contracts in Restraint of Trade [16600 - 16607] ( Chapter 1 added by Stats. 1941, Ch. 526. ) 16600. (a) Except as provided in this chapter, every contract by which anyone is restrained from engaging in a lawful profession, trade, or business of any kind is to that extent void. (b) (1) This section shall be read broadly, in accordance with Edwards v. Arthur Andersen LLP (2008) 44 Cal.4th 937, to void the application of any noncompete agreement in an employment context, or any noncompete clause in an employment contract, no matter how narrowly tailored, that does not satisfy an exception in this chapter. (2) This subdivision does not constitute a change in, but is declaratory of, existing law. (c) This section shall not be limited to contracts where the person being restrained from engaging in a lawful profession, trade, or business is a party to the contract. (Amended by Stats. 2023, Ch. 828, Sec. 1. (AB 1076) Effective January 1, 2024.)",
        "scraped_snippet_2": null,
        "scrape_success": 1
      }
    ]
  }
]