[
  {
    "file_name": "SIBANNAC,INC_12_04_2017-EX-2.1-StrategicAllianceAgreement.txt",
    "perturbation": [
      {
        "type": "Misaligned Terminology - Legal Contradiction",
        "original_text": "This Agreement is entered into in the State of Texas and shall be interpreted according to the laws of the State of Texas.",
        "changed_text": "This Agreement is entered into in the State of Texas and shall be interpreted according to the principles of equity.",
        "explanation": "Replacing 'laws of the State of Texas' with 'principles of equity' creates a contradiction. Texas law provides a structured legal framework, while 'principles of equity' are more discretionary and can conflict with statutory law.",
        "contradicted_law": "Texas Civil Practice and Remedies Code § 37.006",
        "law_citation": "Texas Civil Practice and Remedies Code § 37.006",
        "law_url1": [
          "https://statutes.capitol.texas.gov/Docs/CP/htm/CP.37.htm"
        ],
        "law_url2": [
          "https://law.justia.com/codes/texas/civil-practice-and-remedies-code/title-4/chapter-37/37-006/"
        ],
        "law_explanation": "Texas law dictates that courts should first look to applicable statutes. Using just 'principles of equity' bypasses the state's established legal statutes which should be the primary source of law.",
        "location": "Section 9",
        "scraped_snippet_1": "sing in the administration of the trust or estate, including questions of construction of wills and other writings; or (4) to determine rights or legal relations of an independent executor or independent administrator regarding fiduciary fees and the settling of accounts. Acts 1985, 69th Leg., ch. 959, Sec. 1, eff. Sept. 1, 1985. Amended by Acts 1987, 70th Leg., ch. 167, Sec. 3.08(a), eff. Sept. 1, 1987; Acts 1999, 76th Leg., ch. 855, Sec. 10, eff. Sept. 1, 1999. Sec. 37.0055. DECLARATIONS RELATING TO LIABILITY FOR SALES AND USE TAXES OF ANOTHER STATE. (a) In this section, \"state\" includes any political subdivision of that state. (b) A district court has original jurisdiction of a proceeding seeking a declaratory judgment that involves: (1) a party seeking declaratory relief that is a business that is: (A) organized under the laws of this state or is otherwise owned by a resident of this state; or (B) a retailer registered with the comptroller under Section 151.106 , Tax Code; and (2) a responding party that: (A) is an official of another state; and (B) asserts a claim that the party seeking declaratory relief is required to collect sales or use taxes for that state based on conduct of the business that occurs in whole or in part within this state. (c) A business described by Subsection (b)(1) is entitled to declaratory relief on the issue of whether the requirement of another state that the business collect and remit sales or use taxes to that state constitutes an undue burden on interstate commerce under Section 8, Article I, United States Constitution. (d) In determining whether to grant declaratory relief to a business under this section, a court shall consider: (1) the factual circumstances of the business's operations that give rise to the demand by the other state; and (2) the decisions of other courts interpreting Section 8, Article I, United States Constitution. Added by Acts 2007, 80th Leg., R.S., Ch. 699 (H.B. 2010 ), Sec. 1, eff. September 1, 2007. Sec. 37.006. PARTIES. (a) When declaratory relief is sought, all persons who have or claim any interest that would be affected by the declaration must be made parties. A declaration does not prejudice the rights of a person not a party to the proceeding. (b) In any proceeding that involves the validity of a municipal ordinance or franchise, the municipality must be made a party and is entitled to be heard, and if the statute, ordinance, or franchise is alleged to be unconstitutional, the attorney general of the state must also be served with a copy of the proceeding and is entitled to be heard. Acts 1985, 69th Leg., ch. 959, Sec. 1, eff. Sept. 1, 1985. Sec. 37.007. JURY TRIAL. If a proceeding under this chapter involves the determination of an issue of fact, the issue may be tried and determined in the same manner as issues of fact are tried and determined in other civil actions in the court in which the proceeding is pending. Acts 1985, 69th Leg., ch. 959, Sec. 1, eff. Sept. 1, 1985. Sec. 37.008. COURT REFUSAL TO RENDER. The court may refuse to render or enter a declaratory judgment or decree if the judgment or decree would not terminate the uncertainty or controversy giving rise to the proceeding. Acts 1985, 69th Leg., ch. 959, Sec. 1, eff. Sept. 1, 1985. Sec. 37.009. COSTS. In any proceeding under this chapter, the court may award costs and reasonable and necessary attorney's fees as are equitable and just. Acts 1985, 69th Leg., ch. 959, Sec. 1, eff. Sept. 1, 1985. Sec. 37.010. REVIEW. All orders, judgments, and decrees under this chapter may be reviewed as other orders, judgments, and decrees. Acts 1985, 69th Leg., ch. 959, Sec. 1, eff. Sept. 1, 1985. Sec. 37.011. SUPPLEMENTAL RELIEF. Further relief based on a declaratory judgment or decree may be granted whenever necessary or proper. The application must be by petition to a court having jurisdiction to grant the relief. If the application is deemed sufficient, the court shall, on reasonable notice, require any adverse par",
        "scraped_snippet_2": null,
        "scrape_success": 1
      },
      {
        "type": "Misaligned Terminology - Legal Contradiction",
        "original_text": "COMPANY shall indemnify Bravatek, its directors, officers and employees, for any and all damages, costs, expenses, and other liabilities, including reasonable attorney's fees and court costs incurred in connection with any third-party claim, action or proceeding arising from the negligence or intentional misconduct of COMPANY or breach of COMPANY of any of its obligations under this Agreement. Bravatek shall indemnify COMPANY, its directors, officers and employees, for any and all damages, costs, expenses, and other liabilities, including reasonable attorney's fees and court costs, incurred in connection with any third-party claim, action or proceeding arising from the negligence or intentional misconduct of Bravatek or breach of Bravatek of any of its obligations under this Agreement.",
        "changed_text": "COMPANY shall indemnify Bravatek, its directors, officers and employees, for any and all damages, costs, expenses, and other liabilities, including attorney's fees and court costs incurred in connection with any third-party claim, action or proceeding arising from the actions of COMPANY. Bravatek shall indemnify COMPANY, its directors, officers and employees, for any and all damages, costs, expenses, and other liabilities, including attorney's fees and court costs, incurred in connection with any third-party claim, action or proceeding arising from the actions of Bravatek.",
        "explanation": "Changing the indemnification trigger from 'negligence or intentional misconduct' to 'actions' broadens the scope significantly. Under Texas law, indemnity clauses related to one's own negligence must meet specific fairness requirements that are not applicable if based on any action whatsoever.",
        "contradicted_law": "Texas Civil Practice and Remedies Code § 151.002",
        "law_citation": "Texas Civil Practice and Remedies Code § 151.002",
        "law_url1": [
          "https://statutes.capitol.texas.gov/Docs/CP/htm/CP.151.htm"
        ],
        "law_url2": [
          "https://codes.findlaw.com/tx/civil-practice-and-remedies-code/cp-sect-151-002.html"
        ],
        "law_explanation": "This modification contradicts Texas's fair notice requirements for indemnity agreements. Specifically, the agreement, as modified, doesn't clearly state whether indemnity extends to indemnitee's own negligence as required by Texas law. Using 'actions' instead of 'negligence' will render the provision vague and potentially unenforceable.",
        "location": "Section 10",
        "scraped_snippet_1": "ï»¿ CIVIL PRACTICE AND REMEDIES CODE CHAPTER 151. TRIAL BY SPECIAL JUDGE CIVIL PRACTICE AND REMEDIES CODE TITLE 7. ALTERNATE METHODS OF DISPUTE RESOLUTION CHAPTER 151. TRIAL BY SPECIAL JUDGE Sec. 151.001. REFERRAL BY AGREEMENT. On agreement of the parties, in civil or family law matters pending in a district court, statutory probate court, or statutory county court, the judge in whose court the case is pending may order referral of the case as provided by this chapter and shall stay proceedings in the judge's court pending the outcome of the trial. Any or all of the issues in the cases, whether an issue of fact or law, may be referred. Added by Acts 1987, 70th Leg., ch. 167, Sec. 3.16(a), eff. Sept. 1, 1987. Amended by Acts 1989, 71st Leg., ch. 2, Sec. 4.06(a), eff. Aug. 28, 1989. Amended by: Acts 2005, 79th Leg., Ch. 49 (H.B. 231 ), Sec. 1, eff. September 1, 2005. Sec. 151.002. MOTION FOR REFERRAL. Each party to the action must file in the court in which the case is filed a motion that: (1) requests the referral; (2) waives the party's right to trial by jury; (3) states the issues to be referred; (4) states the time and place agreed on by the parties for the trial; and (5) states the name of the special judge, the fact that the special judge has agreed to hear the case, and the fee the judge is to receive as agreed on by the parties. Added by Acts 1987, 70th Leg., ch. 167, Sec. 3.16(a), eff. Sept. 1, 1987. Sec. 151.003. QUALIFICATIONS OF JUDGE. The special judge must be a retired or former district court, statutory county court, statutory probate court, or appellate court judge who: (1) has served as a judge for at least four years in a district court, statutory county court, statutory probate court, or appellate court; (2) has developed substantial experience in the judge's area of specialty; (3) has not been removed from office or resigned while under investigation for discipline or removal; and (4) annually demonstrates completion in the past calendar year of at least five days of continuing legal education in courses approved by the state bar or the supreme court. Added by Acts 1987, 70th Leg., ch. 167, Sec. 3.16(a), eff. Sept. 1, 1987. Amended by Acts 1989, 71st Leg., ch. 2, Sec. 4.06(a), eff. Aug. 28, 1989; Acts 1989, 71st Leg., ch. 179, Sec. 2(a), eff. Sept. 1, 1989; Acts 1991, 72nd Leg., ch. 33, Sec. 1, eff. April 19, 1991. Amended by: Acts 2015, 84th Leg., R.S., Ch. 1049 (H.B. 1923 ), Sec. 1, eff. September 1, 2015. Sec. 151.004. REFERRAL ORDER ENTERED. An order of referral must specify the issue referred and the name of the special judge. An order of referral may designate the time and place for trial and the time for filing of the special judge's report. The clerk of the court shall send a copy of the order to the special judge. Added by Acts 1987, 70th Leg., ch. 167, Sec. 3.16(a), eff. Sept. 1, 1987. Amended by Acts 1989, 71s",
        "scraped_snippet_2": null,
        "scrape_success": 1
      },
      {
        "type": "Misaligned Terminology - Legal Contradiction",
        "original_text": "5) Confidentiality \"Confidential information\" shall mean any and all technical and non-technical information, documents and materials related to client projects of party and products, services and business of each of the parties. COMPANY and Bravatek agree to maintain in strict confidence and not to disclose or disseminate, or to use for any purposes other than performance of the projects, the Confidential Information disclosed.",
        "changed_text": "5) Confidentiality \"Confidential information\" shall mean some information, documents and materials related to client projects of party and products, services and business of each of the parties. COMPANY and Bravatek agree to maintain in strict confidence and not to disclose or disseminate, or to use for any purposes other than performance of the projects, the Confidential Information disclosed.",
        "explanation": "Changing 'any and all' to 'some' drastically reduces the scope of what is considered confidential. Texas Trade Secrets Act requires a clear definition of what constitutes a trade secret for it to be protected.",
        "contradicted_law": "Texas Uniform Trade Secrets Act, Texas Civil Practice and Remedies Code § 134A.002",
        "law_citation": "Texas Civil Practice and Remedies Code § 134A.002",
        "law_url1": [
          "https://statutes.capitol.texas.gov/Docs/CP/htm/CP.134A.htm"
        ],
        "law_url2": [
          "https://www.uniformlaws.org/HigherLogic/System/DownloadDocumentFile.ashx?DocumentFileKey=e031612d-672d-f1b2-3396-b10372b91a51&forceDialog=0"
        ],
        "law_explanation": "Under the Texas Uniform Trade Secrets Act, a trade secret must be 'information.' By changing the scope to 'some information', it's now ambiguous and less likely to meet the 'reasonable efforts to maintain its secrecy' requirement under Texas law which will make it unenforceable.",
        "location": "Section 5",
        "scraped_snippet_1": "ï»¿ CIVIL PRACTICE AND REMEDIES CODE CHAPTER 134A. TRADE SECRETS CIVIL PRACTICE AND REMEDIES CODE TITLE 6. MISCELLANEOUS PROVISIONS CHAPTER 134A. TRADE SECRETS Sec. 134A.001. SHORT TITLE. This chapter may be cited as the Texas Uniform Trade Secrets Act. Added by Acts 2013, 83rd Leg., R.S., Ch. 10 (S.B. 953 ), Sec. 1, eff. September 1, 2013. Sec. 134A.002. DEFINITIONS. In this chapter: (1) \"Claimant\" means a party seeking to recover damages under this chapter, including a plaintiff, counterclaimant, cross-claimant, or third-party plaintiff. In an action in which a party seeks recovery of damages under this chapter on behalf of another person, \"claimant\" includes both that other person and the party seeking recovery of damages. (1-a) \"Clear and convincing\" means the measure or degree of proof that will produce in the mind of the trier of fact a firm belief or conviction as to the truth of the allegations sought to be established. (2) \"Improper means\" includes theft, bribery, misrepresentation, breach or inducement of a breach of a duty to maintain secrecy, to limit use, or to prohibit discovery of a trade secret, or espionage through electronic or other means. (3) \"Misappropriation\" means: (A) acquisition of a trade secret of another by a person who knows or has reason to know that the trade secret was acquired by improper means; or (B) disclosure or use of a trade secret of another without express or implied consent by a person who: (i) used improper means to acquire knowledge of the trade secret; (ii) at the time of disclosure or use, knew or had reason to know that the person's knowledge of the trade secret was: (a) derived from or through a person who used improper means to acquire the trade secret; (b) acquired under circumstances giving rise to a duty to maintain the secrecy of or limit the use of the trade secret; or (c) derived from or through a person who owed a duty to the person seeking relief to maintain the secrecy of or limit the use of the trade secret; or (iii) before a material change of the position of the person, knew or had reason to know that the trade secret was a trade secret and that knowledge of the trade secret had been acquired by accident or mistake. (3-a) \"Owner\" means, with respect to a trade secret, the person or entity in whom or in which rightful, legal, or equitable title to, or the ",
        "scraped_snippet_2": null,
        "scrape_success": 1
      }
    ]
  }
]