[
  {
    "file_name": "CerenceInc_20191002_8-K_EX-10.4_11827494_EX-10.4_IntellectualPropertyAgreement.txt",
    "perturbation": [
      {
        "type": "Misaligned Terminology - Legal Contradiction",
        "original_text": "\"Trade Secrets\" means all information, in any form or medium, to the extent that the owner thereof has taken reasonable measures to keep such information secret and the information derives independent economic value, actual or potential, from not being generally known to, and not being readily ascertainable through proper means by, the public.",
        "changed_text": "\"Trade Secrets\" means all information, in any form or medium, regardless of the measures taken to keep such information secret and the information derives economic value, actual or potential, from being known to a select few within the company.",
        "explanation": "The original definition of \"Trade Secrets\" requires that the owner takes reasonable measures to maintain secrecy. The modified definition removes this requirement and also alters the derivation of economic value, potentially conflicting with the legal definition of a trade secret which requires reasonable efforts to maintain secrecy.",
        "contradicted_law": "Uniform Trade Secrets Act (UTSA)",
        "law_citation": "UTSA § 1(4)",
        "law_url1": [
          "https://www.uniformlaws.org/HigherLogic/System/DownloadDocumentFile.ashx?DocumentFileKey=4053c86b-c2aa-e211-9f64-001ec947b621&forceDialog=0"
        ],
        "law_url2": [
          "https://www.wipo.int/wipo_lex/en/legislation/us/details?id=2437"
        ],
        "law_explanation": "The UTSA defines a trade secret partly by the fact that the owner has taken 'reasonable measures' to keep the information secret. This modification removes that requirement, directly contradicting the UTSA definition.",
        "location": "Section 1.01. Definitions",
        "scraped_snippet_1": null,
        "scraped_snippet_2": null,
        "scrape_success": 0
      },
      {
        "type": "Misaligned Terminology - Legal Contradiction",
        "original_text": "Subject to the terms and conditions of this Agreement, as of the Distribution Date, Nuance hereby grants to SpinCo and the members of the SpinCo Group a worldwide, non-exclusive, fully paid-up, perpetual and irrevocable, transferable (subject to ARTICLE VIII), sublicensable (subject to Section 3.01(g)) license under the Nuance Patents, solely to the extent that claims of the Nuance Patents cover products or services of the SpinCo Business in the SpinCo Field of Use, together with natural extensions and evolutions thereof, in each case to make, have made, use, sell, offer for sale, import and otherwise exploit such products and services, together with natural extensions and evolutions thereof.",
        "changed_text": "Subject to the terms and conditions of this Agreement, as of the Distribution Date, Nuance hereby grants to SpinCo and the members of the SpinCo Group a worldwide, exclusive, fully paid-up, time-limited, revocable, non-transferable license under the Nuance Patents, solely to the extent that claims of the Nuance Patents cover products or services of the SpinCo Business in the SpinCo Field of Use, together with natural extensions and evolutions thereof, in each case to make, have made, use, sell, offer for sale, import and otherwise exploit such products and services, together with natural extensions and evolutions thereof.",
        "explanation": "The original agreement provides a 'perpetual and irrevocable' license, which is a standard term ensuring long-term rights. This is replaced with 'time-limited' and 'revocable', fundamentally altering the nature of the license and potentially disrupting the SpinCo's ability to rely on these patent rights. Furthermore, the original license is 'non-exclusive' whereas the modified license is 'exclusive'. A change from non-exclusive to exclusive requires additional consideration under contract law; changing these terms in this way creates contradictions.",
        "contradicted_law": "Contract Law - Consideration for Modification",
        "law_citation": "General Contract Law Principles",
        "law_url1": [
          "https://www.law.cornell.edu/wex/contract"
        ],
        "law_url2": [
          "https://www.justia.com/contracts/"
        ],
        "law_explanation": "Under basic contract law, modifying a contract requires new consideration. Switching from a non-exclusive, perpetual license to an exclusive, time-limited, and revocable license is a significant change that would require new consideration to be valid, which is not addressed in the modified text. This could make the modification unenforceable.",
        "location": "Section 3.01. License Grants. (a) Patents.",
        "scraped_snippet_1": "contract | Wex | US Law | LII / Legal Information Institute Please help us improve our site! × No thank you contract A contract is an agreement between parties , creating mutual obligations that are enforceable by law . The basic elements required for the agreement to be a legally enforceable contract are: mutual assent , expressed by a valid offer and acceptance ; adequate consideration ; capacity ; and legality . In some states , elements of consideration can be satisfied by a valid substitute. Possible remedies for breach of contract include general damages , consequential damages , reliance damages , and specific performance . Background : Contracts are promises that the law will enforce. Contract law is generally governed by state common law , and while general overall contract law is common throughout the country, some specific court interpretations of a particular element of the contract may vary between the states. If a promise is breached, the law provides remedies to the harmed party, often in the form of monetary damages, or in limited circumstances, in the form of specific performance of the promise made. Elements -- Consideration and Mutual Assent Contracts arise when a duty comes into existence, because of a promise made by one of the parties. To be legally binding as a contract, a promise must be exchanged for adequate consideration. There are two different theories or definitions of consideration: Bargain Theory of Consideration and Benefit-Detriment theory of consideration. Benefit-Detriment Under the b enefit-detriment theory, an adequate consideration exists only when a promise made to the benefit of the promisor or to the detriment of the promisee, which reasonably and fairly induces the promisor to make a promise for something else for the promisee. For example, promises that are purely gifts are not considered enforceable because the personal satisfaction the grantor of the promise may receive from the act of generosity is normally not considered sufficient detriment to constitute adequate consideration. Bargain-for-Exchange Under Bargain-for-Exchange theory of consideration, adequate consideration exists when a promisor makes a promise in return for something else. Here, the essential condition is that the promisor was given something specifically to induce the promise being made. In other words, the bargain for exchange theory is different from the detriment-benefit theory in that the focus in bargain for exchange theory seems to be the parties’ motive for making the promises and the parties’ subjective mutual assent, while in detriment benefit theory, the focus seems to be an objective legal detriment or benefit to the parties. Governing Laws Contracts are mainly governed by state statutory and common (judge-made) law and private law (i.e. the private agreement). Private law principally includes the terms of the agreement between the parties who are exchanging promises. This private law may override many of the rules otherwise established by state law. Statutory law, such as the Statute of Fraud , may require some kinds of contracts be put in writing and executed with particular formalities, for the contract to be enforceable. Otherwise, the parties may enter into a binding agreement without signing a formal written document. For example, Virginia Supreme Court has held in Lucy v. Zehmer that even an agreement made on a piece of napkin can be considered a valid contract, if the parties were both sane, and showed mutual assent and consideration. Most of the principles of the common law of contracts are outlined in the Restatement of Law, Second Contracts published by the American Law Institute. The Uniform Commercial Code , whose original articles have been adopted in nearly every state, represents a body of statutory law that governs important categories of contracts. The main articles that deal with the law of contracts are Article 1 (General Provisions) and Article 2 (Sales) . Sections of Article 9 (",
        "scraped_snippet_2": "Contract Law & Business Transactions | Small Business Law Center | Justia Contract Law & Business Transactions For all business owners, transactions are a regular and fundamental part of business activity. Commercial transactions typically encompass the selling and purchasing of goods or services. While such transactions can sometimes be informal, most of them are formalized through the creation of contracts. What Is a Contract? Contracts are the central documents that govern business transactions. Technically, contracts are legally valid and enforceable agreements between two or more parties that create obligations that are binding on all parties involved. Parties can include any types of entities that are capable of participating in business transactions, including government agencies, individuals, corporations, and other private entities. What Does It Take for a Contract to Be Enforceable? Not every agreement to engage in a commercial transaction will be legally enforceable in a court of law if conflicts arise down the road. Instead, contracts must have certain elements in order to be enforced. These are largely legal requirements that have developed over the years. First, and foremost, contracts require consideration. This element means that each party agrees to provide something of value to the other. This can be an affirmative offering of something, or an agreement not to do something. Thus, for instance, consideration can involve agreeing not to compete with another business. Second, contracts require a clear offer and acceptance. Contracts are not necessarily created just because one party offers something to another. Typically, a clear acceptance is required. In offering and accepting a contract, the parties must also have a “meeting of the minds” as to what the contract entails. Both parties cannot believe that they are agreeing to entirely different contracts. 1 Valid offer and acceptance 2 Mutual assent 3 Adequate consideration 4 Capacity to contract 5 Legal purpose Additionally, in order for a contract to be enforceable, both parties must have the capacity to contract, meaning that they must mentally understand what they are agreeing to. Individuals who are incapacitated are often deemed unable to engage in contractual agreements, and those who are insane or are minors are presumed to lack such capacity. Lastly, contracts can only be enforceable if they have a legal purpose. This means that a contract agreeing to engage in illegal activity is not enforceable in a court of law. While these requirements for enforceability encompass important concepts that all contracts must include, there are also practical requirements in contract creation. In many states, certain contracts must be in writing, such as contracts for real estate or those will last more than a year. Even if a contract is not required to be in writing, it is often important to do so because oral contracts can be difficult, if not impossible, to prove in court. Laws Governing Contract Creation When business owners are developing business contracts, there are two primary sources of law that they can turn to in order to make certain that contracts are enforceable and transactions are valid. Contracts addressing the sale of goods are governed by the Uniform Commercial Code, which is a set of explicit rules governing commercial sales transactions. Contracts governing all other types of transactions, including real estate transactions and employment agreements, are governed by what is known as the “common law.” These sets of rules vary according to the state in which a business operates, and they are created largely through the decisions of courts and judges. If you are concerned about the laws applicable to a contract you are working on, it is often helpful to consult with a corporate attorney. Justia offers a lawyer directory to simplify researching, comparing, and contacting attorneys who fit your legal needs. Last reviewed October 2024 Small Business Leg",
        "scrape_success": 2
      },
      {
        "type": "Misaligned Terminology - Legal Contradiction",
        "original_text": "Each Party irrevocably consents to the exclusive jurisdiction, forum and venue of the Delaware Court of Chancery (and if the Delaware Court of Chancery shall be unavailable, any Delaware State court or the federal court sitting in the State of Delaware) over any and all claims, disputes, controversies or disagreements between the Parties or any of their respective Affiliates, successors and assigns under or related to this Agreement or any of the transactions contemplated hereby, including their execution, performance or enforcement, whether in contract, tort or otherwise.",
        "changed_text": "Each Party consents to the non-exclusive jurisdiction, forum and venue of any court within the United States, as chosen by the filing party, over any and all claims, disputes, controversies or disagreements between the Parties or any of their respective Affiliates, successors and assigns under or related to this Agreement or any of the transactions contemplated hereby, including their execution, performance or enforcement, whether in contract, tort or otherwise.",
        "explanation": "The original clause specifies exclusive jurisdiction in Delaware courts. The modification makes jurisdiction non-exclusive and allows the filing party to choose any US court, potentially conflicting with established principles of forum selection clauses and increasing the risk of inconsistent interpretations and increased costs.",
        "contradicted_law": "28 U.S. Code § 1404 - Change of venue",
        "law_citation": "28 U.S.C. § 1404",
        "law_url1": [
          "https://www.law.cornell.edu/uscode/text/28/1404"
        ],
        "law_url2": [
          "https://uscode.house.gov/view.xhtml?req=(title:28%20section:1404%20edition:prelim)"
        ],
        "law_explanation": "While parties can agree to a forum selection clause, 28 U.S.C. § 1404 allows a court to transfer a case to another district where it might have been brought for the convenience of parties and witnesses, and in the interest of justice. By opening up jurisdiction to any court, and making it non-exclusive, the contract encourages forum shopping and increases the likelihood of venue challenges under § 1404, undermining the predictability intended by the original forum selection clause.",
        "location": "Section 11.03. Governing Law; Jurisdiction",
        "scraped_snippet_1": "28 U.S. Code § 1404 - Change of venue | U.S. Code | US Law | LII / Legal Information Institute Please help us improve our site! × No thank you Quick search by citation: Title Section Go! 28 U.S. Code § 1404 - Change of venue U.S. Code Notes prev | next (a) For the convenience of parties and witnesses, in the interest of justice, a district court may transfer any civil action to any other district or division where it might have been brought or to any district or division to which all parties have consented. (b) Upon motion, consent or stipulation of all parties, any action, suit or proceeding of a civil nature or any motion or hearing thereof, may be transferred, in the discretion of the court, from the division in which pending to any other division in the same district . Transfer of proceedings in rem brought by or on behalf of the United States may be transferred under this section without the consent of the United States where all other parties request transfer. (c) A district court may order any civil action to be tried at any place within the division in which it is pending. (d) Transfers from a district court of the United States to the District Court of Guam, the District Court for the Northern Mariana Islands, or the District Court of the Virgin Islands shall not be permitted under this section. As otherwise used in this section, the term “ district court ” includes the District Court of Guam, the District Court for the Northern Mariana Islands, and the District Court of the Virgin Islands, and the term “district” includes the territorial jurisdiction of each such court. (June 25, 1948, ch. 646, 62 Stat. 937 ; Pub. L. 87–845, § 9 , Oct. 18, 1962 , 76A Stat. 699 ; Pub. L. 104–317, title VI, § 610(a) , Oct. 19, 1996 , 110 Stat. 3860 ; Pub. L. 112–63, title II, § 204 , Dec. 7, 2011 , 125 Stat. 764 .) Historical and Revision Notes Based on title 28, U.S.C., 1940 ed., §§ 119 , 163 (Mar. 3, 1911, ch. 231, § 58, 36 Stat. 1103 ; Sept. 8, 1916, ch. 475, § 5, 39 Stat. 851 ). Section co",
        "scraped_snippet_2": "28 USC 1404: Change of venue Result 1 of 1 Current 2024 Main Ed. (1/6/2025) [Titles 1 through 6] 2018 Ed. and Supplement V (1/3/2024) 2018 Ed. and Supplement IV (1/5/2023) 2018 Ed. and Supplement III (1/3/2022) 2018 Ed. and Supplement II (1/13/2021) 2018 Ed. and Supplement I (1/24/2020) 2018 Main Ed. (1/14/2019) 2012 Ed. and Supplement V (1/12/2018) 2012 Ed. and Supplement IV (1/6/2017) 2012 Ed. and Supplement III (1/3/2016) 2012 Ed. and Supplement II (1/5/2015) 2012 Ed. and Supplement I (1/16/2014) 2012 Main Ed. (1/15/2013) 2006 Ed. and Supplement V (1/3/2012) 2006 Ed. and Supplement IV (1/7/2011) 2006 Ed. and Supplement III (2/1/2010) 2006 Ed. and Supplement II (1/5/2009) 2006 Ed. and Supplement I (1/8/2008) 2006 Main Ed. (1/3/2007) 2000 Ed. and Supplement V (1/2/2006) 2000 Ed. and Supplement IV (1/3/2005) 2000 Ed. and Supplement III (1/19/2004) 2000 Ed. and Supplement II (1/6/2003) 2000 Ed. and Supplement I (1/22/2002) 2000 Main Ed. (1/2/2001) 1994 Ed. and Supplement V (1/23/2000) 1994 Ed. and Supplement IV (1/5/1999) 1994 Ed. and Supplement III (1/26/1998) 1994 Ed. and Supplement II (1/6/1997) 1994 Ed. and Supplement I (1/16/1996) 1994 Main Ed. (1/4/1995) Back to Original Document << Previous TITLE 28 / PART IV / CHAPTER 87 / § 1404 Next >> [Print] [Print selection] [OLRC Home] Help 28 USC 1404 : Change of venue Text contains those laws in effect on April 16, 2025 From Title 28-JUDICIARY AND JUDICIAL PROCEDURE PART IV-JURISDICTION AND VENUE CHAPTER 87-DISTRICT COURTS; VENUE Jump To: Source Credit Miscellaneous Amendments Effective Date §1404. Change of venue (a) For the convenience of parties and witnesses, in the interest of justice, a district court may transfer any civil action to any other district or division where it might have been brought or to any district or division to which all parties have consented. (b) Upon motion, consent or stipulation of all parties, any action, suit or proceeding of a civil nature or any motion or hearing thereof, may be transferred, in ",
        "scrape_success": 2
      }
    ]
  }
]