[
  {
    "file_name": "PACIRAPHARMACEUTICALS,INC.-A_RSTRATEGICLICENSING,DISTRIBUTIONANDMARKETINGAGREEMENT.txt",
    "perturbation": [
      {
        "type": "Misaligned Terminology - Legal Contradiction",
        "original_text": "\"Applicable Laws\" Shall mean all laws, rules and regulations regarding the manufacture, packaging, labeling, import, export, storage, distribution, representation, promotion, marketing and sale of the Products including but not limited to the Federal Food, Drug and Cosmetic Act of 1938, as amended (\"FD&C Act\") and the Controlled Substances Act, as amended (21 U.S.C. §801 et seq.), or as defined in attendant regulations promulgated under authorities granted by the FD&C Act, together with any equivalent laws, rules, regulations, codes or guidelines having effect in any jurisdiction in the Territory;",
        "changed_text": "\"Applicable Laws\" Shall mean some laws, rules and regulations regarding the manufacture, packaging, labeling, import, export, storage, distribution, representation, promotion, marketing and sale of the Products, if the parties agree, including but not limited to the Federal Food, Drug and Cosmetic Act of 1938, as amended (\"FD&C Act\") and the Controlled Substances Act, as amended (21 U.S.C. §801 et seq.), or as defined in attendant regulations promulgated under authorities granted by the FD&C Act, together with any equivalent laws, rules, regulations, codes or guidelines having effect in any jurisdiction in the Territory;",
        "explanation": "By inserting \"some laws\" and \"if the parties agree,\" the definition of Applicable Laws is weakened. This creates ambiguity as to which laws the parties must comply with, contradicting the mandatory nature of regulatory compliance.",
        "contradicted_law": "Federal Food, Drug, and Cosmetic Act (FD&C Act)",
        "law_citation": "21 U.S.C. § 301 et seq.",
        "law_url1": [
          "https://www.fda.gov/regulatory-information/federal-food-drug-and-cosmetic-act"
        ],
        "law_url2": [
          "https://uscode.house.gov/view.xhtml?req=granuleid%3AUSC-prelim-title21-chapter9&edition=prelim"
        ],
        "law_explanation": "The FD&C Act mandates strict adherence to regulations regarding the safety and efficacy of drugs and medical devices. By suggesting that compliance is optional or selective, the modified text directly contradicts the FD&C Act's requirements, which apply to all entities involved in the manufacture, distribution, and sale of products covered by the Act.",
        "location": "Section 1.1",
        "scraped_snippet_1": null,
        "scraped_snippet_2": "21 USC Ch. 9: FEDERAL FOOD, DRUG, AND COSMETIC ACT Result 1 of 1 Current 2024 Main Ed. (1/6/2025) [Titles 1 through 6] 2018 Ed. and Supplement V (1/3/2024) 2018 Ed. and Supplement IV (1/5/2023) 2018 Ed. and Supplement III (1/3/2022) 2018 Ed. and Supplement II (1/13/2021) 2018 Ed. and Supplement I (1/24/2020) 2018 Main Ed. (1/14/2019) 2012 Ed. and Supplement V (1/12/2018) 2012 Ed. and Supplement IV (1/6/2017) 2012 Ed. and Supplement III (1/3/2016) 2012 Ed. and Supplement II (1/5/2015) 2012 Ed. and Supplement I (1/16/2014) 2012 Main Ed. (1/15/2013) 2006 Ed. and Supplement V (1/3/2012) 2006 Ed. and Supplement IV (1/7/2011) 2006 Ed. and Supplement III (2/1/2010) 2006 Ed. and Supplement II (1/5/2009) 2006 Ed. and Supplement I (1/8/2008) 2006 Main Ed. (1/3/2007) 2000 Ed. and Supplement V (1/2/2006) 2000 Ed. and Supplement IV (1/3/2005) 2000 Ed. and Supplement III (1/19/2004) 2000 Ed. and Supplement II (1/6/2003) 2000 Ed. and Supplement I (1/22/2002) 2000 Main Ed. (1/2/2001) 1994 Ed. and Supplement V (1/23/2000) 1994 Ed. and Supplement IV (1/5/1999) 1994 Ed. and Supplement III (1/26/1998) 1994 Ed. and Supplement II (1/6/1997) 1994 Ed. and Supplement I (1/16/1996) 1994 Main Ed. (1/4/1995) Back to Original Document << Previous TITLE 21 / CHAPTER 9 Next >> [Print] [Print selection] [OLRC Home] Help 21 USC Ch. 9 : FEDERAL FOOD, DRUG, AND COSMETIC ACT From Title 21—FOOD AND DRUGS CHAPTER 9 —FEDERAL FOOD, DRUG, AND COSMETIC ACT SUBCHAPTER I—SHORT TITLE Sec. 301. Short title. SUBCHAPTER II—DEFINITIONS 321. Definitions; generally. 321a. \"Butter\" defined. 321b. \"Package\" defined. 321c. Nonfat dry milk; \"milk\" defined. 321d. Market names for catfish and ginseng. SUBCHAPTER III—PROHIBITED ACTS AND PENALTIES 331. Prohibited acts. 332. Injunction proceedings. 333. Penalties. 333a. Repealed. 334. Seizure. 335. Hearing before report of criminal violation. 335a. Debarment, temporary denial of approval, and suspension. 335b. Civil penalties. 335c. Authority to withdraw approval of abbreviated drug applications. 336. Report of minor violations. 337. Proceedings in name of United States; provision as to subpoenas. 337a. Extraterritorial jurisdiction. SUBCHAPTER IV—FOOD 341. Definitions and standards for food. 342. Adulterated food. 343. Misbranded food. 343–1. National uniform nutrition labeling. 343–2. Dietary supplement labeling exemptions. 343–3. Disclosure. 343a. Repealed. 344. Emergency permit control. 345. Regulations making exemptions. 346. Tolerances for poisonous or deleterious substances in food; regulations. 346a. Tolerances and exemptions for pesticide chemical residues. 346b. Authorization of appropriations. 347. Intrastate sales of colored oleomargarine. 347a. Congressional declaration of policy regarding oleomargarine sales. 347b. Contravention of State laws. 348. Food additives. 349. Bottled drinking water standards; publication in Federal Register. 350. Vitamins and minerals. 350a. Infant formulas. 350a–1. Protecting infants and improving formula supply. 350b. New dietary ingredients. 350c. Maintenance and inspection of records. 350d. Registration of food facilities. 350e. Sanitary transportation practices. 350f. Reportable food registry. 350g. Hazard analysis and risk-based preventive controls. 350h. Standards for produce safety. 350i. Protection against intentional adulteration. 350j. Targeting of inspection resources for domestic facilities, foreign facilities, and ports of entry; annual report. 350k. Laboratory ac",
        "scrape_success": 1
      },
      {
        "type": "Misaligned Terminology - Legal Contradiction",
        "original_text": "PPI hereby grants to EKR a royalty free and exclusive license (with the right to sublicense) to use the Trademarks in the Territory solely in connection with the exercise of the Distribution Rights in the Territory during the Term (and thereafter as set forth in Section 17.4) and EKR shall market and sell the Products under the Trademarks.",
        "changed_text": "PPI hereby grants to EKR a royalty free and exclusive license (with the right to sublicense) to use the Trademarks in the Territory solely in connection with the exercise of the Distribution Rights in the Territory during the Term (and thereafter as set forth in Section 17.4) and EKR may market and sell the Products under different marks.",
        "explanation": "By changing \"EKR shall market and sell the Products under the Trademarks\" to \"EKR may market and sell the Products under different marks\" allows the party to market goods using names not owned by the manufacturer, or in conjunction with the trademark use different marks, impacting source identification and goodwill.",
        "contradicted_law": "Lanham Act",
        "law_citation": "15 U.S.C. § 1114",
        "law_url1": [
          "https://www.law.cornell.edu/uscode/text/15/1114"
        ],
        "law_url2": [
          "https://www.uspto.gov/ip-policy/summary-federal-laws-related-ip#Lanham"
        ],
        "law_explanation": "The Lanham Act protects trademark owners from the use of their trademarks by unauthorized parties. The modified text allowing EKR to market under 'different marks' dilutes PPI's trademark, which contradicts the Lanham Act's objective to prevent consumer confusion and protect trademark holders.",
        "location": "Section 2.3",
        "scraped_snippet_1": "15 U.S. Code § 1114 - Remedies; infringement; innocent infringement by printers and publishers | U.S. Code | US Law | LII / Legal Information Institute Please help us improve our site! × No thank you Quick search by citation: Title Section Go! 15 U.S. Code § 1114 - Remedies; infringement; innocent infringement by printers and publishers U.S. Code Notes prev | next (1) Any person who shall, without the consent of the registrant— (a) use in commerce any reproduction, counterfeit , copy, or colorable imitation of a registered mark in connection with the sale, offering for sale, distribution, or advertising of any goods or services on or in connection with which such use is likely to cause confusion, or to cause mistake, or to deceive; or (b) reproduce, counterfeit , copy, or colorably imitate a registered mark and apply such reproduction, counterfeit, copy, or colorable imitation to labels, signs, prints, packages, wrappers, receptacles or advertisements intended to be used in commerce upon or in connection with the sale, offering for sale, distribution, or advertising of goods or services on or in connection with which such use is likely to cause confusion, or to cause mistake, or to deceive, shall be liable in a civil action by the registrant for the remedies hereinafter provided. Under subsection (b) hereof, the registrant shall not be entitled to recover profits or damages unless the acts have been committed with knowledge that such imitation is intended to be used to cause confusion, or to cause mistake, or to deceive. As used in this paragraph, the term “ any person ” includes the United States, all agencies and instrumentalities thereof, and all individuals, firms, corporations, or other persons acting for the United States and with the authorization and consent of the United States, and any State, any instrumentality of a State, and any officer or employee of a State or instrumentality of a State acting in his or her official capacity. The United States, all agencies and instrume",
        "scraped_snippet_2": null,
        "scrape_success": 1
      },
      {
        "type": "Misaligned Terminology - Legal Contradiction",
        "original_text": "Each Party shall maintain, at its own cost, comprehensive product liability insurance, general commercial liability insurance and business interruption insurance at a level which is reasonable and customary taking into account the nature of the Product but which shall have combined limits of not less than $[**] per occurrence. Such insurance shall be with a reputable insurance company and where reasonably possible (taking into account the availability of such insurance) shall be maintained for not less than [**] ([**]) years following the expiry or termination of this Agreement.",
        "changed_text": "Each Party may maintain, at its own discretion, product liability insurance. The amount of coverage, if any, shall be based on internal financial considerations. Such insurance, if purchased, shall be with a company of their choosing and will be maintained at their discretion.",
        "explanation": "Changing \"Each Party shall maintain\" to \"Each Party may maintain\" transforms a mandatory obligation to an optional one. Eliminating the minimum coverage requirement and the reputable insurance company requirement further weakens the provision. This is misaligned because many industries maintain product liability coverage in some form, especially with pharmaceuticals.",
        "contradicted_law": "General Principles of Contract Law",
        "law_citation": "Restatement (Second) of Contracts § 205",
        "law_url1": [
          "https://www.law.cornell.edu/wex/good_faith"
        ],
        "law_url2": [
          "https://www.uniformlaws.org/committees/community-home?communitykey=817ad90f-d31f-4993-9f98-b30b946ca3b8"
        ],
        "law_explanation": "Under contract law, parties are expected to act in good faith and with fair dealing. By making product liability insurance optional and removing any standard of reasonableness for the amount or quality of coverage, the modified text enables a party to avoid responsibility for foreseeable damages, violating the principle of good faith.",
        "location": "Section 10.6",
        "scraped_snippet_1": "good faith | Wex | US Law | LII / Legal Information Institute Please help us improve our site! × No thank you good faith Good faith is a broad term that’s used to encompass honest dealing. Depending on the exact setting, good faith may require an honest belief or purpose, faithful performance of duties , observance of fair dealing standards, or an absence of fraudulent intent . A fiduciary relationship creates a duty of good faith between the agent and the principal . The breach of this duty of good faith can lead to liability . Failure to act in good faith is known as bad faith and is generally considered to be a level of culpability greater than negligence . [Last reviewed in January of 2023 by the Wex Definitions Team ] Wex COMMERCE business law contracts wex definitions business sectors legal education and practice Wex Toolbox",
        "scraped_snippet_2": "Community Home - Uniform Law Commission Skip to main content (Press Enter). Sign in Skip auxiliary navigation (Press Enter). Follow ULC Schedule of Events Better Laws. Stronger States. Skip main navigation (Press Enter). Community Home Library Contact Us (312) 450-6600 info@uniformlaws.org Uniform Law Commission 111 N. Wabash Avenue, Suite 1010 Chicago, Illinois 60602 Uniform Law Commission The Uniform Law Commission (ULC, also known as the National Conference of Commissioners on Uniform State Laws), established in 1892, provides states with non-partisan, well-conceived and well-drafted legislation that brings clarity and stability to critical areas of state statutory law. Acts Overview Current Acts Uniform Commercial Code Projects Overview Current Committees Meetings and Events Annual Meeting 2025 -- Session Resources Committee Meetings Meeting Calendar Request to Schedule a Web Meeting Grant Application News and Publications News Publications Reprint Request Search Documents Videos Webinar Series Legislation Legislative Activity About ULC About Us Leadership Delegations Staff FAQs Standing Committees Editorial Boards Constitution Policies Spotlight ULC Careers Copyright 2024 Connect. All rights reserved. Privacy Policy | Terms of Use | Accessibility | Contact Us | © 2025 The National Conference of Commissioners on Uniform State Laws. All Rights Reserved. Powered by Higher Logic",
        "scrape_success": 2
      }
    ]
  }
]