[
  {
    "file_name": "WHITESMOKE,INC_11_08_2011-EX-10.26-PROMOTIONANDDISTRIBUTIONAGREEMENT.txt",
    "perturbation": [
      {
        "type": "Structural Flaws - Legal Contradiction",
        "original_text": "4.4 Taxes. All payments under this Agreement are exclusive of taxes imposed by any governmental entity. Google shall pay any applicable taxes imposed by governmental agencies with respect to the transactions under this Agreement other than taxes based upon Distributor's income. Google shall promptly provide to Distributor a copy of an official tax receipt or other appropriate evidence of any taxes imposed on payments made under this Agreement. When Distributor has the legal obligation to collect any applicable taxes, the appropriate amount shall be invoiced to and paid by Google unless Google provides Distributor with a valid tax exemption certificate authorised by the appropriate taxing authority.",
        "changed_text": "11.11 Counterparts. The parties may execute this agreement in counterparts, which taken together will constitute one instrument. 4.4 Taxes. All payments under this Agreement are exclusive of taxes imposed by any governmental entity. Google shall pay any applicable taxes imposed by governmental agencies with respect to the transactions under this Agreement other than taxes based upon Distributor's income. Google shall promptly provide to Distributor a copy of an official tax receipt or other appropriate evidence of any taxes imposed on payments made under this Agreement. When Distributor has the legal obligation to collect any applicable taxes, the appropriate amount shall be invoiced to and paid by Google unless Google provides Distributor with a valid tax exemption certificate authorised by the appropriate taxing authority.",
        "explanation": "Moving the tax clause to 'Counterparts' makes it less discoverable for accounting and legal staff. Tax obligations should be within 'Payment Terms'.",
        "contradicted_law": "26 U.S. Code § 6001 - Notice or regulations requiring records, statements, and special returns",
        "law_citation": "26 U.S. Code § 6001",
        "law_url1": [
          "https://www.law.cornell.edu/topn/notice_or_regulations_requiring_records,_statements,_and_special_returns"
        ],
        "law_url2": [
          "https://uscode.house.gov/view.xhtml?req=granuleid%3AUSC-prelim-title26-section6001&edition=prelim"
        ],
        "law_explanation": "This law dictates that entities must keep records to determine tax liability. Moving the tax clause to an unrelated section obscures the responsibilities, potentially leading to non-compliance, as the accounting department might miss or misinterpret the obligations.",
        "location": "Section 4.4",
        "scraped_snippet_1": null,
        "scraped_snippet_2": "26 USC 6001: Notice or regulations requiring records, statements, and special returns Result 1 of 1 Current 2024 Main Ed. (1/6/2025) [Titles 1 through 6] 2018 Ed. and Supplement V (1/3/2024) 2018 Ed. and Supplement IV (1/5/2023) 2018 Ed. and Supplement III (1/3/2022) 2018 Ed. and Supplement II (1/13/2021) 2018 Ed. and Supplement I (1/24/2020) 2018 Main Ed. (1/14/2019) 2012 Ed. and Supplement V (1/12/2018) 2012 Ed. and Supplement IV (1/6/2017) 2012 Ed. and Supplement III (1/3/2016) 2012 Ed. and Supplement II (1/5/2015) 2012 Ed. and Supplement I (1/16/2014) 2012 Main Ed. (1/15/2013) 2006 Ed. and Supplement V (1/3/2012) 2006 Ed. and Supplement IV (1/7/2011) 2006 Ed. and Supplement III (2/1/2010) 2006 Ed. and Supplement II (1/5/2009) 2006 Ed. and Supplement I (1/8/2008) 2006 Main Ed. (1/3/2007) 2000 Ed. and Supplement V (1/2/2006) 2000 Ed. and Supplement IV (1/3/2005) 2000 Ed. and Supplement III (1/19/2004) 2000 Ed. and Supplement II (1/6/2003) 2000 Ed. and Supplement I (1/22/2002) 2000 Main Ed. (1/2/2001) 1994 Ed. and Supplement V (1/23/2000) 1994 Ed. and Supplement IV (1/5/1999) 1994 Ed. and Supplement III (1/26/1998) 1994 Ed. and Supplement II (1/6/1997) 1994 Ed. and Supplement I (1/16/1996) 1994 Main Ed. (1/4/1995) Back to Original Document << Previous TITLE 26 / Subtitle F / CHAPTER 61 / Subchapter A / PART I / § 6001 Next >> [Print] [Print selection] [OLRC Home] Help 26 USC 6001 : Notice or regulations requiring records, statements, and special returns Text contains those laws in effect on April 16, 2025 From Title 26-INTERNAL REVENUE CODE Subtitle F-Procedure and Administration CHAPTER 61-INFORMATION AND RETURNS Subchapter A-Returns and Records PART I-RECORDS, STATEMENTS, AND SPECIAL RETURNS Jump To: Source Credit Miscellaneous Amendments Effective Date §6001. Notice or regulations requiring records, statements, and special returns Every person liable for any tax imposed by this title, or for the collection thereof, shall keep such records, render such statements, make such",
        "scrape_success": 1
      },
      {
        "type": "Structural Flaws - Legal Contradiction",
        "original_text": "11.12 Entire Agreement. Subject to Clause 9.1, this Agreement sets out all terms agreed between the parties in relation to its subject matter and supersedes all previous agreements between the parties relating to the same. In entering into this Agreement neither party has relied on any statement, representation or warranty not expressly set out in this Agreement. DISTRIBUTOR GOOGLE INC /[ * ] /s/ [ * ] By By [ * ] [ * ] Name Name [ * ] [ * ] Title Title [ * ] [ * ] Date Date - 14 - EXHIBIT A Payments *[ * ] ** [ * ].",
        "changed_text": "1.1 In this Agreement unless expressly stated otherwise: - 1 - \"Distribution Products\" means: \"End User\" means an end user customer of Distributor who is located in the Territory. \"EULA\" means the end user license agreement applicable to a Product, which end user license agreement may be updated or modified by Google in its sole discretion from time to time. 11.12 Entire Agreement. Subject to Clause 9.1, this Agreement sets out all terms agreed between the parties in relation to its subject matter and supersedes all previous agreements between the parties relating to the same. In entering into this Agreement neither party has relied on any statement, representation or warranty not expressly set out in this Agreement. DISTRIBUTOR GOOGLE INC /[ * ] /s/ [ * ] By By [ * ] [ * ] Name Name [ * ] [ * ] Title Title [ * ] [ * ] Date Date - 14 - EXHIBIT A Payments *[ * ] ** [ * ].",
        "explanation": "Moving the entire agreement clause into the Definitions makes it unclear when looking for it. It makes it less obvious to outside parties examining the contract. Clauses about entire agreement usually are with the general terms.",
        "contradicted_law": "2-202 Uniform Commercial Code - Final Written Expression: Parol or Extrinsic Evidence",
        "law_citation": "2-202 UCC",
        "law_url1": [
          "https://www.law.cornell.edu/ucc/2/2-202"
        ],
        "law_url2": [
          "https://uniformlaws.org/HigherLogic/System/DownloadDocumentFile.ashx?DocumentFileKey=c672514c-a727-e69c-6105-3c5f42b9549c&forceDialog=0"
        ],
        "law_explanation": "UCC 2-202 states that terms with respect to which the confirmatory memoranda of the parties agree or which are otherwise set forth in a writing intended by the parties as a final expression of their agreement with respect to such terms as are included therein may not be contradicted by evidence of any prior agreement or of a contemporaneous oral agreement but may be explained or supplemented. Placing this clause in the Definitions section masks the intent that the written agreement contain all the terms and supersedes prior agreements, which weakens the written agreement in court, as there may be some confusion as to what is and is not part of the entire agreement.",
        "location": "Section 11.12",
        "scraped_snippet_1": "§ 2-202. Final Written Expression: Parol or Extrinsic Evidence. | Uniform Commercial Code | US Law | LII / Legal Information Institute Please help us improve our site! × No thank you § 2-202. Final Written Expression: Parol or Extrinsic Evidence. Terms with respect to which the confirmatory memoranda of the parties agree or which are otherwise set forth in a writing intended by the parties as a final expression of their agreement with respect to such terms as are included therein may not be contradicted by evidence of any prior agreement or of a contemporaneous oral agreement but may be explained or supplemented (a) by course of dealing or usage of trade (Section 1-205 ) or by course of performance (Section 2-208 ); and (b) by evidence of consistent additional terms unless the court finds the writing to have been intended also as a complete and exclusive statement of the terms of the agreement . Uniform Commercial Code Toolbox About Uniform Laws State Uniform Commercial Codes",
        "scraped_snippet_2": null,
        "scrape_success": 1
      },
      {
        "type": "Structural Flaws - Legal Contradiction",
        "original_text": "11.10 Governing Law. This Agreement is governed by English law and the parties submit to the exclusive jurisdiction of the English courts in relation to any dispute (contractual or non-contractual) concerning this Agreement save that either party may apply to any court for an injunction or other relief to protect its Intellectual Property Rights. If this Agreement is translated into any other language, if there is conflict the English text will take precedence.",
        "changed_text": "3.7 Accurate Reproduction. Distributor agrees that in connection with its exercise of the right granted in Clause 2.1 (Products Licence Grant) it shall accurately reproduce the Distribution Products and shall not: (a) modify any Product (including modify the Chrome Browser or Google Toolbar configuration files or registry settings); or (b) insert into the Products any viruses, worms, date bombs, time bombs, or other code that is specifically designed to cause the Products to cease operating, or to damage, interrupt, or interfere with any Products or End User data. 11.10 Governing Law. This Agreement is governed by English law and the parties submit to the exclusive jurisdiction of the English courts in relation to any dispute (contractual or non-contractual) concerning this Agreement save that either party may apply to any court for an injunction or other relief to protect its Intellectual Property Rights. If this Agreement is translated into any other language, if there is conflict the English text will take precedence.",
        "explanation": "Moving the governing law clause into the 'Accurate Reproduction' section will reduce its visibility and enforceability, as parties might overlook it when determining jurisdiction.",
        "contradicted_law": "Choice of Law clauses and Jurisdictional enforcement",
        "law_citation": "Rome I Regulation",
        "law_url1": [
          "https://eur-lex.europa.eu/legal-content/EN/TXT/?uri=celex%3A32008R0593"
        ],
        "law_url2": [
          "https://www.trans-lex.org/611000/_/regulation-(ec)-no-593-2008-of-the-european-parliament-and-of-the-council-of-17-june-2008-on-the-law-applicable-to-contractual-obligations-(rome-i)/"
        ],
        "law_explanation": "The Rome I Regulation concerns the choice of law in contractual obligations within the European Union. While this agreement specifies English law, its placement within a section concerning 'Accurate Reproduction' can be misleading. The Rome I Regulation emphasizes clarity and predictability in choice of law clauses. By obscuring this clause, the contract creates uncertainty and potential challenges in enforcement, as parties might argue they were not adequately informed of the governing law.",
        "location": "Section 11.10",
        "scraped_snippet_1": "Regulation - 593/2008 - EN - Rome I Regulation - EUR-Lex × Skip to main content EUR-Lex Access to European Union law This document is an excerpt from the EUR-Lex website You are here EUROPA EUR-Lex home Regulation - 593/2008 - EN - Rome I Regulation - EUR-Lex Help Print Menu Quick search Use quotation marks to search for an \"exact phrase\". Append an asterisk ( * ) to a search term to find variations of it (transp * , 32019R * ). Use a question mark ( ? ) instead of a single character in your search term to find variations of it (ca ? e finds case, cane, care). Search tips Need more search options? Use the Advanced search Document 32008R0593 Help Print ​ Regulation (EC) No 593/2008 of the European Parliament and of the Council of 17 June 2008 on the law applicable to contractual obligations (Rome I) Regulation (EC) No 593/2008 of the European Parliament and of the Council of 17 June 2008 on the law applicable to contractual obligations (Rome I) Regulation (EC) No 593/2008 of the European Parliament and of the Council of 17 June 2008 on the law applicable to contractual obligations (Rome I) OJ L 177, 4.7.2008, p. 6–16 (BG, ES, CS, DA, DE, ET, EL, EN, FR, GA, IT, LV, LT, HU, MT, NL, PL, PT, RO, SK, SL, FI, SV) This document has been published in a special edition(s) (HR) ⏵ This document has been published in a special edition(s) (HR) Special edition in Croatian: Chapter 19 Volume 006 P. 109 - 119 In force: This act has been changed. Current consolidated version: 24/07/2008 ELI: http://data.europa.eu/eli/reg/2008/593/oj Expand all Collapse all Languages, formats and link to OJ Language BG ES CS DA DE ET EL EN FR GA HR IT LV LT HU MT NL PL PT RO SK SL FI SV HTML EN Toggle Dropdown BG ES CS DA DE ET EL EN FR GA HR IT LV LT HU MT NL PL PT RO SK SL FI SV PDF EN Toggle Dropdown BG ES CS DA DE ET EL EN FR GA HR IT LV LT HU MT NL PL PT RO SK SL FI SV Official Journal EN Toggle Dropdown BG ES CS DA DE ET EL EN FR GA HR IT LV LT HU MT NL PL PT RO SK SL FI SV Multilingual display Language 1 English (en) Bulgarian (bg) Spanish (es) Czech (cs) Danish (da) German (de) Estonian (et) Greek (el) English (en) French (fr) Irish (ga) Croatian (hr) Italian (it) Latvian (lv) Lithuanian (lt) Hungarian (hu) Maltese (mt) Dutch (nl) Polish (pl) Portuguese (pt) Romanian (ro) Slovak (sk) Slovenian (sl) Finnish (fi) Swedish (sv) Language 2 Please choose Bulgarian (bg) Spanish (es) Czech (cs) Danish (da) German (de) Estonian (et) Greek (el) English (en) French (fr) Irish (ga) Croatian (hr) Italian (it) Latvian (lv) Lithuanian (lt) Hungarian (hu) Maltese (mt) Dutch (nl) Polish (pl) Portuguese (pt) Romanian (ro) Slovak (sk) Slovenian (sl) Finnish (fi) Swedish (sv) Language 3 Please choose Bulgarian (bg) Spanish (es) Czech (cs) Danish (da) German (de) Estonian (et) Greek (el) English (en) French (fr) Irish (ga) Croatian (hr) Italian (it) Latvian (lv) Lithuanian (lt) Hungarian (hu) Maltese (mt) Dutch (nl) Polish (pl) Portuguese (pt) Romanian (ro) Slovak (sk) Slovenian (sl) Finnish (fi) Swedish (sv) Display Text 4.7.2008 EN Official Journal of the European Union L 177/6 REGULATION (EC) No 593/2008 OF THE EUROPEAN PARLIAMENT AND OF THE COUNCIL of 17 June 2008 on the law applicable to contractual obligations (Rome I) THE EUROPEAN PARLIAMENT AND THE COUNCIL OF THE EUROPEAN UNION, Having regard to the Treaty establishing the European Community, and in particular Article 61(c) and the second indent of Article 67(5) thereof, Having regard to the proposal from the Commission, Having regard to the opinion of the European Economic and Social Committee ( 1 ) , Acting in accordance with the procedure laid down in Article 251 of the Treaty ( 2 ) , Whereas: (1) The Community has set itself the objective of maintaining and developing an area of freedom, security and justice. For the progressive establishment of such an area, the Community is to adopt measures relating to judicial cooperation in civil matters with a cross-border impact to the extent necessary for the proper func",
        "scraped_snippet_2": "Trans-Lex.org This page uses so called \"cookies\" to improve its service (i.e. \"tracking\"). Learn more and opt out of tracking I agree Principles 1620 Bibliography 1032 Materials 86 Archive 65 History & Modern Evolution of Transnational Commercial Law The requested Document is not available. How to search - Contact - Team - Trustees - Disclaimer / Legal information / Privacy - Twitter - Facebook A project of CENTRAL , University of Cologne.",
        "scrape_success": 2
      }
    ]
  }
]