[
  {
    "file_name": "ReynoldsConsumerProductsInc_20191115_S-1_EX-10.18_11896469_EX-10.18_SupplyAgreement.txt",
    "perturbation": [
      {
        "type": "Structural Flaws - Legal Contradiction",
        "original_text": "If Buyer fails to pay Seller an amount owed under this Agreement by the invoice due date, then Buyer will owe Seller: (i) the delinquent amount; and (ii) a late payment fee equal to two percent (2%) of the delinquent amount for each full or partial calendar month past the invoice due date that the delinquent amount remains unpaid. In addition, if Seller has to file litigation to collect the amount owed and Seller prevails in the litigation, Buyer will reimburse Seller for actual, reasonable, substantiated out-of-pocket expenses incurred by Seller in collecting the delinquent amount and accrued late payment fees on the delinquent amount. Under no circumstance will the late payment fee payable to Seller exceed the amount that a creditor may lawfully impose on a debtor on a delinquent amount under Applicable Law.",
        "changed_text": "If Buyer fails to pay Seller an amount owed under this Agreement by the invoice due date, then Buyer will owe Seller: (i) the delinquent amount; and (ii) a late payment fee equal to two percent (2%) of the delinquent amount for each full or partial calendar month past the invoice due date that the delinquent amount remains unpaid. In addition, if Seller has to file litigation to collect the amount owed and Seller prevails in the litigation, Buyer will reimburse Seller for actual, reasonable, substantiated out-of-pocket expenses incurred by Seller in collecting the delinquent amount and accrued late payment fees on the delinquent amount. Under no circumstance will the late payment fee payable to Seller exceed ten percent (10%) per annum, regardless of what a creditor may lawfully impose on a debtor on a delinquent amount under Applicable Law.",
        "explanation": "By capping the late payment fee at 10% per annum, regardless of applicable law, this modification introduces a contradiction with usury laws, which vary by state. This limits the amount that may be charged in late fees by Illinois Law.",
        "contradicted_law": "815 ILCS 205/4 - Interest rate on written instruments",
        "law_citation": "815 ILCS 205/4",
        "law_url1": [
          "http://www.ilga.gov/legislation/ilcs/ilcs3.asp?ActID=2269&ChapterID=65"
        ],
        "law_url2": [
          "https://law.justia.com/codes/illinois/2016/chapter-815/act-205/section-4/"
        ],
        "law_explanation": "Illinois law has varying limits on interest rates depending on the type of loan. By setting an arbitrary maximum late fee that ignores legally allowed rates, this contradicts Illinois Compiled Statutes 815 ILCS 205/4, which regulates interest rates and finance charges. Depending on the specific scenario, the 10% cap could be either too low or too high, creating legal uncertainty.",
        "location": "11(e)",
        "scraped_snippet_1": "t law. ( ) 775 ILCS 20/1 (775 ILCS 20/1) (from Ch. 29, par. 24a) Sec. 1. In the construction of this act the public policy of the state of Illinois is hereby declared as follows: To facilitate the rearmament and defense program of the Federal government by the integration into the war defense industries of the state of Illinois all available types of labor, skilled, semi-skilled and common shall participate without discrimination as to race, color, creed, sex, religion, physical or mental disability unrelated to ability, or national origin whatsoever. (Source: P.A. 99-143, eff. 7-27-15.) 775 ILCS 20/1.1 (775 ILCS 20/1.1) (from Ch. 29, par. 24a.1) Sec. 1.1. Short title. This Act may be cited as the Defense Contract Employment Discrimination Act. (Source: P.A. 86-1324.) 775 ILCS 20/2 (775 ILCS 20/2) (from Ch. 29, par. 24b) Sec. 2. Every person, firm, association or corporation and the subcontractor, agent, or employee of the same to whom has been awarded a contract and to whom shall be awarded a contract by the United States government or any agency thereof and every person, firm, association or corporation which has been authorized or directed or is engaged in the training of persons for skilled or semi-skilled positions of labor for the United States government or any agency thereof and every subcontractor of any such person, firm, association, or corporation is designated in this act a war defense contractor. (Source: Laws 1941, vol. 1, p. 557.) 775 ILCS 20/3 (775 ILCS 20/3) (from Ch. 29, par. 24c) Sec. 3. It shall be unlawful for any war defense contractor, its officers or agents or employees to discriminate against any citizen of the state of Illinois because of race, color, creed, sex, religion, physical or mental disability unrelated to ability, or national origin in the hiring of employees and training for skilled or semi-skilled employment, and every such discrimination shall be deemed a violation of this act. (Source: P.A. 99-143, eff. 7-27-15.) 775 ILCS 20/4 (775 ILCS 20/4) (from Ch. 29, par. 24d) Sec. 4. Upon the filing of a verified complaint, setting out the facts of the alleged discrimination in the office of the Department of Employment Security of the State of Illinois, and the state's attorneys of the respective counties of the State of Illinois and the attorney general of Illinois on the relation of the State of Illinois, it shall be the duty of said respective officers or their assistants to enforce the prosecution of any violation of this act. (Source: P.A. 83-1503.) 775 ILCS 20/5 (775 ILCS 20/5) (from Ch. 29, par. 24e) Sec. 5. Any war defense contractor, its officers, agents or employees who shall violate any provisions of this Act shall be guilty of a petty offense. (Source: P.A. 77-2366 .) 775 ILCS 20/6 (775 ILCS 20/6) (from Ch. 29, par. 24f) Sec. 6. A copy of this Act shall be furnished by the Department of Employment Security and shall be prominently displayed by each war defense contractor in its employment office and room where applicants for employment or training are interviewed. This shall be done by such war defense contractor within thirty days after the effective date of this Act and any violation of this Section shall be deemed a petty offense punishable by a fine in the sum of twenty-five dollars. (Source: P.A. 83-1503.) 775 ILCS 20/7 (775 ILCS 20/7) (from Ch. 29, par. 24g) Sec. 7. Whereas, each day a national defense emergency exists, persons of health, ability and skill are hourly being deprived of training and employment solely because of discrimination of color, race, creed, sex, religion, physical or mental disability unrelated to ability, or national origin. The penalty set out in paragraph 6 shall be a separate offense for each day and the offender shall be fined for each day's violation separately. (Source: P.A. 99-143, eff. 7-27-15.) Top Home | Legislation & Laws | House | Senate | My Legislation | Disclaimers | Email This site is maintained for the Illinois General Assembly by the Leg",
        "scraped_snippet_2": null,
        "scrape_success": 1
      },
      {
        "type": "Structural Flaws - Legal Contradiction",
        "original_text": "d. Governing Law. This Agreement and all claims or causes of action arising out of or related to this Agreement shall be governed in all respects, including as to validity, interpretation and effect, by the laws of the State of Illinois and the United States of America, without giving effect to its principles or rules of conflict of laws. The United Nations Convention on Contracts for the International Sale of Goods will not govern or otherwise be applicable to this Agreement.",
        "changed_text": "d. Governing Law. This Agreement and all claims or causes of action arising out of or related to this Agreement shall be governed in all respects, including as to validity, interpretation and effect, by the laws of the State of Delaware, without giving effect to its principles or rules of conflict of laws. The United Nations Convention on Contracts for the International Sale of Goods will not govern or otherwise be applicable to this Agreement.",
        "explanation": "Changing the governing law from Illinois to Delaware when both the buyer and seller have headquarters in Illinois and the contract involves operations within the United States, Canada, and Mexico, may contradict the principle that the governing law should have a reasonable relationship to the contract. The company's central place of business is in Illinois, so changing the agreement like this causes a legal contradiction.",
        "contradicted_law": "Restatement (Second) of Conflict of Laws § 187",
        "law_citation": "Restatement (Second) of Conflict of Laws § 187",
        "law_url1": [
          "https://law.emory.edu/ecir/content/course-materials/conflict-of-laws/choice-of-law/187-law-of-the-state-chosen-by-the-parties.html"
        ],
        "law_url2": [
          "https://www.law.cornell.edu/wex/conflict_of_laws"
        ],
        "law_explanation": "The Restatement (Second) of Conflict of Laws § 187 states that the law chosen by the parties will be applied as long as there is a reasonable relationship between the chosen state and the transaction. The parties' principal places of business are in Illinois, but changing the governing law to Delaware causes a legal contradiction, given the lack of reasonable connection to Delaware. This change could be seen as an attempt to avoid specific consumer protection laws that exist in Illinois.",
        "location": "12(d)",
        "scraped_snippet_1": null,
        "scraped_snippet_2": "conflict of laws | Wex | US Law | LII / Legal Information Institute Please help us improve our site! × No thank you conflict of laws Conflict of laws refers to a difference between the laws of two or more jurisdictions with some connection to a case, such that the outcome depends on which jurisdiction's law will be used to resolve each issue in dispute . The conflicting legal rules may come from U.S. federal law, the laws of U.S. states, or the laws of other countries. The process by which a court determines what law to apply is sometimes referred to as \"characterization\" or \"classification.\" This determination must be made in accordance with the law of the forum . A federal court in a case before it based on diversity of citizenship , for example, determines the conflict of law issue as if it were the highest court in the state in which it is sitting. Courts faced with a choice of law issue generally have two choices: A court can apply the law of the forum ( lex fori ) -- which is usually the result when the question of what law to apply is procedural . Or the court can apply the law of the site of the transaction or occurrence that gave rise to the litigation in the first place ( lex loci ) -- this is usually the controlling law selected when the matter is substantive . Federal courts play by different rules than state courts because federal jurisdiction is limited to what has been enumerated in the Constitution . The rules that federal courts must obey regarding which laws to apply are extremely complex. [Last reviewed in August of 2022 by the Wex Definitions Team ] Wex CIVICS multi-jurisdictional law conflicts of law THE LEGAL PROCESS courts criminal law criminal procedure legal practice/ethics wex articles wex definitions civil procedure constitutional law criminal law and procedure legal education and practice Resources menu of sources Federal Material U.S. Constitution Article VI - Supremacy Clause ; CRS Annotated text Article IV, Section 1 - Full Faith and Credit Clause ; CRS Annotated text Federal Statutes 28 U.S.C. §§1738-1739 - State Proceedings 18 U.S.C. §§ 848 , 896 , 927 , 2345 47 U.S.C. § 741- Satellite and Communications Law 19 U.S.C. § 2504 - Trade Agreements 45 U.S.C. § 1213 - Railroads Federal Judicial Decisions U.S. Supreme Court: Recent Conflicts Decisions liibulletin Oral Argument Previews U.S. Circuit Courts of Appeals: Recent Conflicts Decisions State Material State Judicial Decisions N.Y. Court of Appeals: Recent Conflicts Decisions Commentary from liibulletin-ny Appellate Decisions from Other States International Material Conventions and Treaties Convention on the Law Applicable to Contract Obligations (1980) Other References Useful Offnet (or Subscription - $) Sources Good Starting Point in Print: Eugene F. Scoles and Peter Hay, Hornbook on Conflict of Laws , West Group (2004) other topics Category: International, Transnational, and Comparative Law Wex Toolbox",
        "scrape_success": 1
      },
      {
        "type": "Structural Flaws - Legal Contradiction",
        "original_text": "11. Dispute Resolution. a. Negotiation. If a Party believes that the other Party has breached this Agreement or if there is a dispute between the Parties over the interpretation of this Agreement (a \"Dispute\"), the Parties will endeavor to resolve the Dispute through good faith negotiation for a period of thirty (30) days after a Party notifies the other Party of the Dispute and before either Party requests mediation or files litigation to resolve the Dispute. b. Mediation. If the Parties have been unable to resolve a Dispute through good faith negotiation as provided in the prior Subsection, a Party may request that the Parties attempt to resolve the Dispute through mediation by notifying the other Party with a copy to JAMS. The Parties will attempt to select a mutually acceptable JAMS mediator within ten (10) days of the notice requesting mediation. The mediation will be held in Lake County or Cook County, Illinois within thirty (30) days of the notice requesting mediation before a JAMS mediator and in compliance with JAMS mediation guidelines. Each party will bear its own costs in preparing for and participating in the mediation and one-half of the fees and expenses charged by JAMS for conducting the mediation. c. Litigation. If the Parties have been unable to resolve a Dispute through mediation as provided in the prior Subsection, a Party may file litigation against the other Party in a court of competent jurisdiction in the United States of America. With respect to litigation involving only the Parties or their Affiliates, the Parties irrevocably consent to the exclusive personal jurisdiction and venue of the U.S. federal and Illinois state courts of competent subject matter jurisdiction located in Lake County, Illinois or Cook County, Illinois and their respective higher courts of appeal for the limited purpose of resolving a Dispute, and the Parties waive, to the fullest extent permitted by law, any defense of inconvenient forum. The Parties waive any right to trial by jury as to any Disputes resolved through litigation. Notwithstanding the foregoing, a Party may file litigation to resolve a Dispute without undergoing either negotiation or mediation as provided in the prior Subsections for any Dispute involving: (i) infringement on intellectual property; (ii) the unauthorized use or disclosure of Confidential Information; or (iii) a request for a temporary restraining order, a preliminary or permanent injunction or any other type of equitable relief. d. Remedies. Except as expressly limited in the preceding Subsections and the other provisions in this Agreement, a Party may immediately exercise any rights and remedies available to the Party under Applicable Law upon a breach of this Agreement by the other Party. A Party will not suspend performance under or terminate this Agreement or any accepted purchase order for a product being purchased and sold under this Agreement unless: (1) the other Party is in material breach of this Agreement and has either refused to cure the material breach or has failed to cure the material breach within thirty (30) day of its receipt of written notice of the failure; and (2) the Parties have been unable to resolve the Dispute related to the material breach through negotiation or mediation, or the breaching Party has refused or failed to attempt to resolve the Dispute through negotiation or mediation, as provided in this Section. Notwithstanding the foregoing, a Party may suspend performance or terminate this Agreement or any accepted purchase order for a product being purchase and sold under this Agreement immediately on written notice to the other Party, and without providing the other Party an opportunity to cure the material breach or attempting to resolve a Dispute over the material breach by negotiation or mediation as provided in this Section, for a material breach by the other Party involving substantial harm to the reputation, goodwill and business of the non-breaching Party that cannot reasonably be avoided or fully redressed by providing the other Party an opportunity to cure the material breach.",
        "changed_text": "11. Dispute Resolution. a. Negotiation. If a Party believes that the other Party has breached this Agreement or if there is a dispute between the Parties over the interpretation of this Agreement (a \"Dispute\"), the Parties will endeavor to resolve the Dispute through good faith negotiation for a period of thirty (30) days after a Party notifies the other Party of the Dispute and before either Party requests mediation or files litigation to resolve the Dispute. b. Mediation. If the Parties have been unable to resolve a Dispute through good faith negotiation as provided in the prior Subsection, a Party may request that the Parties attempt to resolve the Dispute through mediation. The Parties will attempt to select a mediator. The mediation will be held within thirty (30) days of the notice requesting mediation before a mediator. Each party will bear its own costs in preparing for and participating in the mediation and one-half of the fees and expenses charged by for conducting the mediation. c. Litigation. If the Parties have been unable to resolve a Dispute through mediation as provided in the prior Subsection, a Party may file litigation against the other Party in a court. With respect to litigation involving only the Parties or their Affiliates, the Parties consent to the personal jurisdiction and venue of the courts for the limited purpose of resolving a Dispute, and the Parties waive any defense of inconvenient forum. The Parties do not waive any right to trial by jury as to any Disputes resolved through litigation. Notwithstanding the foregoing, a Party may file litigation to resolve a Dispute without undergoing either negotiation or mediation as provided in the prior Subsections for any Dispute. d. Remedies. Except as expressly limited in the preceding Subsections and the other provisions in this Agreement, a Party may immediately exercise any rights and remedies available to the Party under Applicable Law upon a breach of this Agreement by the other Party. A Party will not suspend performance under or terminate this Agreement or any accepted purchase order for a product being purchased and sold under this Agreement unless the other Party is in material breach of this Agreement. Notwithstanding the foregoing, a Party may suspend performance or terminate this Agreement or any accepted purchase order for a product being purchase and sold under this Agreement immediately on written notice to the other Party, and without providing the other Party an opportunity to cure the material breach or attempting to resolve a Dispute over the material breach by negotiation or mediation as provided in this Section, for a material breach by the other Party involving substantial harm to the reputation, goodwill and business of the non-breaching Party.",
        "explanation": "By removing details about the mediation process and litigation details (e.g., omitting specific locations, waiving the right to a jury trial, and changing JAMS to any mediator), the clause becomes vague and potentially unenforceable. These waivers could be contested in Illinois because they're not explicitly clear or prominent.",
        "contradicted_law": "735 ILCS 5/2-1105 - Jury Demand",
        "law_citation": "735 ILCS 5/2-1105",
        "law_url1": [
          "http://www.ilga.gov/legislation/ilcs/fulltext.asp?DocName=073500050K2-1105"
        ],
        "law_url2": [
          "https://law.justia.com/codes/illinois/2016/chapter-735/act-5/article-ii/part-11/section-2-1105/"
        ],
        "law_explanation": "Illinois Compiled Statutes 735 ILCS 5/2-1105 governs jury demands and waivers. Deleting the waiver of the right to trial by jury may result in a dispute over the validity of the waiver, as it is no longer clear that both parties knowingly and voluntarily relinquished their right to a jury trial. Without specifying the jurisdiction (Lake or Cook County, Illinois courts), the clause becomes overly broad.",
        "location": "11",
        "scraped_snippet_1": "Illinois General Assembly - Illinois Compiled Statutes Home Legislation & Laws Senate House My Legislation Site Map Bills & Resolutions Compiled Statutes Public Acts Legislative Reports IL Constitution Legislative Guide Legislative Glossary Search By Number (example: HB0001) Search Tips Search By Keyword Search Tips Advanced Search Illinois Compiled Statutes ILCS Listing Public Acts Search Guide Disclaimer Information maintained by the Legislative Reference Bureau Updating the database of the Illinois Compiled Statutes (ILCS) is an ongoing process. Recent laws may not yet be included in the ILCS database, but they are found on this site as Public Acts soon after they become law. For information concerning the relationship between statutes and Public Acts, refer to the Guide . Because the statute database is maintained primarily for legislative drafting purposes, statutory changes are sometimes included in the statute database before they take effect. If the source note at the end of a Section of the statutes includes a Public Act that has not yet taken effect, the version of the law that is currently in effect may have already been removed from the database and you should refer to that Public Act to see the changes made to the current law. 735 ILCS 5/2-1105 (735 ILCS 5/2-1105) (from Ch. 110, par. 2-1105) (Text of Section WITH the changes made by P.A. 98-1132, which has been held unconstitutional) Sec. 2-1105. Jury demand. (a) A plaintiff desirous of a trial by jury must file a demand therefor with the clerk at the time the action is commenced. A defendant desirous of a trial by jury must file a demand therefor not later than the filing of his or her answer. Otherwise, the party waives a jury. If an action is filed seeking equitable relief and the court thereafter determines that one or more of the parties is or are entitled to a trial by jury, the plaintiff, within 3 days from the entry of such order by the court, or the defendant, within 6 days from the entry of such order by the court, may file his or her demand for trial by jury with the clerk of the court. If the plaintiff files a jury demand and thereafter waives a jury, any defendant and, in the case of multiple defendants, if the defendant who filed a jury demand thereafter waives a jury, any other defendant shall be granted a jury trial upon demand therefor made promptly after being advised of the waiver and upon payment of the proper fees, if any, to the clerk. (b) All jury cases shall be tried by a jury of 6. If alternate jurors are requested, an additional fee established by the county shall be charged for each alternate juror requested. For all cases filed prior to the effective date of this amendatory Act of the 98th General Assembly, if a party has paid for a jury of 12, that party may demand a jury of 12 upon proof of payment. (Source: P.A. 98-1132, eff. 6-1-15 .) (Text of Section WITHOUT the changes made by P.A. 98-1132, which has been held unconstitutional) Sec. 2-1105. Jury demand. (a) A plaintiff desirous of a trial by jury must file a demand therefor with the clerk at the time the action is commenced. A defendant desirous of a trial by jury must file a demand therefor not later than the filing of his or her answer. Otherwise, the party waives a jur",
        "scraped_snippet_2": null,
        "scrape_success": 1
      }
    ]
  }
]