[
  {
    "file_name": "PREMIERBIOMEDICALINC_05_14_2020-EX-10.2-INTELLECTUALPROPERTYAGREEMENT.txt",
    "perturbation": [
      {
        "type": "Structural Flaws - Legal Contradiction",
        "original_text": "8. VENUE. This Agreement and the rights of the Parties hereunder shall be governed by and construed in accordance with the laws of the Commonwealth of Pennsylvania including all matters of construction, validity, performance, and enforcement and without giving effect to the principles of conflict of laws. Venue for any action brought under this Agreement shall be in the appropriate court in Mercer County, Pennsylvania.",
        "changed_text": "5. REQUIREMENT. The Parties agree that Marv and/or Mitchell S. Felder shall have no obligation and/or involvement in any capital raising activities for THI or Premier at any time and for any reason. Further, the 150,000,000 (one hundred and fifty million) stock warrants previously ceded to Mitchell S. Felder by Halberd/THI shall not be eliminated, cancelled, or altered in any way, and for any reason, unless specifically directed at the request of Mitchell S. Felder. \n8. VENUE. This Agreement and the rights of the Parties hereunder shall be governed by the laws of a jurisdiction to be determined by Premier Biomedical, Inc., without regard to conflict of laws principles. Venue for any action brought under this Agreement shall be in a court selected at the sole discretion of THI.",
        "explanation": "Moving the venue clause from its dedicated section to be interspersed with other clauses and changing the jurisdiction and venue determination contradicts standard legal practices. It obscures the governing law and venue, making dispute resolution less predictable and potentially more costly for one party. The introduction of subjective determination of venue and jurisdiction impacts the enforceability and clarity.",
        "contradicted_law": "General Contract Law Principles - Jurisdiction and Venue",
        "law_citation": "28 U.S. Code § 1391 - Venue generally",
        "law_url1": [
          "https://www.law.cornell.edu/topn/venue"
        ],
        "law_url2": [
          "https://uscode.house.gov/view.xhtml?req=granuleid%3AUSC-prelim-title28-section1391&edition=prelim"
        ],
        "law_explanation": "This modification contradicts the principle that venue and jurisdiction clauses should be clear and agreed upon by both parties. 28 U.S. Code § 1391 outlines the rules for venue in federal courts, emphasizing fairness and convenience. By allowing one party to unilaterally determine the venue, the modified text creates an imbalance that is generally disfavored and can render the clause unenforceable, as it could force the other party to litigate in an inconvenient or unfair location.",
        "location": "Section 5 and 8",
        "scraped_snippet_1": null,
        "scraped_snippet_2": "28 USC 1391: Venue generally Result 1 of 1 Current 2024 Main Ed. (1/6/2025) [Titles 1 through 6] 2018 Ed. and Supplement V (1/3/2024) 2018 Ed. and Supplement IV (1/5/2023) 2018 Ed. and Supplement III (1/3/2022) 2018 Ed. and Supplement II (1/13/2021) 2018 Ed. and Supplement I (1/24/2020) 2018 Main Ed. (1/14/2019) 2012 Ed. and Supplement V (1/12/2018) 2012 Ed. and Supplement IV (1/6/2017) 2012 Ed. and Supplement III (1/3/2016) 2012 Ed. and Supplement II (1/5/2015) 2012 Ed. and Supplement I (1/16/2014) 2012 Main Ed. (1/15/2013) 2006 Ed. and Supplement V (1/3/2012) 2006 Ed. and Supplement IV (1/7/2011) 2006 Ed. and Supplement III (2/1/2010) 2006 Ed. and Supplement II (1/5/2009) 2006 Ed. and Supplement I (1/8/2008) 2006 Main Ed. (1/3/2007) 2000 Ed. and Supplement V (1/2/2006) 2000 Ed. and Supplement IV (1/3/2005) 2000 Ed. and Supplement III (1/19/2004) 2000 Ed. and Supplement II (1/6/2003) 2000 Ed. and Supplement I (1/22/2002) 2000 Main Ed. (1/2/2001) 1994 Ed. and Supplement V (1/23/2000) 1994 Ed. and Supplement IV (1/5/1999) 1994 Ed. and Supplement III (1/26/1998) 1994 Ed. and Supplement II (1/6/1997) 1994 Ed. and Supplement I (1/16/1996) 1994 Main Ed. (1/4/1995) Back to Original Document << Previous TITLE 28 / PART IV / CHAPTER 87 / § 1391 Next >> [Print] [Print selection] [OLRC Home] Help 28 USC 1391 : Venue generally Text contains those laws in effect on April 16, 2025 From Title 28-JUDICIARY AND JUDICIAL PROCEDURE PART IV-JURISDICTION AND VENUE CHAPTER 87-DISTRICT COURTS; VENUE Jump To: Source Credit Miscellaneous References In Text Amendments Effective Date §1391. Venue generally (a) Applicability of Section .-Except as otherwise provided by law- (1) this section shall govern the venue of all civil actions brought in district courts of the United States; and (2) the proper venue for a civil action shall be determined without regard to whether the action is local or transitory in nature. (b) Venue in General .-A civil action may be brought in- (1) a judicial district in which ",
        "scrape_success": 1
      },
      {
        "type": "Structural Flaws - Legal Contradiction",
        "original_text": "2. LICENSING. To the extent that terms in the 2010 Agreement/2020 Agreement are not contradicted or revised here, the terms as stated in 2010 Agreement/2020 Agreement remain in full effect, are controlling, and apply to THI licensing of the Applications in Appendix A and the Licensed Products derived therefrom.",
        "changed_text": "7. CONFIDENTIALITY. Each Party agrees to hold in confidence confidential information acquired in the course of this relationship with the other Parties and their associates. Each Party agrees to refrain from, either during period of this Agreement or at any other time thereafter, disclosing, using or disseminating such confidential information, for its or another's benefit, in any way acquired in the course of any association arising out of this Agreement. For purposes of this Agreement, confidential information shall include contacts and introductions to third parties and information relating thereto. Confidential information, knowledge or data of a Party and/or its affiliates shall not include any information which is or becomes generally available to the public other than as a result of a disclosure by such Party or its representatives. Confidential information should further include: all information (in whatever form and whether or not marked or otherwise identified as confidential), including financial statements, business plans or records, concepts, marketing studies, projections, sales or pricing information, customer or supplier information, agreements with third parties, Intellectual Property (as defined below) or other data provided by or on behalf of the Disclosing Party to the Recipient and (ii) all notes, analyses, compilations, studies, interpretations or other material prepared by the Recipient or its Representatives which contain or reflect or are based upon, in whole or in part, information furnished by the Disclosing Party pursuant to this Agreement.\n2. LICENSING.  Licensing shall be optional, and no specific terms from the 2010 Agreement/2020 Agreement will apply unless explicitly agreed upon in writing by all parties involved.",
        "explanation": "The modification of the licensing terms undermines the initial licensing agreements by stating they are now optional, contradicting the basis of the agreement. This contradicts the core licensing framework initially established, creating ambiguity and unenforceability of the licensing terms.",
        "contradicted_law": "Contract Law - Consideration and Mutual Agreement",
        "law_citation": "Restatement (Second) of Contracts § 71",
        "law_url1": [
          "https://www.law.cornell.edu/wex/consideration"
        ],
        "law_url2": [
          "https://www.justia.com/trials-litigation/docs/jury-instructions/contract-law/contract-elements-consideration/"
        ],
        "law_explanation": "This modification contradicts basic contract law principles concerning consideration and mutual agreement. Restatement (Second) of Contracts § 71 defines consideration as a bargained-for exchange. By rendering the licensing terms 'optional' and nullifying the previous agreements, the contract fails to provide clear consideration, making the licensing agreement unenforceable because it lacks a defined commitment from all parties. The original contract intended that certain licensing terms would be followed, this edit removes that promise, thus removing the aspect of consideration.",
        "scraped_snippet_1": "consideration | Wex | US Law | LII / Legal Information Institute Please help us improve our site! × No thank you consideration Consideration is a promise , performance, or forbearance bargained by a promisor in exchange for their promise. Consideration is the main element of a contract . Without consideration by both parties, a contract cannot be enforceable. For instance, if a person used the money to purchase an apple, the apple is the merchant’s consideration, and the money is the person’s consideration. Types: Consideration could be a promise, performance, forbearance, or property with legal value, but the economic benefit is not required. A gift or gratuitous promise cannot be a consideration for they have no bargaining. The past performance also cannot be a consideration as there is no exchange. Substitute for consideration: A contract without consideration could be enforceable if it has a substitute. Substitutes are promissory estoppel or detrimental reliance under Restatement (Second) of Contracts , or good faith modification under UCC . Promissory estoppel /detrimental reliance: A contract without consideration is enforceable if the nonperformance of the promisor will cause injustice. Elements of promissory estoppel are (i) the promise has reasonable, foreseeable, and detrimental reliance on the promisor, and (ii) the enforcement of the promise is necessary to avoid injustice. Good faith modification: A modified contract is a kind of new agreement, which changes parties’ obligations and then requires new consideration. But contract modification made in good faith under UCC is enforceable even without consideration. [Last reviewed in July of 2022 by the Wex Definitions Team ] Wex COMMERCE commercial activities business law contracts wex definitions business sectors commercial transactions legal education and practice Wex Toolbox",
        "scraped_snippet_2": null,
        "scrape_success": 1
      },
      {
        "type": "Structural Flaws - Legal Contradiction",
        "original_text": "2. (d) Royalty Payments. 1. Royalty payments are payable from THI to Marv Enterprises, LLC and will be in the amount of 5% of the Fair Market Value of: a. Licensed Product that is sold, leased or put into use by the THI or any Related Companies in the preceding calendar quarter; and b. any service performed by THI or any Related Companies that directly or indirectly uses Licensed Product. 3 2. This License does not include a minimum annual royalty payable by THI to Marv. 3. Fair Market Value\" means, with respect to any Licensed Product sold, leased or put into use, the Selling Price actually obtained in an arm's length transaction for a product comprising a Licensed Product in the form in which the product is sold, whether or not assembled and without excluding any components or subassemblies thereof which are included in such Selling Price. \"Selling price\" shall exclude: usual trade discounts actually allowed to unaffiliated persons or entities such as packing costs, costs of transportation and transportation insurance, and import, export, excise, sales and value added taxes, and custom duties. 4. In addition to the 5% amount calculated pursuant to the preceding paragraph, there shall be an identical 5% amount to be paid from THI, per Premier's consideration, to certain shareholders of Premier, as identified by Premier, as of a record date to be determined in the future, on an annual basis, commencing on the one-year anniversary of this Agreement until a total amount of $40,000,000 has been paid to Premier. This royalty is separate and distinct from the royalty obligation to Marv as stated in 2(d)1.",
        "changed_text": "11. ENTIRE AGREEMENT. This Agreement, along with the exhibits hereto, sets forth the entire agreement and understanding of the Parties hereto and supersedes any and all prior arrangements and understandings related to the subject matter hereof except for as specifically stated in this Agreement with regards to the 2010 Agreement and the 2020 Agreement and licensing rights. No understanding, promise, inducement, statement of intention, representation, warranty, covenant or condition, written or oral, express or implied, whether by statute or otherwise, has been made by any Party hereto which is not embodied in this Agreement or the written statements, certificates, or other documents delivered pursuant hereto or in connection with the transactions contemplated hereby, and no Party hereto shall be bound by or liable for any alleged understanding, promise, inducement, statement, representation, warranty, covenant or condition not so set forth.\n2. (d) Royalty Payments. 1. Royalty payments are payable from THI to Marv Enterprises, LLC and will be in an amount solely decided by THI at the end of each calendar year.  Any service performed by THI or any Related Companies that directly or indirectly uses Licensed Product. 3 2. This License does include a minimum annual royalty payable by THI to Marv, but the amount is at the discretion of THI. 3. Fair Market Value is not considered in this agreement and will be determined by THI. 4. In addition to the amount stated in 2(d)1, there will be a discretionary amount to be paid from THI to Premier's consideration. The amount and timing are determined by THI.",
        "explanation": "By placing the royalty terms at the end and completely altering the requirements, the enforceability is weakened. All key metrics are decided by one party, which is a conflict of interest and does not represent the intention of all parties. The introduction of subjective determination of royalty payments impacts the enforceability and clarity.",
        "contradicted_law": "Contract Law - Good Faith and Fair Dealing",
        "law_citation": "Uniform Commercial Code § 1-304",
        "law_url1": [
          "https://www.law.cornell.edu/ucc/1/1-304"
        ],
        "law_url2": [
          "https://www.uniformlaws.org/committees/community-home?CommunityKey=c14c9ac0-9473-4483-8699-090a3d632e99"
        ],
        "law_explanation": "This modification contradicts the implied covenant of good faith and fair dealing present in most contracts, including those governed by the Uniform Commercial Code (UCC). UCC § 1-304 requires all parties to act honestly and reasonably. By allowing THI to unilaterally determine the royalty amounts, it undermines the mutual benefit and fairness that the contract law aims to protect. It is now up to their discretion, which will likely not benefit the other parties.",
        "scraped_snippet_1": "§ 1-304. Obligation of Good Faith. | Uniform Commercial Code | US Law | LII / Legal Information Institute Please help us improve our site! × No thank you § 1-304. Obligation of Good Faith. Every contract or duty within the Uniform Commercial Code imposes an obligation of good faith in its performance and enforcement. Uniform Commercial Code Toolbox About Uniform Laws State Uniform Commercial Codes",
        "scraped_snippet_2": "Community Home - Uniform Law Commission Skip to main content (Press Enter). Sign in Skip auxiliary navigation (Press Enter). Follow ULC Schedule of Events Better Laws. Stronger States. Skip main navigation (Press Enter). Community Home Library Contact Us (312) 450-6600 info@uniformlaws.org Uniform Law Commission 111 N. Wabash Avenue, Suite 1010 Chicago, Illinois 60602 Uniform Law Commission The Uniform Law Commission (ULC, also known as the National Conference of Commissioners on Uniform State Laws), established in 1892, provides states with non-partisan, well-conceived and well-drafted legislation that brings clarity and stability to critical areas of state statutory law. Acts Overview Current Acts Uniform Commercial Code Projects Overview Current Committees Meetings and Events Annual Meeting 2025 -- Session Resources Committee Meetings Meeting Calendar Request to Schedule a Web Meeting Grant Application News and Publications News Publications Reprint Request Search Documents Videos Webinar Series Legislation Legislative Activity About ULC About Us Leadership Delegations Staff FAQs Standing Committees Editorial Boards Constitution Policies Spotlight ULC Careers Copyright 2024 Connect. All rights reserved. Privacy Policy | Terms of Use | Accessibility | Contact Us | © 2025 The National Conference of Commissioners on Uniform State Laws. All Rights Reserved. Powered by Higher Logic",
        "scrape_success": 2
      }
    ]
  }
]