[
  {
    "file_name": "CENTRACKINTERNATIONALINC_10_29_1999-EX-10.3-WEBSITEHOSTINGAGREEMENT.txt",
    "perturbation": [
      {
        "type": "Structural Flaws - Legal Contradiction",
        "original_text": "LIMITATION OF LIABILITY i-on will not be liable under any circumstances for any lost profits or other consequential damages, even if i-on has been advised as to the possibility of such damages. i-on's liability for damages to the Customer for any cause whatsoever, regardless of the form of action, and whether in contract or in tort, including negligence, shall be limited to one (1) month's fees and the remaining portion of any prepaid fees.",
        "changed_text": "MISCELLANEOUS This Agreement constitutes the entire understanding and agreement between the parties hereto and supersedes any and all prior or contemporaneous representations, understandings, and agreements between the Customer and i-on with respect to the subject matter hereof, all of which are merged herein. The parties understand that work i-on does in the development and maintenance of Web content and applications for Centrack International is governed by separate agreement(s). Nothing contained herein shall be deemed or construed to create a joint venture or partnership between the Customer and i-on. Neither party is, by virtue of this Agreement or otherwise, authorized as an agent or legal representative of the other party. Neither party is granted any such right or authority to assume or to create any obligation or responsibility, express or implied, on behalf of or in the name of the other party or to bind such other party in any manner. No waiver of any provision of this Agreement or any rights or obligations of either party hereunder shall be effective, except pursuant to a written instrument signed by the party or parties waiving compliance, and any such waiver shall be effective only in the specific instance and for the specific purpose stated in such writing. In the event that any provision hereof is found invalid or unenforceable pursuant to judicial decree or decision, the remainder of this Agreement shall remain valid and enforceable according to its terms. This Agreement was entered into in the State of Florida, and its validity, construction, interpretation, and legal effect shall be governed by the laws and judicial decisions of the State of Florida applicable to contracts entered into and performed entirely within the State of Florida. Neither the Customer nor i-on shall be deemed in default if its performance or obligations hereunder are delayed or become impossible or impractical by reason of any act of God, war, 5 fire, earthquake, labor dispute, sickness, accident, civil commotion, epidemic, act of government or government agency or offices, or any other cause beyond such party's control.\n\ni-on will not be liable under any circumstances for any lost profits or other consequential damages, even if i-on has been advised as to the possibility of such damages. i-on's liability for damages to the Customer for any cause whatsoever, regardless of the form of action, and whether in contract or in tort, including negligence, shall be limited to one (1) month's fees and the remaining portion of any prepaid fees.",
        "explanation": "Moving the limitation of liability clause to the 'Miscellaneous' section buries it where it's less likely to be noticed, potentially hindering its enforceability. Limitation of liability clauses are commonly found under their own, distinct, heading, which would make it very clear to both parties.",
        "contradicted_law": "Florida Statutes § 672.719(3)",
        "law_citation": "§ 672.719(3)",
        "law_url1": [
          "http://www.leg.state.fl.us/statutes/index.cfm?App_mode=Display_Statute&URL=0600-0699/0672/Sections/0672.719.html"
        ],
        "law_url2": [
          "https://law.justia.com/codes/florida/2023/title-xxxix/chapter-672/672-719/"
        ],
        "law_explanation": "Florida Statutes § 672.719(3) states that consequential damages may be limited or excluded unless the limitation or exclusion is unconscionable. While not directly contradicting the statute, burying the limitation of liability clause in the miscellaneous section increases the likelihood a court finds the limitation \"unconscionable\" due to lack of prominence and clear communication, thus making it harder to enforce.",
        "location": "Limitation of Liability & Miscellaneous",
        "scraped_snippet_1": "Statutes & Constitution :View Statutes : Online Sunshine April 17, 2025 Search Statutes: 2024 2023 2022 2021 2020 2019 2018 2017 2016 2015 2014 2013 2012 2011 2010 2009 2008 2007 2006 2005 2004 2003 2002 2001 2000 1999 1998 1997 Home Senate House Citator Statutes, Constitution, & Laws of Florida Florida Statutes Search Statutes Search Tips Florida Constitution Laws of Florida Legislative & Executive Branch Lobbyists Information Center Joint Legislative Committees & Other Entities Joint Administrative Procedures Committee (JAPC) Joint Committee on Public Counsel Oversight(JCPO) Joint Legislative Auditing Committee (JLAC) Joint Legislative Budget Commission (JLBC) Joint Select Committee on Collective Bargaining (JSCB) Office of Program Policy Analysis & Government Accountability (OPPAGA) Auditor General Commission on Ethics Economic and Demographic Research (EDR) Florida Historic Capitol Historical Committees Florida Legislative Committee on Intergovernmental Relations (LCIR) Joint Legislative Committee on Everglades Oversight (JCEO) Joint Legislative Sunset Committee (JCSC) Florida Government Efficiency Task Force Legislative Employment Legistore Links Select Year: 2024 2023 2022 2021 2020 2019 2018 2017 2016 2015 2014 2013 2012 2011 2010 2009 2008 2007 2006 2005 2004 2003 2002 2001 2000 1999 1998 1997 The Florida Statutes The 2024 Florida Statutes (including 2025 Special Session C) Title XXXIX COMMERCIAL RELATIONS Chapter 672 UNIFORM COMMERCIAL CODE: SALES View Entire Chapter F.S. 672.719 672.719 Contractual modification or limitation of remedy. — (1) Subject to the provisions of subsections (2) and (3) of this section and of the preceding section on liquidation and limitation of damages: (a) The agreement may provide for remedies in addition to or in substitution for those provided in this chapter and may limit or alter the measure of damages recoverable under this chapter, as by limiting the buyer’s remedies to return of the goods and repayment of the price or to repair and replacement of nonconforming goods or parts; and (b) Resort to a remedy as provided is optional unless the remedy is expressly agreed to be exclusive, in which case it is the sole remedy. (2) Where circumstances cause an exclusive or limited remedy to fail of its essential purpose, remedy may be had as provided in this code. (3) Consequential damages may be limited or excluded unless the limitation or exclusion is unconscionable. Limitation of consequential damages for injury to the person in the case of consumer goods is prima facie unconscionable but limitation of damages where the loss is commercial is not. History. — s. 1, ch. 65-254. Note. — s. 2-719, U.C.C. Copyright © 1995-2025 The Florida Legislature • Privacy Statement • Contact Us",
        "scraped_snippet_2": null,
        "scrape_success": 1
      },
      {
        "type": "Structural Flaws - Legal Contradiction",
        "original_text": "INDEMNIFICATION The Customer agrees to indemnify and hold harmless i-on, against any lawsuits, claims, damages, or liabilities (or actions or proceedings in respect thereof) to which i-on may become subject related to or arising out of Customer's use of i-on's services, and will reimburse i-on for all legal and other expenses, including attorney's fees, incurred in connection with investigating, defending, or settling any such loss, claim, damage, liability, action, or proceeding whether or not in connection with pending or threatened litigation in which i-on is a party. The provisions of this Agreement relating to indemnification shall survive termination of the Customer's Hosted Site.",
        "changed_text": "CONDITIONS OF SERVICE The Customer acknowledges that the Internet is an unreliable, unsecured, and error-prone network and agrees to hold i-on harmless for any interruptions in service to the Hosted Site or inability for users to reach or effectively use the Hosted Site that arises outside the scope of i-on's responsibilities as explicitly described in this Agreement. The Customer acknowledges that data loss is a possibility, even with mirrored computer storage and archival backup of such storage as provided by i-on per this Agreement, and agrees to hold i-on harmless for any such data loss for the Hosted Site, provided that i-on maintains reasonable steps as described in this Agreement to protect against such data loss. The Customer shall use i-on's resources in a manner that is clearly consistent with the purposes of the products and services offered. The Customer shall comply with applicable laws, standards, policies, and procedures. The Customer incurs the responsibility to determine what restrictions apply and to review the policies and procedures that will be updated continually. The customer is responsible to use the resources with sensitivity to the rights of others. Any conduct by the Customer that in i-on's sole discretion restricts or inhibits any other user, whether a customer of i-on or a user of any other system, from using and enjoying any of i-on's services is strictly prohibited. This includes, but is not limited to, the posting or transmitting on or through any of i-on's services, any information that is, in i-on's sole discretion, unlawful, obscene, threatening, abusive, libelous, or harmful, or encourages conduct that would constitute a criminal offense, give rise to civil liability, or otherwise violate any local, state, national, or International law.\n\nINDEMNIFICATION The Customer agrees to indemnify and hold harmless i-on, against any lawsuits, claims, damages, or liabilities (or actions or proceedings in respect thereof) to which i-on may become subject related to or arising out of Customer's use of i-on's services, and will reimburse i-on for all legal and other expenses, including attorney's fees, incurred in connection with investigating, defending, or settling any such loss, claim, damage, liability, action, or proceeding whether or not in connection with pending or threatened litigation in which i-on is a party. The provisions of this Agreement relating to indemnification shall survive termination of the Customer's Hosted Site.",
        "explanation": "Moving the indemnification clause under 'Conditions of Service' makes it less prominent and harder to find. Typically, indemnification clauses are given their own section to ensure clarity and understanding of this critical risk allocation provision.",
        "contradicted_law": "Florida Statute § 725.06",
        "law_citation": "§ 725.06",
        "law_url1": [
          "http://www.leg.state.fl.us/statutes/index.cfm?App_mode=Display_Statute&URL=0700-0799/0725/Sections/0725.06.html"
        ],
        "law_url2": [
          "https://law.justia.com/codes/florida/2022/title-xl/chapter-725/725-06/"
        ],
        "law_explanation": "While not directly violating Florida Statute § 725.06 (which addresses specific construction contracts), moving the indemnification clause into the 'Conditions of Service' section can make it ambiguous and less conspicuous, potentially hindering its enforceability. A court might view the relocation as an attempt to obscure the indemnification obligation, making it more difficult for i-on to enforce against the Customer. The statute emphasizes clarity in contracts, a condition which is undermined by relocating the clause.",
        "location": "Indemnification & Conditions of Service",
        "scraped_snippet_1": "Statutes & Constitution :View Statutes : Online Sunshine April 17, 2025 Search Statutes: 2024 2023 2022 2021 2020 2019 2018 2017 2016 2015 2014 2013 2012 2011 2010 2009 2008 2007 2006 2005 2004 2003 2002 2001 2000 1999 1998 1997 Home Senate House Citator Statutes, Constitution, & Laws of Florida Florida Statutes Search Statutes Search Tips Florida Constitution Laws of Florida Legislative & Executive Branch Lobbyists Information Center Joint Legislative Committees & Other Entities Joint Administrative Procedures Committee (JAPC) Joint Committee on Public Counsel Oversight(JCPO) Joint Legislative Auditing Committee (JLAC) Joint Legislative Budget Commission (JLBC) Joint Select Committee on Collective Bargaining (JSCB) Office of Program Policy Analysis & Government Accountability (OPPAGA) Auditor General Commission on Ethics Economic and Demographic Research (EDR) Florida Historic Capitol Historical Committees Florida Legislative Committee on Intergovernmental Relations (LCIR) Joint Legislative Committee on Everglades Oversight (JCEO) Joint Legislative Sunset Committee (JCSC) Florida Government Efficiency Task Force Legislative Employment Legistore Links Select Year: 2024 2023 2022 2021 2020 2019 2018 2017 2016 2015 2014 2013 2012 2011 2010 2009 2008 2007 2006 2005 2004 2003 2002 2001 2000 1999 1998 1997 The Florida Statutes The 2024 Florida Statutes (including 2025 Special Session C) Title XLI STATUTE OF FRAUDS, FRAUDULENT TRANSFERS, AND GENERAL ASSIGNMENTS Chapter 725 UNENFORCEABLE CONTRACTS View Entire Chapter F.S. 725.06 725.06 Construction contracts; limitation on indemnification. — (1) Any portion of any agreement or contract for or in connection with, or any guarantee of or in connection with, any construction, alteration, repair, or demolition of a building, structure, appurtenance, or appliance, including moving and excavating associated therewith, between an owner of real property and an architect, engineer, general contractor, subcontractor, sub-subcontractor, or materialman or any combination thereof wherein any party referred to herein promises to indemnify or hold harmless the other party to the agreement, contract, or guarantee for liability for damages to persons or property caused in whole or in part by any act, omission, or default of the indemnitee arising from the contract or its performance, shall be void and unenforceable unless the contract contains a monetary limitation on the extent of the indemnification that bears a reasonable commercial relationship to the contract and is part of the project specifications or bid documents, if any. Notwithstanding the foregoing, the monetary limitation on the extent of the indemnification provided to the owner of real property by any party in privity of contract with such owner shall not be less than $1 million per occurrence, unless otherwise agreed by the parties. Indemnification provisions in any such agreements, contracts, or guarantees may not require that the indemnitor indemnify the indemnitee for damages to persons or property caused in whole or in part by any act, omission, or default of a party other than: (a) The indemnitor; (b) Any of the indemnitor’s contractors, subcontractors, sub-subcontractors, materialmen, or agents of any tier or their respective employees; or (c) The indemnitee or its officers, directors, agents, or employees. However, such indemnification shall not include claims of, or damages resulting from, gross negligence, or willful, wanton or intentional misconduct of the indemnitee or its officer",
        "scraped_snippet_2": null,
        "scrape_success": 1
      },
      {
        "type": "Structural Flaws - Legal Contradiction",
        "original_text": "THIRD-PARTY SOFTWARE i-on expressly assumes no responsibility of the proper operation or maintenance of any of the Centrack site software that we authored by Imaginet and/or other third parties.",
        "changed_text": "TERM AND TERMINATION The term of this Agreement for the Hosted Site shall commence upon April 1, 1999 and shall continue for a period of six (6) months, unless earlier terminated in accordance with provisions hereof. This Agreement shall automatically be renewed for one (1) or more one (1) month periods unless either the Customer or i-on gives notice to the other party of its intention not to renew the 4 Agreement, which notice must be given not less than fifteen (15) days before the end of the respective initial or renewal term. Either party may terminate this Agreement without cause at any time effective upon thirty (30) days' written notice. Notwithstanding anything to the contrary contained in this Agreement, no termination of this Agreement for any reason whatsoever shall relieve the Customer of the obligation to pay all amounts due to i-on and to make such payments on a timely basis.\n\nTHIRD-PARTY SOFTWARE i-on expressly assumes no responsibility of the proper operation or maintenance of any of the Centrack site software that we authored by Imaginet and/or other third parties.",
        "explanation": "Moving the 'Third-Party Software' disclaimer into the 'Term and Termination' section obscures it, making it less likely to be noticed when assessing liability related to software issues. This is because parties reviewing the contract would not logically expect it in a 'Term and Termination' section.",
        "contradicted_law": "Florida's Uniform Commercial Code (UCC) - implied warranty of merchantability, 672.314",
        "law_citation": "672.314",
        "law_url1": [
          "http://www.leg.state.fl.us/statutes/index.cfm?App_mode=Display_Statute&URL=0600-0699/0672/Sections/0672.314.html"
        ],
        "law_url2": [
          "https://law.justia.com/codes/florida/2022/title-xxxix/chapter-672/672-314/"
        ],
        "law_explanation": "While 672.316 (exclusion or modification of warranties) covers how warranties are modified, moving the 'Third-Party Software' disclaimer to an illogical location ('Term and Termination') could be viewed as an attempt to obscure it. If the disclaimer is deemed not sufficiently conspicuous, Florida's implied warranty of merchantability (672.314) could be argued to still apply, even though i-on intended to disclaim responsibility for third-party software. The inconspicuous placement makes it harder to enforce the disclaimer, creating a potential contradiction between i-on's intent and the UCC.",
        "location": "Third-Party Software & Term and Termination",
        "scraped_snippet_1": "Statutes & Constitution :View Statutes : Online Sunshine April 17, 2025 Search Statutes: 2024 2023 2022 2021 2020 2019 2018 2017 2016 2015 2014 2013 2012 2011 2010 2009 2008 2007 2006 2005 2004 2003 2002 2001 2000 1999 1998 1997 Home Senate House Citator Statutes, Constitution, & Laws of Florida Florida Statutes Search Statutes Search Tips Florida Constitution Laws of Florida Legislative & Executive Branch Lobbyists Information Center Joint Legislative Committees & Other Entities Joint Administrative Procedures Committee (JAPC) Joint Committee on Public Counsel Oversight(JCPO) Joint Legislative Auditing Committee (JLAC) Joint Legislative Budget Commission (JLBC) Joint Select Committee on Collective Bargaining (JSCB) Office of Program Policy Analysis & Government Accountability (OPPAGA) Auditor General Commission on Ethics Economic and Demographic Research (EDR) Florida Historic Capitol Historical Committees Florida Legislative Committee on Intergovernmental Relations (LCIR) Joint Legislative Committee on Everglades Oversight (JCEO) Joint Legislative Sunset Committee (JCSC) Florida Government Efficiency Task Force Legislative Employment Legistore Links Select Year: 2024 2023 2022 2021 2020 2019 2018 2017 2016 2015 2014 2013 2012 2011 2010 2009 2008 2007 2006 2005 2004 2003 2002 2001 2000 1999 1998 1997 The Florida Statutes The 2024 Florida Statutes (including 2025 Special Session C) Title XXXIX COMMERCIAL RELATIONS Chapter 672 UNIFORM COMMERCIAL CODE: SALES View Entire Chapter F.S. 672.314 672.314 Implied warranty; merchantability; usage of trade. — (1) Unless excluded or modified (s. 672.316 ), a warranty that the goods shall be merchantable is implied in a contract for their sale if the seller is a merchant with respect to goods of that kind. Under this section the serving for value of food or drink to be consumed either on the premises or elsewhere is a sale. (2) Goods to be merchantable must be at least such as: (a) Pass without objection in the trade under the contract description; and (b) In the case of fungible goods, are of fair average quality within the description; and (c) Are fit for the ordinary purposes for which such goods are used; and (d) Run, within the variations permitted by the agreement, of even kind, quality and quantity within each unit and among all units involved; and (e) Are adequately contained, packaged, and labeled as the agreement may require; and (f) Conform to the promises or affirmations of fact made on the container or label if any. (3) Unless excluded or modified (s. 672.316 ) other implied warranties may arise from course of dealing or usage of trade. History. — s. 1, ch. 65-254. Note. — s. 2-314, U.C.C. Copyright © 1995-2025 The Florida Legislature • Privacy Statement • Contact Us",
        "scraped_snippet_2": null,
        "scrape_success": 1
      }
    ]
  }
]