[
  {
    "file_name": "ThriventVariableInsuranceAccountB_20190701_N-6_EX-99.D(IV)_11720968_EX-99.D(IV)_EndorsementAgreement.txt",
    "perturbation": [
      {
        "type": "Structural Flaws - Legal Contradiction",
        "original_text": "DIVIDENDS. Each year, we will determine our divisible surplus. This contract's share, if any, will be credited as a dividend. Since we do not expect this contract to contribute to divisible surplus, it is not expected that any dividends will be credited. DIVIDEND OPTIONS. If dividends are credited after premiums can no longer be paid under this contract, dividends will be paid in cash. Otherwise, dividends will be applied under the Payment of Premium option unless the Cash option has been chosen in writing. Cash. Dividends are paid in cash. Payment of Premium. Dividends are applied as payment of a Net Premium.",
        "changed_text": "ASSIGNMENT The ASSIGNMENT section is amended to include the following: You may transfer ownership of this contract in accordance with our bylaws. Society membership rights and privileges cannot be transferred or assigned. DIVIDENDS. Each year, we will determine our divisible surplus. This contract's share, if any, will be credited as a dividend. Since we do not expect this contract to contribute to divisible surplus, it is not expected that any dividends will be credited. DIVIDEND OPTIONS. If dividends are credited after premiums can no longer be paid under this contract, dividends will be paid in cash. Otherwise, dividends will be applied under the Payment of Premium option unless the Cash option has been chosen in writing. Cash. Dividends are paid in cash. Payment of Premium. Dividends are applied as payment of a Net Premium.",
        "explanation": "Moving the dividend information to the assignment section obscures the clarity and accessibility of dividend options, making it harder for policyholders to understand their rights regarding dividends.",
        "contradicted_law": "Wisconsin Statutes § 701.06",
        "law_citation": "Wisconsin Statutes § 701.06",
        "law_url1": [
          "https://docs.legis.wisconsin.gov/statutes/statutes/701/06"
        ],
        "law_url2": [
          "https://law.justia.com/codes/wisconsin/2022/chapter-701/section-701.06/"
        ],
        "law_explanation": "This modification potentially contradicts Wisconsin Statutes § 701.06, which addresses disclosure requirements for trust documents. While this isn't a direct trust document, the principle of clear disclosure of financial terms, similar to those applicable to trusts, should apply to insurance contracts with dividend options. By burying dividend information in an unrelated section, the contract fails to provide clear and easily understandable information about these financial aspects.",
        "location": "DIVIDENDS and ASSIGNMENT sections",
        "scraped_snippet_1": null,
        "scraped_snippet_2": "701.06 Spendthrift provisions and rights of creditors of beneficiaries. :: 2013 Wisconsin Statutes & Annotations :: US Codes and Statutes :: US Law :: Justia There Is a Newer Version of the Wisconsin Statutes & Annotations 2024 Wis. Stat. & Ann. 2023 Wis. Stat. & Ann. 2022 Wis. Stat. & Ann. 2013 Wis. Stat. & Ann. (here) View All Versions View Our Newest Version Here 2013 Wisconsin Statutes & Annotations 701. Trusts. 701.06 Spendthrift provisions and rights of creditors of beneficiaries. WI Stat § 701.06 (2013 through Act 380) What's This? 701.06 Spendthrift provisions and rights of creditors of beneficiaries. 701.06(1) (1) Income beneficiaries. A settlor may expressly provide in the creating instrument that the interest in income of a beneficiary other than the settlor is not subject to voluntary or involuntary alienation. The income interest of such a beneficiary cannot be assigned and is exempt from claims against the beneficiary until paid over to the beneficiary pursuant to the terms of the trust. 701.06(2) (2) Principal beneficiaries. A settlor may expressly provide in the creating instrument that the interest in principal of a beneficiary other than the settlor is not subject to voluntary or involuntary alienation. The interest in principal of such a beneficiary cannot be assigned and is exempt from claims against the beneficiary, but a judgment creditor, after any payments of principal have become due or payable to the beneficiary pursuant to the terms of the trust, may apply to the court for an order directing the trustee to satisfy the judgment out of any such payments and the court in its discretion may issue an order for payment of part or all of the judgment. 701.06(3) (3) Disclaimer or renunciation not an assignment. A disclaimer or renunciation by a beneficiary of part or all of his or her interest under a trust shall not be considered an assignment under sub. (1) or (2) . 701.06(4) (4) Claims for child support. Notwithstanding any provision in the creating ",
        "scrape_success": 1
      },
      {
        "type": "Structural Flaws - Legal Contradiction",
        "original_text": "ENTIRE CONTRACT In the ENTIRE CONTRACT section, the first phrase and numbered list are amended to read: The Entire Contract consists of: 1) This contract including any attached riders, amendments, or endorsements; 2) The Application attached to this contract; and 3) The Articles of Incorporation and Bylaws of the Society and all amendments to them. Benefits will not be reduced or eliminated by any future amendments to our Articles of Incorporation or Bylaws.",
        "changed_text": "MEMBERSHIP. The person(s) named as the Insured(s) or the Annuitant(s) is a benefit member of the Society. Rights and privileges of membership are set forth in the Articles of Incorporation and Bylaws of the Society. These rights and privileges are separate from the ownership of this contract. ENTIRE CONTRACT In the ENTIRE CONTRACT section, the first phrase and numbered list are amended to read: The Entire Contract consists of: 1) This contract including any attached riders, amendments, or endorsements; 2) The Application attached to this contract; and 3) The Articles of Incorporation and Bylaws of the Society and all amendments to them. Benefits will not be reduced or eliminated by any future amendments to our Articles of Incorporation or Bylaws.",
        "explanation": "Moving the \"Entire Contract\" clause to the \"Membership\" section could mislead the policyholder into thinking the entire contract's terms are defined within the membership agreement, which might not be the case. This affects the clarity and enforceability of the contract as a whole.",
        "contradicted_law": "Wisconsin Statutes § 631.05",
        "law_citation": "Wisconsin Statutes § 631.05",
        "law_url1": [
          "https://docs.legis.wisconsin.gov/statutes/statutes/631/05"
        ],
        "law_url2": [
          "https://law.justia.com/codes/wisconsin/2022/chapter-631/section-631.05/"
        ],
        "law_explanation": "By placing the \"entire contract\" clause within the membership section, the disclosure about what constitutes the entire contract becomes less prominent. This contradicts Wisconsin Statutes § 631.05, which requires that insurance policies contain the entire contract between the parties. The location of the clause makes it difficult to immediately ascertain what all documents constitutes the entire agreement.",
        "location": "MEMBERSHIP and ENTIRE CONTRACT sections",
        "scraped_snippet_1": null,
        "scraped_snippet_2": null,
        "scrape_success": 0
      },
      {
        "type": "Structural Flaws - Legal Contradiction",
        "original_text": "MAINTENANCE OF SOLVENCY. This provision applies only to benefits provided through the General Account. If the solvency of the Society becomes impaired, you may be required to make an extra payment. The Board of Directors will determine the amount of any extra payment. It will be based on each member's fair share of the deficiency. You may make the extra payment by an equivalent reduction in benefits or by a payment in cash. If you do not make the extra payment within 60 days from the date we notify you of your share of the deficiency, the amount will be charged as an indebtedness against the contract with interest compounded at the rate of 5% per year.",
        "changed_text": "DEFINITIONS The DEFINITIONS section of the contract is amended to include the following: Service Center. Where this contract is administered. Our Service Center address is 4321 North Ballard Road, Appleton, WI 54919-0001. And in the DEFINITIONS section, the definition: We, Our, Us. Lutheran Brotherhood Variable Insurance Products Company. Which previously was amended to read: We, Our, Us. Thrivent Life Insurance Company. Is amended to read: We, we, Our, our, Us, us, Society. Thrivent Financial for Lutherans. MAINTENANCE OF SOLVENCY. This provision applies only to benefits provided through the General Account. If the solvency of the Society becomes impaired, you may be required to make an extra payment. The Board of Directors will determine the amount of any extra payment. It will be based on each member's fair share of the deficiency. You may make the extra payment by an equivalent reduction in benefits or by a payment in cash. If you do not make the extra payment within 60 days from the date we notify you of your share of the deficiency, the amount will be charged as an indebtedness against the contract with interest compounded at the rate of 5% per year.",
        "explanation": "Moving the \"Maintenance of Solvency\" clause to the definitions section and adjacent to \"Service Center\" information obscures the importance of this solvency provision, and could give the mistaken assumption that this clause is less serious than what it appears to be, because it is adjacent to general information that is more of a footnote than anything else. This negatively impacts the policyholder's ability to easily understand their obligations during times of company insolvency.",
        "contradicted_law": "Wisconsin Administrative Code Ins 2.14",
        "law_citation": "Wisconsin Administrative Code Ins 2.14",
        "law_url1": [
          "https://docs.legis.wisconsin.gov/code/admin_code/ins/2/14"
        ],
        "law_url2": [
          "https://law.justia.com/codes/wisconsin/2022/administrative-code/ins-2.14/"
        ],
        "law_explanation": "By placing the solvency maintenance provision within the DEFINITIONS section, it is deemphasized, and becomes much less prominent than the other definitions. This potentially contradicts Wisconsin Administrative Code Ins 2.14 (1), which stipulates that policy language must not be deceptively minimized, obscured or placed so as to hamper understanding of its relative importance.",
        "location": "DEFINITIONS and MAINTENANCE OF SOLVENCY sections",
        "scraped_snippet_1": "Wisconsin Legislature: Ins 2.14 Skip navigation Home Documents Senate Assembly Committees Service Agencies Docs Options Help 2025 Biennium Statutes Admin. Rules Indices Miscellaneous Archives Home Bill, Rule, and Appointment Histories Senators Representatives Committees Text of Introduced Proposals Amendment Text Acts Veto Messages Enrolled Bills Votes Assembly and Senate Floor Calendars Schedule of Committee Activities Assembly and Senate Journals Committee Records (ROCPs) Legislative Rules All Session-Related Documents Subject Index to Acts Subject Index to Legislation Subject Index to Journals Author Index to Legislation Subject Index to Clearinghouse Rules Miscellaneous Budget Documents Executive Orders Rulings of the Chair Wisconsin Supreme Court Rules Opinions of the Attorney General Town Law Forms Law Districts Session Drafting Files Feeds Preferences Show tree Hide tree Feedback Help Home Senate Home Senators Committees Session Chief Clerk Sergeant at Arms Civic Education Human Resources Assembly Home Representatives Committees Session Chief Clerk Sergeant at Arms Human Resources Schedule Joint Senate Assembly Study Legislative Audit Bureau Legislative Council Legislative Fiscal Bureau Legislative Human Resources Office Legislative Reference Bureau Legislative Technology Services Bureau Menu » Administrative Rules Related » Administrative Code » Office of the Commissioner of Insurance (Ins) » Chapter Ins 2 Up Up Ins 2.13(9)(a) (a) Before any insurer issues any modified guaranteed life insurance policy or modified guaranteed annuity contract in this state, the commissioner may require the insurer to file a copy of any prospectus or other sales material to be used in connection with the marketing of the modified guaranteed life insurance policy or modified guaranteed annuity contract. The sales material shall clearly illustrate that there can be both upward and downward adjustments due to the application of the market-value adjustment formula in determining nonforfeiture benefits. Ins 2.13(",
        "scraped_snippet_2": null,
        "scrape_success": 1
      }
    ]
  }
]