[
  {
    "file_name": "IntegrityFunds_20200121_485BPOS_EX-99.EUNDRCONTR_11948727_EX-99.EUNDRCONTR_ServiceAgreement.txt",
    "perturbation": [
      {
        "type": "Structural Flaws - Legal Contradiction",
        "original_text": "Section 7.1 This Agreement shall continue until January 18, 2022, and thereafter shall continue automatically for successive annual periods ending on January 18th of each year, provided such continuance is specifically approved at least annually by (a) the Fund's Board of Trustees and (b) a vote of a majority (as defined in the 1940 Act) of the Fund's Trustees who are not interested persons (as defined in the 1940 Act) of the Fund and who have no direct or indirect financial interest in the operation of the Plan, in this Agreement, or any agreement related to the Plan (the \"Qualified Trustees\"), by vote cast in person at a meeting called for the purpose of voting on such approval. This Agreement is terminable with respect to the Fund, without penalty, (a) on 60 days' written notice, by vote of a majority of the Qualified Trustees or by vote of a majority (as defined in the 1940 Act) of the outstanding voting securities of the Fund or (b) on 90 days' written notice by Integrity. This Agreement will also terminate automatically in the event of its assignment (as defined in the 1940 Act).",
        "changed_text": "Section 8.6 The captions of this Agreement are included for convenience of reference only and in no way define or delimit any of the provisions hereof or otherwise affect their construction or effect. Section 7.1 This Agreement shall continue until January 18, 2022, and thereafter shall continue automatically for successive annual periods ending on January 18th of each year, provided such continuance is specifically approved at least annually by (a) the Fund's Board of Trustees and (b) a vote of a majority (as defined in the 1940 Act) of the Fund's Trustees who are not interested persons (as defined in the 1940 Act) of the Fund and who have no direct or indirect financial interest in the operation of the Plan, in this Agreement, or any agreement related to the Plan (the \"Qualified Trustees\"), by vote cast in person at a meeting called for the purpose of voting on such approval. This Agreement is terminable with respect to the Fund, without penalty, (a) on 60 days' written notice, by vote of a majority of the Qualified Trustees or by vote of a majority (as defined in the 1940 Act) of the outstanding voting securities of the Fund or (b) on 90 days' written notice by Integrity. This Agreement will also terminate automatically in the event of its assignment (as defined in the 1940 Act).",
        "explanation": "Moving the 'Term of Agreement' clause to the 'Miscellaneous' section obscures its importance and could lead a reader to overlook the specific renewal and termination conditions. Terms of agreement generally belong in their own section, this perturbs that.",
        "contradicted_law": "Investment Company Act of 1940, Section 15(c)",
        "law_citation": "15 U.S. Code § 80a-15 - Contracts of advisers and underwriters",
        "law_url1": [
          "https://uscode.house.gov/view.xhtml?req=granuleid%3AUSC-prelim-title15-section80a-15&edition=prelim"
        ],
        "law_url2": [
          "https://www.law.cornell.edu/uscode/text/15/80a-15"
        ],
        "law_explanation": "Section 15(c) of the Investment Company Act of 1940 requires specific board approval, including by disinterested trustees, for the continuation of an underwriting agreement. By embedding the term clause within 'Miscellaneous,' it risks obscuring the visibility and prominence of this crucial renewal provision, potentially leading to non-compliance if the renewal process isn't properly highlighted and followed. This can hinder the fund's ability to demonstrate that the board has met its obligations regarding contract review and approval.",
        "location": "Section 8",
        "scraped_snippet_1": "15 USC 80a-15: Contracts of advisers and underwriters Result 1 of 1 Current 2024 Main Ed. (1/6/2025) [Titles 1 through 6] 2018 Ed. and Supplement V (1/3/2024) 2018 Ed. and Supplement IV (1/5/2023) 2018 Ed. and Supplement III (1/3/2022) 2018 Ed. and Supplement II (1/13/2021) 2018 Ed. and Supplement I (1/24/2020) 2018 Main Ed. (1/14/2019) 2012 Ed. and Supplement V (1/12/2018) 2012 Ed. and Supplement IV (1/6/2017) 2012 Ed. and Supplement III (1/3/2016) 2012 Ed. and Supplement II (1/5/2015) 2012 Ed. and Supplement I (1/16/2014) 2012 Main Ed. (1/15/2013) 2006 Ed. and Supplement V (1/3/2012) 2006 Ed. and Supplement IV (1/7/2011) 2006 Ed. and Supplement III (2/1/2010) 2006 Ed. and Supplement II (1/5/2009) 2006 Ed. and Supplement I (1/8/2008) 2006 Main Ed. (1/3/2007) 2000 Ed. and Supplement V (1/2/2006) 2000 Ed. and Supplement IV (1/3/2005) 2000 Ed. and Supplement III (1/19/2004) 2000 Ed. and Supplement II (1/6/2003) 2000 Ed. and Supplement I (1/22/2002) 2000 Main Ed. (1/2/2001) 1994 Ed. and Supplement V (1/23/2000) 1994 Ed. and Supplement IV (1/5/1999) 1994 Ed. and Supplement III (1/26/1998) 1994 Ed. and Supplement II (1/6/1997) 1994 Ed. and Supplement I (1/16/1996) 1994 Main Ed. (1/4/1995) Back to Original Document << Previous TITLE 15 / CHAPTER 2D / SUBCHAPTER I / § 80a-15 Next >> [Print] [Print selection] [OLRC Home] Help 15 USC 80a-15 : Contracts of advisers and underwriters Text contains those laws in effect on April 16, 2025 From Title 15-COMMERCE AND TRADE CHAPTER 2D-INVESTMENT COMPANIES AND ADVISERS SUBCHAPTER I-INVESTMENT COMPANIES Jump To: Source Credit Miscellaneous Amendments Effective Date §80a–15. Contracts of advisers and underwriters (a) Written contract to serve or act as investment adviser; contents It shall be unlawful for any person to serve or act as investment adviser of a registered investment company, except pursuant to a written contract, which contract, whether with such registered company or with an investment adviser of such registered company, ha",
        "scraped_snippet_2": "15 U.S. Code § 80a-15 - Contracts of advisers and underwriters | U.S. Code | US Law | LII / Legal Information Institute Please help us improve our site! × No thank you Quick search by citation: Title Section Go! 15 U.S. Code § 80a-15 - Contracts of advisers and underwriters U.S. Code Notes Authorities (CFR) prev | next (a) Written contract to serve or act as investment adviser; contents It shall be unlawful for any person to serve or act as investment adviser of a registered investment company, except pursuant to a written contract, which contract, whether with such registered company or with an investment adviser of such registered company, has been approved by the vote of a majority of the outstanding voting securities of such registered company, and— (1) precisely describes all compensation to be paid thereunder; (2) shall continue in effect for a period more than two years from the date of its execution, only so long as such continuance is specifically approved at least annually by the board of directors or by vote of a majority of the outstanding voting securities of such company; (3) provides, in substance, that it may be terminated at any time, without the payment of any penalty, by the board of directors of such registered company or by vote of a majority of the outstanding voting securities of such company on not more than sixty days’ written notice to the investment adviser ; and (4) provides, in substance, for its automatic termination in the event of its assignment . (b) Written contract with company for sale by principal underwriter of security of which company is issuer; contents It shall be unlawful for any principal underwriter for a registered open-end company to offer for sale, sell, or deliver after sale any security of which such company is the issuer, except pursuant to a written contract with such company, which contract— (1) shall continue in effect for a period more than two years from the date of its execution, only so long as such continuance",
        "scrape_success": 2
      },
      {
        "type": "Structural Flaws - Legal Contradiction",
        "original_text": "Section 4.2 Integrity agrees to indemnify, defend, and hold the Fund, its several officers and trustees, and any person who controls the Fund within the meaning of Section 15 of the 1933 Act, free and harmless from and against any and all claims, demands, liabilities, and expenses (including the costs of investigating or defending such claims, demands, or liabilities and any counsel fees incurred in connection therewith) that the Fund, its officers or trustees, or any such controlling person may incur under the 1933 Act, the 1940 Act, or common law or otherwise, but only to the extent that such liability or expense incurred by the Fund, its officers or trustees, or such controlling person resulting from such claims or demands shall arise out of or be based upon (a) any unauthorized sales literature, advertisements, information, statements, or representations or (b) any untrue or alleged untrue statement of a material fact contained in information furnished in writing by Integrity to the Fund and used in the answers to any of the items of the registration statement or in the corresponding statements made in the prospectus or statement of additional information, or shall arise out of or be based upon any omission or alleged omission to state a material fact in connection with such information furnished in writing by Integrity to the Fund and required to be stated in such answers or necessary to make such information not misleading. Integrity's agreement to indemnify the Fund, its officers and trustees, and any such controlling person, as aforesaid, is expressly conditioned upon Integrity's being notified of any action brought against the Fund, its officers or trustees, or any such controlling person, such notification to be given by letter or telegram addressed to Integrity at its principal office in Minot, North Dakota, and sent to Integrity by the person against whom such action is brought, within ten days after the summons or other first legal process shall have been served. The failure so to notify Integrity of any such action shall not relieve Integrity from any liability that Integrity may have to the Fund, its officers or trustees, or to such controlling person by reason of any such untrue or alleged untrue statement or omission or alleged omission otherwise than on account of Integrity's indemnity agreement contained in this paragraph 4.2. Integrity agrees to notify the Fund promptly of the commencement of any litigation or proceedings against Integrity or any of its officers or governors in connection with the issuance and sale of any Shares.",
        "changed_text": "Section 2.3 The Fund shall pay to Integrity, as set forth in the Registration Statement, any distribution and service fee authorized by the Plan. Section 4.2 Integrity agrees to indemnify, defend, and hold the Fund, its several officers and trustees, and any person who controls the Fund within the meaning of Section 15 of the 1933 Act, free and harmless from and against any and all claims, demands, liabilities, and expenses (including the costs of investigating or defending such claims, demands, or liabilities and any counsel fees incurred in connection therewith) that the Fund, its officers or trustees, or any such controlling person may incur under the 1933 Act, the 1940 Act, or common law or otherwise, but only to the extent that such liability or expense incurred by the Fund, its officers or trustees, or such controlling person resulting from such claims or demands shall arise out of or be based upon (a) any unauthorized sales literature, advertisements, information, statements, or representations or (b) any untrue or alleged untrue statement of a material fact contained in information furnished in writing by Integrity to the Fund and used in the answers to any of the items of the registration statement or in the corresponding statements made in the prospectus or statement of additional information, or shall arise out of or be based upon any omission or alleged omission to state a material fact in connection with such information furnished in writing by Integrity to the Fund and required to be stated in such answers or necessary to make such information not misleading. Integrity's agreement to indemnify the Fund, its officers and trustees, and any such controlling person, as aforesaid, is expressly conditioned upon Integrity's being notified of any action brought against the Fund, its officers or trustees, or any such controlling person, such notification to be given by letter or telegram addressed to Integrity at its principal office in Minot, North Dakota, and sent to Integrity by the person against whom such action is brought, within ten days after the summons or other first legal process shall have been served. The failure so to notify Integrity of any such action shall not relieve Integrity from any liability that Integrity may have to the Fund, its officers or trustees, or to such controlling person by reason of any such untrue or alleged untrue statement or omission or alleged omission otherwise than on account of Integrity's indemnity agreement contained in this paragraph 4.2. Integrity agrees to notify the Fund promptly of the commencement of any litigation or proceedings against Integrity or any of its officers or governors in connection with the issuance and sale of any Shares.",
        "explanation": "Moving Section 4.2 (Integrity's Indemnification of the Fund) after section 2.3 (Fund paying integrity). This reordering disrupts the flow of information, potentially causing oversight or confusion when reviewing the contract. A standard legal practice is for the indeminfication section to be with the other terms regarding indemnification, which are now separated. This leads to confusion on what the duties of each party is.",
        "contradicted_law": "Securities Act of 1933, Section 17(a)",
        "law_citation": "15 U.S. Code § 77q - Fraudulent interstate transactions",
        "law_url1": [
          "https://uscode.house.gov/view.xhtml?req=granuleid%3AUSC-prelim-title15-section77q&edition=prelim"
        ],
        "law_url2": [
          "https://www.law.cornell.edu/uscode/text/15/77q"
        ],
        "law_explanation": "Section 17(a) of the Securities Act of 1933 prohibits fraudulent activities in the offer or sale of securities. By placing the fund's indemnification obligation directly after a short payment section and prior to the specific clause relating to Integrity's indemnity, there is a possibility that investors who seek to understand their rights won't realize all of the risks involved. This could then involve Integrity to provide an untrue statement of material fact that is necessary to make the statements in light of the circumstances under which they were made, not misleading.",
        "location": "Section 2",
        "scraped_snippet_1": "15 USC 77q: Fraudulent interstate transactions Result 1 of 1 Current 2024 Main Ed. (1/6/2025) [Titles 1 through 6] 2018 Ed. and Supplement V (1/3/2024) 2018 Ed. and Supplement IV (1/5/2023) 2018 Ed. and Supplement III (1/3/2022) 2018 Ed. and Supplement II (1/13/2021) 2018 Ed. and Supplement I (1/24/2020) 2018 Main Ed. (1/14/2019) 2012 Ed. and Supplement V (1/12/2018) 2012 Ed. and Supplement IV (1/6/2017) 2012 Ed. and Supplement III (1/3/2016) 2012 Ed. and Supplement II (1/5/2015) 2012 Ed. and Supplement I (1/16/2014) 2012 Main Ed. (1/15/2013) 2006 Ed. and Supplement V (1/3/2012) 2006 Ed. and Supplement IV (1/7/2011) 2006 Ed. and Supplement III (2/1/2010) 2006 Ed. and Supplement II (1/5/2009) 2006 Ed. and Supplement I (1/8/2008) 2006 Main Ed. (1/3/2007) 2000 Ed. and Supplement V (1/2/2006) 2000 Ed. and Supplement IV (1/3/2005) 2000 Ed. and Supplement III (1/19/2004) 2000 Ed. and Supplement II (1/6/2003) 2000 Ed. and Supplement I (1/22/2002) 2000 Main Ed. (1/2/2001) 1994 Ed. and Supplement V (1/23/2000) 1994 Ed. and Supplement IV (1/5/1999) 1994 Ed. and Supplement III (1/26/1998) 1994 Ed. and Supplement II (1/6/1997) 1994 Ed. and Supplement I (1/16/1996) 1994 Main Ed. (1/4/1995) Back to Original Document << Previous TITLE 15 / CHAPTER 2A / SUBCHAPTER I / § 77q Next >> [Print] [Print selection] [OLRC Home] Help 15 USC 77q : Fraudulent interstate transactions Text contains those laws in effect on April 16, 2025 From Title 15-COMMERCE AND TRADE CHAPTER 2A-SECURITIES AND TRUST INDENTURES SUBCHAPTER I-DOMESTIC SECURITIES Jump To: Source Credit Miscellaneous References In Text Amendments Effective Date §77q. Fraudulent interstate transactions (a) Use of interstate commerce for purpose of fraud or deceit It shall be unlawful for any person in the offer or sale of any securities (including security-based swaps) or any security-based swap agreement (as defined in section 78c(a)(78) 1 of this title) by the use of any means or instruments of transportation or communication in inte",
        "scraped_snippet_2": "15 U.S. Code § 77q - Fraudulent interstate transactions | U.S. Code | US Law | LII / Legal Information Institute Please help us improve our site! × No thank you Quick search by citation: Title Section Go! 15 U.S. Code § 77q - Fraudulent interstate transactions U.S. Code Notes Authorities (CFR) prev | next (a) Use of interstate commerce for purpose of fraud or deceit It shall be unlawful for any person in the offer or sale of any securities (including security-based swaps ) or any security-based swap agreement (as defined in section 78c(a)(78) [1] of this title) by the use of any means or instruments of transportation or communication in interstate commerce or by use of the mails, directly or indirectly— (1) to employ any device, scheme, or artifice to defraud, or (2) to obtain money or property by means of any untrue statement of a material fact or any omission to state a material fact necessary in order to make the statements made, in light of the circumstances under which they were made, not misleading; or (3) to engage in any transaction, practice, or course of business which operates or would operate as a fraud or deceit upon the purchaser. (b) Use of interstate commerce for purpose of offering for sale It shall be unlawful for any person, by the use of any means or instruments of transportation or communication in interstate commerce or by the use of the mails, to publish, give publicity to, or circulate any notice, circular, advertisement, newspaper, article, letter, investment service, or communication which, though not purporting to offer a security for sale, describes such security for a consideration received or to be received, directly or indirectly, from an issuer, underwriter, or dealer, without fully disclosing the receipt, whether past or prospective, of such consideration and the amount thereof. (c) Exemptions of section 77c not applicable to this section The exemptions provided in section 77c of this title shall not apply to the provisions of this sec",
        "scrape_success": 2
      },
      {
        "type": "Structural Flaws - Legal Contradiction",
        "original_text": "Section 1.1 Integrity will act as principal underwriter for the distribution of the Shares covered by the registration statement, prospectus, and statement of additional information then in effect of the Fund (the \"Registration Statement\") under the Securities Act of 1933, as amended (the \"1933 Act\"), and the Investment Company Act of 1940, as amended (the \"1940 Act\"). Section 1.2 Integrity agrees to use its best efforts to solicit orders for the sale of the Shares at the public offering price, as determined in accordance with the Registration Statement, and will undertake such advertising and promotion as it believes is reasonable in connection with such solicitation. Integrity shall order Shares from the Fund only to the extent that it shall have received purchase orders therefore.",
        "changed_text": "Section 3.1 The Fund represents to Integrity that all registration statements, prospectuses, and statements of additional information filed by the Fund with the SEC under the 1933 Act and the 1940 Act with respect to the Shares of the Fund have been carefully prepared in conformity with the requirements of the 1933 Act, the 1940 Act, and the rules and regulations of the SEC thereunder. As used in this Agreement, the terms \"registration statement,\" \"prospectus,\" and \"statement of additional information\" shall mean any registration statement, prospectus, and statement of additional information filed by the Fund with the SEC and any amendments and supplements thereto which at any time shall have been filed with the SEC. The Fund represents and warrants to Integrity that any registration statement, prospectus, and statement of additional information, when such registration statement becomes effective, will include all statements required to be contained therein in conformity with the 1933 Act, the 1940 Act, and the rules and regulations of the SEC; that all statements of fact contained in any registration statement, prospectus, or statement of additional information will be true and correct when such registration statement becomes effective; and that neither any registration statement nor any prospectus or statement of additional information when such registration statement becomes effective will include an untrue statement of material fact or omit to state a material fact required to be stated therein or necessary to make the statements therein not misleading to a purchaser of Shares. Integrity may, but shall not be obligated to, propose from time to time such amendment or amendments to any registration statement and such supplement or supplements to any prospectus or statement of additional information as, in the light of future developments, may, in the opinion of Integrity's counsel, be necessary or advisable. If the Fund shall not propose such amendment or amendments and/or supplement or supplements within fifteen days after receipt by the Fund of a written request from Integrity to do so, Integrity may, at its option, terminate this Agreement. The Fund shall not file any amendment to any registration statement or supplement to any prospectus or statement of additional information without giving Integrity reasonable notice thereof in advance; provided, however, that nothing contained in this Agreement shall in any way limit the Fund's right to file at any time such amendments to any registration statement and/or supplements to any prospectus or statement of additional information, of whatever character, as the Fund may deem advisable, such right being in all respects absolute and unconditional. Section 1.1 Integrity will act as principal underwriter for the distribution of the Shares covered by the registration statement, prospectus, and statement of additional information then in effect of the Fund (the \"Registration Statement\") under the Securities Act of 1933, as amended (the \"1933 Act\"), and the Investment Company Act of 1940, as amended (the \"1940 Act\"). Section 1.2 Integrity agrees to use its best efforts to solicit orders for the sale of the Shares at the public offering price, as determined in accordance with the Registration Statement, and will undertake such advertising and promotion as it believes is reasonable in connection with such solicitation. Integrity shall order Shares from the Fund only to the extent that it shall have received purchase orders therefore.",
        "explanation": "Moving Section 1.1 and 1.2 (Services as Underwriter) after Section 3.1 (Representations and Warranties). This misplaces the core description of Integrity's services as the underwriter, relegating it to a later, less prominent position within the contract. This changes the focus from Integrity's role to the Fund's promises, which could affect the review. In most contracts, the nature of the service is at the start.",
        "contradicted_law": "Securities Exchange Act of 1934, Rule 10b-5",
        "law_citation": "17 CFR § 240.10b-5 - Employment of manipulative and deceptive devices",
        "law_url1": [
          "https://www.law.cornell.edu/cfr/text/17/240.10b-5"
        ],
        "law_url2": [
          "https://www.sec.gov/investor/alerts/ia_rule10b-5.pdf"
        ],
        "law_explanation": "Rule 10b-5 prohibits employing any device, scheme, or artifice to defraud or making any untrue statement of a material fact. By obscuring the description of Integrity's role, it introduces a higher chance that misinterpreting the services can lead to making untrue statements by potential investors who are not clear on what Integrity's specific duties are. This could lead to making a statement of material fact and the omission to state a material fact.",
        "location": "Section 3",
        "scraped_snippet_1": "17 CFR § 240.10b-5 - Employment of manipulative and deceptive devices. | Electronic Code of Federal Regulations (e-CFR) | US Law | LII / Legal Information Institute Please help us improve our site! × No thank you 17 CFR § 240.10b-5 - Employment of manipulative and deceptive devices. CFR prev | next § 240.10b-5 Employment of manipulative and deceptive devices. It shall be unlawful for any person, directly or indirectly, by the use of any means or instrumentality of interstate commerce, or of the mails or of any facility of any national securities exchange , (a) To employ any device, scheme, or artifice to defraud, (b) To make any untrue statement of a material fact or to omit to state a material fact necessary in order to make the statements made, in the light of the circumstances under which they were made, not misleading, or (c) To engage in any act, practice, or course of business which operates or would operate as a fraud or deceit upon any person, in connection with the purchase or sale of any security . (Sec. 10; 48 Stat. 891 ; 15 U.S.C. 78j ) [ 13 FR 8183 , Dec. 22, 1948, as amended at 16 FR 7928 , Aug. 11, 1951] CFR Toolbox Law about... Articles from Wex Table of Popular Names Parallel Table of Authorities",
        "scraped_snippet_2": null,
        "scrape_success": 1
      }
    ]
  }
]