[
  {
    "file_name": "LohaCompanyltd_20191209_F-1_EX-10.16_11917878_EX-10.16_SupplyAgreement.txt",
    "perturbation": [
      {
        "type": "Structural Flaws - Legal Contradiction",
        "original_text": "19. ARBITRATION: All disputes in connection with this Contract or the execution thereof shall be settled friendly through negotiations. In case no settlement can be reached, the case may then be submitted for arbitration to the Foreign Economic and Trade Arbitration Committee of the China Beijing Council for the Promotion of International Trade in accordance with its Provisional Rules of Procedures by the said Arbitration Committee. The Arbitration shall take place in Beijing and the decision of the Arbitration Committee shall be final and binding upon both parties; neither party shall seek recourse to a law court nor other authorities to appeal for revision of the decision. Arbitration fee shall be borne by the losing party.",
        "changed_text": "20. This final price is the confidential information. Dissemination, distribution or duplication of this price is strictly prohibited.\n\n19. ARBITRATION: All disputes in connection with this Contract or the execution thereof shall be settled friendly through negotiations. In case no settlement can be reached, the case may then be submitted for arbitration to the Foreign Economic and Trade Arbitration Committee of the China Beijing Council for the Promotion of International Trade in accordance with its Provisional Rules of Procedures by the said Arbitration Committee. The Arbitration shall take place in Beijing and the decision of the Arbitration Committee shall be final and binding upon both parties; neither party shall seek recourse to a law court nor other authorities to appeal for revision of the decision. Arbitration fee shall be borne by the losing party.",
        "explanation": "The arbitration clause is moved below the confidentiality clause. Although it is still present, this relocation obfuscates its importance and makes it less readily apparent to a party reviewing the contract, making the arbitration agreement harder to enforce. Furthermore, the renumbering makes understanding the order of operations in the contract more difficult.",
        "contradicted_law": "Contract Law of the People's Republic of China, Article 16",
        "law_citation": "Contract Law of the People's Republic of China, Article 16",
        "law_url1": [
          "http://www.npc.gov.cn/englishnpc/Law/2007-12/13/content_1383755.htm"
        ],
        "law_url2": [
          "https://www.wipo.int/wipolex/en/text/265535"
        ],
        "law_explanation": "Article 16 of the Contract Law of the People's Republic of China states that a contract is established when one party accepts the offer from another party. Moving the arbitration clause after a non-substantive clause like confidentiality could be argued as disrupting the clear sequence of contract formation elements, potentially leading to disputes about whether the arbitration clause was properly accepted as part of the core agreement. The relocation makes it harder to argue acceptance of the arbitration agreement as a core term.",
        "location": "Section 19",
        "scraped_snippet_1": "ä¸­å½äººå¤§ç½ ä¹ è¿å¹³å¨æ¬åå¯¨åªä½åè¡¨ç½²åæç« ä¹ è¿å¹³åé©¬æ¥è¥¿äºæ»çå®ç¦å°ä¸¾è¡ä¼è° ä¹ è¿å¹³ä¼è§é©¬æ¥è¥¿äºæé«å é¦æåææ¬£ èµµä¹é åè¬å °è®®é¿åæï¼é¿éä¸¾è¡ä¼è° èµµä¹é ä¼è§ä¿ç½æ¯å½å®¶æé©¬å¯ä¸»å¸­å·´å·´ç§å¤« èµµä¹é åæå¤§å©åè®®é¿æé²è¨ä¸¾è¡ä¼è° Â Â Â Â Â èµµä¹é åè¬å °è®®é¿åæï¼é¿éä¸¾è¡ä¼è° èµµä¹é ä¼è§ä¿ç½æ¯å½å®¶æé©¬å¯ä¸»å¸­å·´å·´ç§å¤« èµµä¹é åæå¤§å©åè®®é¿æé²è¨ä¸¾è¡ä¼è° æé¸¿å¿ åºå¸­å°æ¹äººå¤§å¸¸å§ä¼è´è´£åå¿å­¦ä¹ å¹è®­ç­ çä¸æçå ¨å½äººå¤§å¸¸å§ä¼è°ç ç»å°æ²³åå¼å±ä¸é¢è°ç  ä½ç»´çå ¨å½äººå¤§å¸¸å§ä¼è°ç ç»å°æµ·åå¼å±è°ç  å ¨å½äººå¤§å¸¸å§ä¼å¯å§åé¿æ´æ¡æ±æè®¿é®èå¤å½ å ¨å½äººå¤§å¸¸å§ä¼å¯å§åé¿éªå æ¥æÂ·æå å°çè°ç ç»å°èµ£è°ç  å ¨å½äººå¤§å¸¸å§ä¼æºå ³å ç»çè®ºå­¦ä¹ ä¸­å¿ç»å¼å±éä½å­¦ä¹ ç è®¨ åå¿å ±ç»ä¸­å½å¼ç°ä»£åæ°å¾æ¯ å§åé¿ èµµä¹é å¯å§åé¿ æé¸¿å¿ çä¸æ èãæ· éå»ºé¦ ä¸ä»²ç¤¼ éæé è¡è¾¾å³° ä½ãç»´ æ­¦ç»´å éãå å½­æ¸ å å¼ åºä¼ æ´æ¡æ±æ éªå æ¥æÂ·æå å° ç§ä¹¦é¿ åãå¥ æºæä¸»é¡µ æ°æå§åä¼ å®ªæ³åæ³å¾å§åä¼ çå¯åå¸æ³å§åä¼ è´¢æ¿ç»æµå§åä¼ æç§æå«å§åä¼ å¤äºå§åä¼ åä¾¨å§åä¼ ç¯å¢ä¸èµæºä¿æ¤å§åä¼ åä¸ä¸åæå§åä¼ ç¤¾ä¼å»ºè®¾å§åä¼ ä»£è¡¨èµæ ¼å®¡æ¥å§åä¼ å¸¸å§ä¼åå ¬å æ³å¶å·¥ä½å§åä¼ é¢ç®å·¥ä½å§åä¼ é¦æ¸¯åºæ¬æ³å§åä¼ æ¾³é¨åºæ¬æ³å§åä¼ ä»£è¡¨å·¥ä½å§åä¼ ç«æ³å¨æ | æ³å¾èæ¡å®¡è®® | æ³å¶å¤©å° | ç«æ³ä¸é¢ ç«æ³ ä¸ºæ°å½¢å¿ä¸åå¥½å½å®¶å®å ¨å·¥ä½æä¾åå®æ³æ²»ä¿é æ¨å¨ç§æ®é«è´¨éåå± ç­ç¢ç§æåæ°æ³æ²»æ ¹åº ä»¥æ³ä¹åæ¤ç°å® ä¸­åæèç»½è³å ç­ç¢æç©âåºä¿å°½ä¿âæ³æ²»å±é æ¯æåä¿éäººå¤§ä»£è¡¨æ´å¥½ä¾æ³å±¥è å¨æ³æ²»è½¨éä¸æ¨å¨äººå¤§ä»£è¡¨å·¥ä½é«è´¨éåå± ç«æ³æ­£å½å ¶æ¶ï¼ä¿éæ°è¥ç»æµå¤§æ¾èº«æ âåæ±åå³âä¼ æ°å£° æå±æ¸¯æ¾³âæååâ ç°è¡æææ³å¾ç®å½ï¼305ä»¶ï¼ æ´å¤ >> ç»¼å | æ§æ³æ£æ¥ | å·¥ä½çç£ | å®¡è®®åè¨ | å®¡è®®æè§ | çç£ä¸é¢ çç£ å ¨å½äººå¤§çå¯åå¸æ³å§åä¼å°éå¼å±çå¯æ³å®æ½æå ³... ä»âå½å®¶è´¦æ¬âçè´¢æ¿æ¿ç­ååç¹ ä½ çæ°çâå¹¸ç¦è´¦æ¬âï¼è¯·æ¥æ¶ï¼ å»å¹´ç«çâFlagâï¼ä»å¹´æé«æ³ååºäºï¼ æ°è¯´ä¸¤é«æ¥åï¼çå¸æ³ä¸ºæ°çååº¦åæ¸©åº¦ å½°æ¾å ¬å¹³æ­£ä¹ï¼è§£ç ä¸¤é«æ¥åä¸­çè¿äºæ°çæ¡ æ³æ²»æ¾ååº¦ æ°çææ¸©åº¦ ä»å ¨å½ä¸¤ä¼çæ³æ²»ä¸­å½å»ºè®¾æ°è¿å± å å¤§ååº¦ä¿éåæ¹åæ°ç æ´å¤ >> ä»£è¡¨æ´»å¨ | ä»£è¡¨é£é | è®®æ¡å»ºè®® | ä»£è¡¨å­¦ä¹ ä»£è¡¨ çæ°¸çº¢ï¼âèæ ¹âåæ°å©åçººç»ä¸ç¾ä¸½ä¼ æ¿ å å¿å¯ï¼è®©æ´å¤äººæ¥å³å±±æåå³ä¹¡æ åå¹³ï¼è¦ç»âä¸æåâ è¿½æ±ç²¾çæ±ç²¾ é­æçï¼ç¨ç­è½§ä¸çº¿çâéâåº¦å»å±¥è ä¾æ³å±¥èä¸æ­å¯ååäººæ°ç¾¤ä¼èç³» å´éç¬ï¼åæ°åå¥½åºå±æ²»çâå åæ³â æ±ªè£ç§ï¼âææ°è °å é¼äºï¼æå¿éæè¸å®â è¡ç¾å¨¥ï¼ç§åºâéæå­â å¸¦æ¥âçæ¥å­â æ¨æ°¸ï¼ä»¥åææ èåå©åæé èåâæ±åæ°´ä¹¡â æ´å¤ >> ä¸é¢è®²åº§ | äººå¤§å¶åº¦ | æ³å¶å»ºè®¾ | å·¥ä½ç è®¨ | è§ç¹ çè®º è®¸å®æ ï¼æ·±å»ææ¡ç«æ³å·¥ä½çæ¶ä»£ä½¿å½ å ååæ¥äººå¤§... å ¨è¿ç¨äººæ°æ°ä¸»ï¼æ°æ¶ä»£ä¸­å½æ°ä¸»çæ°å½¢æä¸æ°è´¡ç® æ°æ¶ä»£æ°å¾ç¨åæå¥½ãå®åå¥½ãè¿è¡å¥½äººæ°ä»£è¡¨å¤§ä¼... æ·±åå ¨æ°å½é²æè² åæ¤å½é²å®å ¨æè¯ åæå çé¢å¯¼ãäººæ°å½å®¶ä½ä¸»ãä¾æ³æ²»å½ææºç»ä¸ç... åæå¥½ãå®åå¥½ãè¿è¡å¥½äººæ°ä»£è¡¨å¤§ä¼å¶åº¦ äººæ°ä»£è¡¨å¤§ä¼å¶åº¦è´å«âä¸­å½ä¹æ²»âå¶åº¦å¯ç  åå®äººå¤§å·¥ä½çå¤§æ¹åå¤§ååå¤§éç åå¿ æ¢ ï¼æ·±å ¥ç ç©¶çæç¯å¢æ³å ¸ç¼çºçåºæ¬é®é¢ æ´å¤ >> å¾ç è§é¢ ç´æ­ æ°é»åå¸ä¼ ç´æ­ï¼ååå±å ¨å½äººå¤§ä¸æ¬¡ä¼è®®ç¬¬ä¸åºâé¨é¿ééâ... ç´æ­ï¼ååå±å ¨å½äººå¤§ä¸",
        "scraped_snippet_2": null,
        "scrape_success": 1
      },
      {
        "type": "Structural Flaws - Legal Contradiction",
        "original_text": "15. GUARANTEE OF QUALITY: The Sellers guarantee that the commodity hereof is complies in all respects with the quality and specification stipulated in this Contract.\n\n16. CLAIMS: Within 7 days after the arrival of the goods at destination, should the quality, specification, or quantity be found not in conformity with the stipulations of the Contract except those claims for which the insurance company or the owners of the vessel are liable, the Buyers, on the strength of the Inspection Certificate issued by the China Commodity Inspection Bureau, have the right to claim for replacement with new goods, or for compensation, and all the expenses (such as inspection charges, freight for returning the goods and for sending the replacement, insurance premium, storage and loading and unloading charges etc.) shall be borne by the Sellers. The Certificate so issued shall be accepted as the base of a claim. The Sellers, in accordance with the Buyers' claim, shall be responsible for the immediate elimination of the defect(s), complete or partial replacement of the commodity or shall devaluate the commodity according to the state of defect(s). Where necessary, the Buyers shall be at liberty to eliminate the defect(s) themselves at the Sellers' expenses. If the Sellers fail to answer the Buyers within one weeks after receipt of the aforesaid claim, the claim shall be reckoned as having been accepted by the Sellers.",
        "changed_text": "15. GUARANTEE OF QUALITY: The Sellers guarantee that the commodity hereof is complies in all respects with the quality and specification stipulated in this Contract.\n\n17. FORCE MAJEURE: The Sellers shall not be held responsible for the delay in shipment or non-delivery, of the goods due to Force Majeure, which might occur during the process of manufacturing or in the course of loading or transit. The Sellers shall advise the Buyers immediately of the occurrence mentioned above and within fourteen days thereafter, the Sellers shall send by airmail to the Buyers a certificate of the accident issued by the competent government authorities, Chamber of Commerce or registered notary public of the place where the accident occurs as evidence thereof. Under such circumstances the Sellers, however, are still under the obligation to take all necessary measures to hasten the delivery of the goods. In case the accident lasts for more than 10 weeks, the Buyers shall have the right to cancel the Contract.\n\n16. CLAIMS: Within 7 days after the arrival of the goods at destination, should the quality, specification, or quantity be found not in conformity with the stipulations of the Contract except those claims for which the insurance company or the owners of the vessel are liable, the Buyers, on the strength of the Inspection Certificate issued by the China Commodity Inspection Bureau, have the right to claim for replacement with new goods, or for compensation, and all the expenses (such as inspection charges, freight for returning the goods and for sending the replacement, insurance premium, storage and loading and unloading charges etc.) shall be borne by the Sellers. The Certificate so issued shall be accepted as the base of a claim. The Sellers, in accordance with the Buyers' claim, shall be responsible for the immediate elimination of the defect(s), complete or partial replacement of the commodity or shall devaluate the commodity according to the state of defect(s). Where necessary, the Buyers shall be at liberty to eliminate the defect(s) themselves at the Sellers' expenses. If the Sellers fail to answer the Buyers within one weeks after receipt of the aforesaid claim, the claim shall be reckoned as having been accepted by the Sellers.",
        "explanation": "By interposing the 'Force Majeure' clause between the 'Guarantee of Quality' and 'Claims' clauses, the logical flow of quality guarantees to the process for making claims is disrupted. This weakens the enforceability of the claims process because the buyer needs to actively search for the clause in question. The renumbering only adds to this confusion.",
        "contradicted_law": "Contract Law of the People's Republic of China, Article 111",
        "law_citation": "Contract Law of the People's Republic of China, Article 111",
        "law_url1": [
          "http://www.npc.gov.cn/englishnpc/Law/2007-12/13/content_1383755.htm"
        ],
        "law_url2": [
          "https://www.wipo.int/wipolex/en/text/265535"
        ],
        "law_explanation": "Article 111 of the Contract Law of the People's Republic of China concerns the quality of goods and mandates that if the quality does not conform to the agreement, the breaching party shall bear the responsibility for breach of contract. By separating the guarantee of quality from the claims procedure, it makes it harder for the buyer to understand their rights and how to exercise them, potentially hindering their ability to enforce this provision effectively. The location of the 'Claims' section makes its practical application more complex.",
        "location": "Sections 15, 16, and 17",
        "scraped_snippet_1": "ä¸­å½äººå¤§ç½ ä¹ è¿å¹³å¨æ¬åå¯¨åªä½åè¡¨ç½²åæç« ä¹ è¿å¹³åé©¬æ¥è¥¿äºæ»çå®ç¦å°ä¸¾è¡ä¼è° ä¹ è¿å¹³ä¼è§é©¬æ¥è¥¿äºæé«å é¦æåææ¬£ èµµä¹é åè¬å °è®®é¿åæï¼é¿éä¸¾è¡ä¼è° èµµä¹é ä¼è§ä¿ç½æ¯å½å®¶æé©¬å¯ä¸»å¸­å·´å·´ç§å¤« èµµä¹é åæå¤§å©åè®®é¿æé²è¨ä¸¾è¡ä¼è° Â Â Â Â Â èµµä¹é åè¬å °è®®é¿åæï¼é¿éä¸¾è¡ä¼è° èµµä¹é ä¼è§ä¿ç½æ¯å½å®¶æé©¬å¯ä¸»å¸­å·´å·´ç§å¤« èµµä¹é åæå¤§å©åè®®é¿æé²è¨ä¸¾è¡ä¼è° æé¸¿å¿ åºå¸­å°æ¹äººå¤§å¸¸å§ä¼è´è´£åå¿å­¦ä¹ å¹è®­ç­ çä¸æçå ¨å½äººå¤§å¸¸å§ä¼è°ç ç»å°æ²³åå¼å±ä¸é¢è°ç  ä½ç»´çå ¨å½äººå¤§å¸¸å§ä¼è°ç ç»å°æµ·åå¼å±è°ç  å ¨å½äººå¤§å¸¸å§ä¼å¯å§åé¿æ´æ¡æ±æè®¿é®èå¤å½ å ¨å½äººå¤§å¸¸å§ä¼å¯å§åé¿éªå æ¥æÂ·æå å°çè°ç ç»å°èµ£è°ç  å ¨å½äººå¤§å¸¸å§ä¼æºå ³å ç»çè®ºå­¦ä¹ ä¸­å¿ç»å¼å±éä½å­¦ä¹ ç è®¨ åå¿å ±ç»ä¸­å½å¼ç°ä»£åæ°å¾æ¯ å§åé¿ èµµä¹é å¯å§åé¿ æé¸¿å¿ çä¸æ èãæ· éå»ºé¦ ä¸ä»²ç¤¼ éæé è¡è¾¾å³° ä½ãç»´ æ­¦ç»´å éãå å½­æ¸ å å¼ åºä¼ æ´æ¡æ±æ éªå æ¥æÂ·æå å° ç§ä¹¦é¿ åãå¥ æºæä¸»é¡µ æ°æå§åä¼ å®ªæ³åæ³å¾å§åä¼ çå¯åå¸æ³å§åä¼ è´¢æ¿ç»æµå§åä¼ æç§æå«å§åä¼ å¤äºå§åä¼ åä¾¨å§åä¼ ç¯å¢ä¸èµæºä¿æ¤å§åä¼ åä¸ä¸åæå§åä¼ ç¤¾ä¼å»ºè®¾å§åä¼ ä»£è¡¨èµæ ¼å®¡æ¥å§åä¼ å¸¸å§ä¼åå ¬å æ³å¶å·¥ä½å§åä¼ é¢ç®å·¥ä½å§åä¼ é¦æ¸¯åºæ¬æ³å§åä¼ æ¾³é¨åºæ¬æ³å§åä¼ ä»£è¡¨å·¥ä½å§åä¼ ç«æ³å¨æ | æ³å¾èæ¡å®¡è®® | æ³å¶å¤©å° | ç«æ³ä¸é¢ ç«æ³ ä¸ºæ°å½¢å¿ä¸åå¥½å½å®¶å®å ¨å·¥ä½æä¾åå®æ³æ²»ä¿é æ¨å¨ç§æ®é«è´¨éåå± ç­ç¢ç§æåæ°æ³æ²»æ ¹åº ä»¥æ³ä¹åæ¤ç°å® ä¸­åæèç»½è³å ç­ç¢æç©âåºä¿å°½ä¿âæ³æ²»å±é æ¯æåä¿éäººå¤§ä»£è¡¨æ´å¥½ä¾æ³å±¥è å¨æ³æ²»è½¨éä¸æ¨å¨äººå¤§ä»£è¡¨å·¥ä½é«è´¨éåå± ç«æ³æ­£å½å ¶æ¶ï¼ä¿éæ°è¥ç»æµå¤§æ¾èº«æ âåæ±åå³âä¼ æ°å£° æå±æ¸¯æ¾³âæååâ ç°è¡æææ³å¾ç®å½ï¼305ä»¶ï¼ æ´å¤ >> ç»¼å | æ§æ³æ£æ¥ | å·¥ä½çç£ | å®¡è®®åè¨ | å®¡è®®æè§ | çç£ä¸é¢ çç£ å ¨å½äººå¤§çå¯åå¸æ³å§åä¼å°éå¼å±çå¯æ³å®æ½æå ³... ä»âå½å®¶è´¦æ¬âçè´¢æ¿æ¿ç­ååç¹ ä½ çæ°çâå¹¸ç¦è´¦æ¬âï¼è¯·æ¥æ¶ï¼ å»å¹´ç«çâFlagâï¼ä»å¹´æé«æ³ååºäºï¼ æ°è¯´ä¸¤é«æ¥åï¼çå¸æ³ä¸ºæ°çååº¦åæ¸©åº¦ å½°æ¾å ¬å¹³æ­£ä¹ï¼è§£ç ä¸¤é«æ¥åä¸­çè¿äºæ°çæ¡ æ³æ²»æ¾ååº¦ æ°çææ¸©åº¦ ä»å ¨å½ä¸¤ä¼çæ³æ²»ä¸­å½å»ºè®¾æ°è¿å± å å¤§ååº¦ä¿éåæ¹åæ°ç æ´å¤ >> ä»£è¡¨æ´»å¨ | ä»£è¡¨é£é | è®®æ¡å»ºè®® | ä»£è¡¨å­¦ä¹ ä»£è¡¨ çæ°¸çº¢ï¼âèæ ¹âåæ°å©åçººç»ä¸ç¾ä¸½ä¼ æ¿ å å¿å¯ï¼è®©æ´å¤äººæ¥å³å±±æåå³ä¹¡æ åå¹³ï¼è¦ç»âä¸æåâ è¿½æ±ç²¾çæ±ç²¾ é­æçï¼ç¨ç­è½§ä¸çº¿çâéâåº¦å»å±¥è ä¾æ³å±¥èä¸æ­å¯ååäººæ°ç¾¤ä¼èç³» å´éç¬ï¼åæ°åå¥½åºå±æ²»çâå åæ³â æ±ªè£ç§ï¼âææ°è °å é¼äºï¼æå¿éæè¸å®â è¡ç¾å¨¥ï¼ç§åºâéæå­â å¸¦æ¥âçæ¥å­â æ¨æ°¸ï¼ä»¥åææ èåå©åæé èåâæ±åæ°´ä¹¡â æ´å¤ >> ä¸é¢è®²åº§ | äººå¤§å¶åº¦ | æ³å¶å»ºè®¾ | å·¥ä½ç è®¨ | è§ç¹ çè®º è®¸å®æ ï¼æ·±å»ææ¡ç«æ³å·¥ä½çæ¶ä»£ä½¿å½ å ååæ¥äººå¤§... å ¨è¿ç¨äººæ°æ°ä¸»ï¼æ°æ¶ä»£ä¸­å½æ°ä¸»çæ°å½¢æä¸æ°è´¡ç® æ°æ¶ä»£æ°å¾ç¨åæå¥½ãå®åå¥½ãè¿è¡å¥½äººæ°ä»£è¡¨å¤§ä¼... æ·±åå ¨æ°å½é²æè² åæ¤å½é²å®å ¨æè¯ åæå çé¢å¯¼ãäººæ°å½å®¶ä½ä¸»ãä¾æ³æ²»å½ææºç»ä¸ç... åæå¥½ãå®åå¥½ãè¿è¡å¥½äººæ°ä»£è¡¨å¤§ä¼å¶åº¦ äººæ°ä»£è¡¨å¤§ä¼å¶åº¦è´å«âä¸­å½ä¹æ²»âå¶åº¦å¯ç  åå®äººå¤§å·¥ä½çå¤§æ¹åå¤§ååå¤§éç åå¿ æ¢ ï¼æ·±å ¥ç ç©¶çæç¯å¢æ³å ¸ç¼çºçåºæ¬é®é¢ æ´å¤ >> å¾ç è§é¢ ç´æ­ æ°é»åå¸ä¼ ç´æ­ï¼ååå±å ¨å½äººå¤§ä¸æ¬¡ä¼è®®ç¬¬ä¸åºâé¨é¿ééâ... ç´æ­ï¼ååå±å ¨å½äººå¤§ä¸",
        "scraped_snippet_2": null,
        "scrape_success": 1
      },
      {
        "type": "Structural Flaws - Legal Contradiction",
        "original_text": "11. PAYMENT: Under Letter of Credit or T/T: Under the Letter of Credit: The Buyer shall open an irrevocable letter of credit with the bank within 30 days after signing the contract, in favor of the Seller, for 100% value of the total contract value. The letter of credit should state that partial shipments are allowed. The Buyer's agent agrees to pay for the goods in accordance with the actual amount of the goods shipped. 80% of the system value being shipped will be paid against the documents stipulated in Clause 12.1. The remaining 20% of the system value being shipped will be paid against the documents stipulated in Clause 12.2. The Letter of Credit shall be valid until 90 days after the latest shipment is effected. Under the T/T The trustee of the buyer remitted the goods to the seller by telegraphic transfer in batches as agreed upon after signing each order.",
        "changed_text": "23. The Contract is valid for 5 years, beginning from and ended on . This Contract is made out in three originals in both Chinese and English, each language being legally of the equal effect. Conflicts between these two languages arising there from, if any, shall be subject to Chinese version. One copy for the Sellers, two copies for the Buyers. The Contract becomes effective after signed by both parties.\n\n11. PAYMENT: Under Letter of Credit or T/T: Under the Letter of Credit: The Buyer shall open an irrevocable letter of credit with the bank within 30 days after signing the contract, in favor of the Seller, for 100% value of the total contract value. The letter of credit should state that partial shipments are allowed. The Buyer's agent agrees to pay for the goods in accordance with the actual amount of the goods shipped. 80% of the system value being shipped will be paid against the documents stipulated in Clause 12.1. The remaining 20% of the system value being shipped will be paid against the documents stipulated in Clause 12.2. The Letter of Credit shall be valid until 90 days after the latest shipment is effected. Under the T/T The trustee of the buyer remitted the goods to the seller by telegraphic transfer in batches as agreed upon after signing each order.",
        "explanation": "By moving the payment terms after the contract's duration and language clauses, it creates a separation of critical financial aspects from the core operational sections. Placing the PAYMENT clause after the duration and language clauses weakens its prominence. Parties might overlook it, assuming financial terms are in an earlier, more logical sequence. This could lead to disputes over payment schedules and methods.",
        "contradicted_law": "General Principles of Civil Law of the People's Republic of China, Article 85",
        "law_citation": "General Principles of Civil Law of the People's Republic of China, Article 85",
        "law_url1": [
          "https://law.asia/prc-general-principles-civil-law/"
        ],
        "law_url2": [
          "https://repository.law.umich.edu/cgi/viewcontent.cgi?article=1033&context=mjil"
        ],
        "law_explanation": "Article 85 of the General Principles of Civil Law of the People's Republic of China states that contracts are agreements establishing, modifying, and terminating civil rights and obligations. By segregating the payment terms, a fundamental obligation, and placing it after clauses of duration, there's a potential argument that it was not integrated as centrally as other terms. This disrupts the clear understanding of civil obligations that the law seeks to protect.",
        "location": "Section 11",
        "scraped_snippet_1": null,
        "scraped_snippet_2": "\u0018AAXd\u0010a\u0003\b0\u0004\u0011\u0011\u0011\u0011\u0011\u0010\u00111\u0014sDDG\u0011\u0011\u0011\u0011\u0011\u0011\u0011\u0011\u0015Azu꺓sAvd,*V+I \u0003j)9\u0014!L\u001ar ,v)7 \u0011v}#2ULGaQDNU\b8L*\u0005Lm-\u0005\u00040[U_Ӌ_ ppۥSR_]s&r5Iis KR=\u0006\u00133p`* Y= ;*\u0014PC3\u0005($By* \u0013#e2$WE:Ȣ4\u001aa <\u0010d\",\b3}\u0019 y(3:\u0011ծT\\tͳ\\C\"B7 ͑ d09#\u0016\u0014!pHi\b0@͙ e \u0010pL\"\u0014\"n\u0018F \u0010\b \u00133`\u0006\u0011\u0017(\u00134\u0014 \"|\u0010f 5\u0015 \u0003w\u0017\u0001¨D #@a\u000f Q\\8kz.\u0003\u0004F\u0016\u0014!{*\u001a&wUI6Ah5ѱ\"4lh' ޞdc%ot\u0010n'}'IpZN+GI vE8,6F:VINr,R\u0013l;i:~ն}Ҷ\u0013unt\b6zNBN&Z}'\u0013m ?ZNty+TZOu>k]._׭ nZ/z[_&W[׷&>\u0011\u0010z{c57[CK;/Ҵ^6Gupr>+ x,?\u0015\\\bB\u0012!_~_{:+}\u0015/Z˫\u0019 _\bm\u0011? \u0002-#?\b/$\u000fw7xA?_Ato K_]R_wm~\u001b+ }}_Q(\u0011O8o(^o Q ?5V>ֺ֞ ^q7뿵d\"Wݥ_ҿK_znպIl/ ~ }յ_Ot jk~v\u0012i߲,\bK}e} 1 b \u0014U /t{\u001b֝WXU+i ${\u0006\u0015bM5N!Ƿ(4յ\u0010cqVWJ\b>WJVk;Vb v6ҽti%M;A+m\u0004pȣdQPdS 4Na+iWw\u0015ZᅯAcb\u0012lBdniM6\u0013 4\u001b[B\"\"\"\"!\u0018L! S@0B! \u0010\b\u0018A0\u0011\u000e !&aS\u0014Bq\u0011\u0011\u0011\u0011\u0010\u0006\u00100E#\u0013\u0006\u0010dT\u0018A\u0006\b0\bDA\u0011\u0011\u0011\u0011\u0011\u0011\bDDFXz ~両 D倥&LGc2m\u0011\\Ѽ쌈+S W\u00152H P]\b}?N~޽k ^?Zqƿ;XZBNӢ\u000f뮫Uu_$db# U \u0014XDR\b !33\u001b\u0019hE\u0003dpqO>$#C:\u0019Ր!\u0011#zd$ ˌ\u00103H\u0011@\b\u0014 ͑:\u0011 T\u0018e&A*\u0019!f# 3\u001b\u0019D\b8hE[\u0006'a\u0010a\u0017\u000f. F0C \u0011 3\b4\u0003\u0004D9\"x0!\u00120A3\u0004\u0010X(N,\"0L 00 \u00103\u0011\u0012'a\u0010Y\b\u0013N8&8hC\u0005F\u0004\u0010m&IzE aB.i'Bѻ\u0016vA\u0017\u0001-\u0016\u0010\u0004\u0011n\u001a5Gh \u001a6PF捖XeB.\b,(dm\u001b\u001a\u00162t\u0004\u0018l%J%Gu䮓 m\u0002miڄ '\u0010m&\u001b,a U& &wIAtmt'VwV乫at{g~\u001ah6SN >j_[zW^z__C b*ݫKzq>5mcB<9\u000f\u0005W\\Va_Z\u0015ۧMG\u0015н\u0004g],? t\u0017~\u0013%?//o{\u0017 \boPMu\u0011} #\u000fWaA\u0005 d: W]PE\"2޵\u0011OwU\u0011N\\ˆh ͚EC\u0019 B\b`\u0006O\u0018\u0019Qf2:4\"B0̆ID\u0019\u0014jO\u000f5Y+s\u0004\u000f `3yqQcdGa & \u0013 9C\u0006i\u0004\u0018C\\Ph0Ba0X 4\u0006\u0011\u000e, A(a\u0006\b\u0019\b0DJ\u0010.\u0003\u0004\u000f \b3E{00 \u0013\b80L\u0013O\b\u0018A\u0019D&\u0019A\u00054i0L\u0013M\u001a\u0018C~. i 6EZ \u0010\u0017!h٠Fѭ\u000eɃ.\u0016\u001a4Qa\u0017o \u0015?Ilq\u0016\u0011*\u0016Z5\u00044lh/!PWI=;Nv\u0016l)=utV&W\u001bm& &wXK6Ӳ;o%tJovGu'_%}ZW\u0015 PWa?}R~+޾'Wo(^Kvz\u0017_WOץ~{it;[_}z[C]7BOIT,/q\"?DG?umȃ0Պ~j1_hU\u001bxu|>WLr\u0015\u0014׊0_)\u000f .\u000eE/{\b0\"쪾\u0017 oa\u0019k\u0011\u0019F}xa aK| KK\u001b_ ]/// /KzbO޿*KEX\u0004TJ?rBB\u000fk!~P\u0019k !kija7Pׯ6 \u0012׿kׯ^ҷ_մKka(ml$ Zmv_6P]6Ww\u0015!}z?ᧈlS\u0015ۘQW \u0012+ a{_ݵ݊+ `0O\u0013zi\u0016j5Ti1\u000fV.Ua%MciXIzv\u0015~Wq\u000fA'E\u001aTR\">!J 5a\u0004 60\u0011A\u0018Q jQU\";jM' \u0011C%VEz1 Z *kVmZa\u0018J[#\u00040Nj!\u0014cDDDf; \u0013M\u0003\u0004\u00198\u0005\u0011\u0011`E \u0010\u0018&\u00150'\u0000\u0010aS\u0011\b0am5Ј\bDC\u0004\"\u0011\u0016\u0010a4¦\u0013AL\u0013%\u0001\ba\bФ \u0004tDDGY\u0004\"\"\"\"\"\"\"\"\"\"\"\"\":Z\u0014饥f F)!o\u0013\u0015U \u0015\u0003\u0011 cAFvffv\u0005\u0016UA4\u0006U\u0014\u001b \u00074\u0011> S\u0006\u0013]ޗ#ƚ[B ~8<,^_ɽy\u0007\u001a]ka\u0019\u0014M\u0010\b0DM\b\u001afA#t5\b?I\u0004K$3O(l \u0005\u0004 0^i2\u001a!\u000f6Tk !hBqp\u0018P0\u0004Jݦ\u0010z 83@\u0018 \u0010!t!.\b<>gA\u0006\u0010E\b_0@a:AG\u0014A\u0006& cFF\u0010\u00191-\u001a \u0010Ѭ6E&£cB7M +v Il7WA7H6nvK>ctdwNuӫq% _պ~ZOַ ߯K_WKK\u0018c '\\ Gk\b#\u000f}\u0010O/\u0017am\u0017{\u0010+~U__zK_+W'Inz-om+_W_Wn^KKaK?[KY\u0007I~A wnW\u0018%ZLTCl%izp vm+ %8nKȱؤDqXҊa2+خ\u0018MX1 \u0015mBثV):h! iI\u0013L&T\u0015Q\u0011\u0011\u0011\u0019\u0004 \b`0 A\u0010\u0011 \u0011\u0003\u0004 &\bAT\"\"\"I\u0011\b85~ׯa+ ؅\u0006]\u0002 Rv\b0H8eKsAS;%rУ%c#HEo;\u0002gy5\u0001G,XL\u0010#\u0018-\u0011VX( 21] W|\"u 4!wIݒ:pSi?q Qꯕ ;\b^J\u0011y k/\u0018Q1\u0010f- \u0014fkp ~}\u0019\u0004 \u0017$\"a\u0007ȁ\b\"\u0010ǒ\"\u001a7\u0010eyd54α\u0007Bx i\b\u0018B\b m_C ޺\u000ei:\b7\u0016\u0011Fƅl .Nbѭ\b\\\u0010C lhz6=\u001b\u001aA΍>\u001b\u0004/0& Ţ\u001aA\u0010v'N7\b;ji\u0005un\\m5m 4dXZ]$M\u0017~ȣ't\u0013h&\u0004ݯMi?t\\rgzum[}$tOPKCUom&퓦ҿwI}_C{k_M_{ɟ\u0011\u0014t0k^>?\u001bzUg-b D\u0017Eo\u0015\bC蛜gmu-,\u000f\u000f^ \u0002,j!\u0018\ba\b.#?okZ& aKM\b'?/\b\\6ÿ \u0012_+t^%[}}oo.򏲄\u000e~oԿܣu\u000ff?^P@#7\\߿iiRo5wkim]_k\u001am_KmIw iM\u0005\u0015[\u0018'WuzW\u0006ȶ5b\u0013^/ث/\u0017\u0005z[\u0018%j[Ҋj\u00104a$\bkmSN҉pkKb IȶkO#R a[P\u001awQK\u001bQQj6ڱIˋ\u0016L hC\u0010WL0Bi(4aIȮ VOi=6M 0mXa4&bMl\u0002(a4\"\"\"\" DC\u0005\u0011\u0011\u0012\u000f\u0006\bDa4!\u0016\u0010\u0010a\u0003\b\u0018Aa\u0006 \"\" \u000f\u0010a\u0006&\u0010\u0010\u0004\u0018A\"\u0018@;\bC(0\u0017\bDd\u0010\u0011\u0011\u0011\u0011\u0011\u0011\u0011\u0011\u0011H\b5W֕ium,p`]\u00109j\u0005C \u001b97&W̃.v\u0012L,d\u0019 25 PQGv a\u0006 }T.>\u001a w\u000fӏ FRC\u0004 \b3\u0010` D/KSe \u0003\bh!2)\u0004T\u001a\bF \u0012\u0012y!m\bȓ)5\u0011\"\"\b\b!/y0DD!s<$A & D\u000e:ɂL.2@ʈ h\u001a5L 0 t &\u0013dXka\u0017vNF.\u0003\bZ\u000e\u0016\u000eh AA\u0018GrT'fl \u0019\bXE\u0013 l\"0:M|&\u0011c\u0002\bj \u0010a0 \u00100 00\u0006<6G\u000e{B\u0012n: \u0004a\u0005h ݄lm;JEQhѭ\"U N\u000ex\u0010zB-&ݨka\u0017m \bh\u0006' \u0006؞\u0004[_z' &&>Ifr(&O\u0013Ñwi0W{Gu2|K\u001aO7i6mA6m\u001bWnvVOդ{kw:\\\u0010n&^~wXOTPi7VӤ~{Nt_]Z޵߯nw[QWzХ {#ʿ>\u0017M?a?ж__#_s\u0013\u0017\u0019\u000e˫Z?C#?\u0016ݯ=|#?#F \u0010_oW}u7> %_K{m}/\u0005_֮lWA61^޻?\u0015B(P_ !QO[]]9H׽z_Wi]뫦צ/ҴKzwvPoհ\u0012_;/ֵm^a/A{\"WTIB; 2?^!lmXJb*b@r\u000fΛiC\u0004~\u0018I\u0019 Պ**\u0012q \u0012Vӊ#t \b&a+IN;V4SU^ J؇\u001a>LSi-}a0A\u0006\u0013 Lp\u0010\u0013% ڈi\u001a \u0004b\b1 !4ӫKubnNv(1 6M6J\u0013 5 *b\u0010a1 a\u0006!&MCTԭ\u0011\u0010\bDDDJu,![B!\"\u0018 ` \u0010ЈGC\u0012\u0004DE\u0018B\"! 0\u0006\u0010a\u0003\u0004!\"\"#q\u0011\u0011\u0014r\u0018ADq\u0011\u0011 J\u0018H ߰\u0010&\u0003m\u0006 dAD`ΖX@8d]!!vB%\u0019\u000eϝ3$\u0012\u0010M&ַNN; ;-z?kz\u000fi{Ugikk K̇Z;v z뮽u__Ut꾿ޥb <\u0019-zɾgS%SU M|Ii*_ D$ƈ[\u001024`\"\u0010E\u0010ްD\u0006\u00103C\u0004\u0018 yD&\u0016%\b80iJ3 `\u0003DO8d= $M\u0018\b\u001a\u0006z\u0004D9pHA\")d N) ȡAƅ\b2Fl\u0011 d\u0017\bEa\u001a%1a\u001a\u0016\u0011\\9'.Șh \u001b\u0018Bv \u00155kx(P\u0006\u00150T-\":\u0005\u0004\u0018(L#@x*a\u0007[ \u0010(Ej\u0013FE \u0013\b0&\u0017\u0001\u0002#\u00103a\u0007\u0018&\u0010a4\u001ah0T'HIjJ6ȮaӸa$6ȰMZN ! A6\u0015F\u001aM Fn'vZ li\u0007I\u0004\u000em \u0011x\u0011a\u001b\u001b\u0013IK\u001bJMl Out +l#\u001bVvA?I\u0010K)>iA~I&,a<Ӱu~N;Bk6vum~nzoO} Z7Ooz_^^^ӯb\u0015^#D?i\u0018W~?t\u0011} \u000f.Ls\u0007_~#/2:Q {c}> z#\u0011_d#\b\u001bZ\bk0\bo 76[/ ?}FK Ea׆W K\u0018J\b/[^_z_KI/te ?ad]R_{} Nl/B?r!1VQ OU//8%_}/ջKKKu_o^^+׿a:[WC\u0014ZV0 %~]_}}6i턫ҹ\u0012+VB\u001b!MKȶئ \u0015\u0017e W\u0010r%I{ j\"\u000fjq[\u0015zWȎ)60a&E\u0006)4jD lm&pإ lCMZ\u0015IV\u0015m06i[JTڰa\u0003 І\u0010[ I\u0010a0aa\u0018M~&\u0012kV6!w#&PG dn\u0012M\u0007\b5\u0010Ujb\u0010ɖ4r\"4\"\"\"\"\"\",!\u0011\u0010\ba \u000e\u0011 &C\u00048B\"\"\"O\bDfs\u0010\u0010\u0010\b`\u0018)8\u0004\" \b:ƯB\u0011\u0011 Dz^ik\u0018/a~+` [\b,V\u0005\u0006\u0018H1.K #)S;$\u001b\u0010R.e;5pB++\u00106d\u000f;Q;Sj i* \u000e\\\u0010 \u00020o\u0012$)٩\u0005w A `\u0004\u0018_zyxK.\"oۺ>XeKuvP]~ۯT86ΌG\u0017衒H!y3_Ց %ߥȆ\b\u0018&\u0013D$Ba\u0006\b@3DCc-<\u00102v \u00102x \u0019>a\u0017\u0011 yB\"HhgDq\u0004\u0019\b?3\u0011DP!#0D\u0019 #\u0002Ȑ2@\u0004t5$<ļ`(˚!2pz5~-\u001a\u0003\b",
        "scrape_success": 1
      }
    ]
  }
]