[
  {
    "file_name": "VEONEER,INC_02_21_2020-EX-10.11-JOINTVENTUREAGREEMENT.txt",
    "perturbation": [
      {
        "type": "Structural Flaws - Legal Contradiction",
        "original_text": "This Amendment shall be governed by and construed in accordance with the laws of Japan.",
        "changed_text": "Notwithstanding Article 1.1, Article 1.2 and Article 1.3 above, the Nissin Parties agree to cause each of VNBJ and VNBZ to comply with Sections 4.3.2 and 4.3.3 of the JV Agreement with respect to the indemnification or reimbursement, as applicable, of all Directors and Officers (except those individuals resigning pursuant to Section 6.2.6 of the VNBJ SPA and Section 6.2.6 of the VNBZ SPA) with respect to any Liabilities arising prior to the VNBJ Closing or the VNBZ Closing, as applicable. This Amendment shall be governed by and construed in accordance with the laws of the State of Delaware.",
        "explanation": "The governing law clause is moved to be placed after a paragraph that discusses the obligations of the Nissin Parties to comply with certain Sections of the JV Agreement, making it seem that the state of Delaware will govern the agreement for only this condition.",
        "contradicted_law": "Choice of Law Principles - Enforceability and Predictability",
        "law_citation": "Restatement (Second) of Conflict of Laws § 187",
        "law_url1": [
          "https://law.justia.com/constitution/us/amendment-01/25-freedom-of-contract.html"
        ],
        "law_url2": [
          "https://www.law.cornell.edu/wex/choice_of_law"
        ],
        "law_explanation": "Moving the governing law clause to a position where it appears to only apply to a specific obligation undermines the principle that the choice of law should be clear and consistently applicable to the entire contract. This contradicts the goal of ensuring enforceability and predictability by creating ambiguity as to which jurisdiction's laws govern the overall agreement.",
        "location": "Article 3",
        "scraped_snippet_1": null,
        "scraped_snippet_2": null,
        "scrape_success": 0
      },
      {
        "type": "Structural Flaws - Legal Contradiction",
        "original_text": "Notwithstanding Article 1.1, Article 1.2 and Article 1.3 above, the termination of the JV Agreement with respect to VNBJ, VNBZ or the Veoneer Parties shall not release any Veoneer Party or any Nissin Party from liability for the breach of any of its representations, warranties, covenants or agreements set forth in the JV Agreement that arise prior to the VNBJ Closing or the VNBZ Closing, as applicable.",
        "changed_text": "Article 4.Effectiveness This Amendment shall only become effective upon the VNBJ Closing with respect to Article 1.1 and the VNBZ Closing with respect to Article 1.2, and shall terminate without any force or effect in the event that the VNBJ SPA and the VNBZ SPA are terminated in accordance with the terms thereof. Notwithstanding Article 1.1, Article 1.2 and Article 1.3 above, the termination of the JV Agreement with respect to VNBJ, VNBZ or the Veoneer Parties shall not release any Veoneer Party or any Nissin Party from liability for the breach of any of its representations, warranties, covenants or agreements set forth in the JV Agreement that arise prior to the VNBJ Closing or the VNBZ Closing, as applicable.",
        "explanation": "The clause regarding liability for breaches is moved after the effectiveness clause, which could be misinterpreted to mean it only becomes relevant if the agreement becomes effective. This is a misinterpretation since it is about pre-existing breaches.",
        "contradicted_law": "Contract Interpretation - Contra Proferentem",
        "law_citation": "Restatement (Second) of Contracts § 206",
        "law_url1": [
          "https://www.law.cornell.edu/wex/contra_proferentem"
        ],
        "law_url2": [
          "https://legaldictionary.net/contra-proferentem/"
        ],
        "law_explanation": "By placing the clause concerning liability for prior breaches after the effectiveness clause, an ambiguity is created regarding when this liability applies. If a dispute arises, a court might interpret this ambiguity against the drafter of the contract, potentially limiting the liability of parties for breaches that occurred before the agreement was technically 'effective' under the effectiveness clause. This is because the placement could suggest that the liability clause is contingent on the agreement becoming effective, contradicting the intent to hold parties responsible for pre-existing breaches.",
        "location": "Article 1",
        "scraped_snippet_1": "contra proferentem | Wex | US Law | LII / Legal Information Institute Please help us improve our site! × No thank you contra proferentem Contra proferentem is a rule of contract interpretation that states an ambiguous contract term should be construed against the drafter of the contract. The term contra proferentem is derived from a Latin phrase meaning “ against the offeror .” Contra proferentem has become increasingly important with the rise of contracts of adhesion . Contracts of adhesion involve pre-written contracts which are offered on a strict take-it or leave-it basis, leaving no opportunity for a party to bargain over specific contractual terms. Because the party does not have an opportunity to negotiate, they may reasonably interpret a term in a different manner than the contract offeror intended. Contra proferentem exists to place the burden of ambiguity on the party most capable of mitigating that ambiguity - the person who wrote it. The doctrine of contra proferentem is also especially important in the field of insurance law due to the generalized nature of many of its terms. For example, it may be unclear if a policy that covers “water damage” will cover damage caused by a rainstorm induced mudslide. The doctrine of contra proferentem encouraged insurance providers to create enumerated lists of events that are excluded under a given policy, ultimately increasing clarity for insurance purchasers. [Last reviewed in July of 2022 by the Wex Definitions Team ] Keywords contracts Wex COMMERCE commercial activities consumer protection insurance LIFE EVENTS standards of tort liability tort damages financial events THE LEGAL PROCESS courts legal practice/ethics business law contracts wex definitions business sectors commercial transactions individual rights legal education and practice legal theory Wex Toolbox",
        "scraped_snippet_2": null,
        "scrape_success": 1
      },
      {
        "type": "Structural Flaws - Legal Contradiction",
        "original_text": "Article 2.D&O Indemnity Notwithstanding Article 1.1, Article 1.2 and Article 1.3 above, the Nissin Parties agree to cause each of VNBJ and VNBZ to comply with Sections 4.3.2 and 4.3.3 of the JV Agreement with respect to the indemnification or reimbursement, as applicable, of all Directors and Officers (except those individuals resigning pursuant to Section 6.2.6 of the VNBJ SPA and Section 6.2.6 of the VNBZ SPA) with respect to any Liabilities arising prior to the VNBJ Closing or the VNBZ Closing, as applicable.",
        "changed_text": "Article 1.Amendment and Termination of JV Agreement a.As of the VNBJ Closing, except as expressly set forth in this Amendment, the JV Agreement shall immediately cease to have any application or effect with respect to VNBJ, all rights and obligations with respect to VNBJ under the JV Agreement shall terminate and all references to \"Company\" or \"Companies\" in the JV Agreement (either in the body of the JV Agreement or its schedules and other attachments) shall read and be interpreted to mean VNBZ and/or ANRA except as the context otherwise requires. Article 2.D&O Indemnity Notwithstanding Article 1.1, Article 1.2 and Article 1.3 above, the Nissin Parties agree to cause each of VNBJ and VNBZ to comply with Sections 4.3.2 and 4.3.3 of the JV Agreement with respect to the indemnification or reimbursement, as applicable, of all Directors and Officers (except those individuals resigning pursuant to Section 6.2.6 of the VNBJ SPA and Section 6.2.6 of the VNBZ SPA) with respect to any Liabilities arising prior to the VNBJ Closing or the VNBZ Closing, as applicable.",
        "explanation": "Moving the D&O Indemnity clause to the 'Amendment and Termination of JV Agreement' section implies that it only applies when JV Agreement ends and the companies are defunct. This makes it harder to enforce.",
        "contradicted_law": "Fiduciary Duty - Duty of Care",
        "law_citation": "Delaware General Corporation Law § 141(e)",
        "law_url1": [
          "https://delcode.delaware.gov/title8/c001/sc04/s141/"
        ],
        "law_url2": [
          "https://corplaw.widener.edu/wp-content/uploads/2015/07/DGCL-FINAL-MAY-2015.pdf"
        ],
        "law_explanation": "By moving the D&O Indemnity clause, which protects directors and officers from liabilities, to a section focused on the termination of the JV Agreement, it implies this protection is only relevant during or after the termination process. This contradicts the duty of care, which requires directors and officers to act in good faith and with the care of an ordinarily prudent person in similar circumstances, throughout their tenure. The implication that indemnity is limited to the termination phase undermines the broader protection intended for D&Os while they are actively managing the company, potentially discouraging responsible risk-taking and decision-making during the operational phase. This is especially true because Delaware law emphasizes that directors' and officers' liability should be limited to promote corporate management and encourage qualified individuals to serve.",
        "scraped_snippet_1": null,
        "scraped_snippet_2": null,
        "scrape_success": 0
      }
    ]
  }
]