[
  {
    "file_name": "SIBANNAC,INC_12_04_2017-EX-2.1-StrategicAllianceAgreement.txt",
    "perturbation": [
      {
        "type": "Structural Flaws - Legal Contradiction",
        "original_text": "9) Governing Law This Agreement is entered into in the State of Texas and shall be interpreted according to the laws of the State of Texas.",
        "changed_text": "5) Confidentiality \"Confidential information\" shall mean any and all technical and non-technical information, documents and materials related to client projects of party and products, services and business of each of the parties. COMPANY and Bravatek agree to maintain in strict confidence and not to disclose or disseminate, or to use for any purposes other than performance of the projects, the Confidential Information disclosed. The obligation of non-disclosure shall not apply to the following: a. Information at or after such time that is publicly available through no fault of either party b. Information at or after such time that is disclosed to either party by a third party entitled to disclose such information c. Information which is required by law to be disclosed to federal, state or local authorities. 9) Governing Law This Agreement is entered into in the State of Texas and shall be interpreted according to the laws of the State of Nevada.",
        "explanation": "The agreement states that it is entered into in Texas and shall be interpreted according to the laws of the State of Texas. The modification moves the governing law to under the confidentiality section, and changes the state to Nevada. This could cause the contract to be interpreted according to Nevada state law and not Texas state law as initially expected.",
        "contradicted_law": "Texas Business and Commerce Code § 1.301",
        "law_citation": "Texas Business and Commerce Code § 1.301",
        "law_url1": [
          "https://statutes.capitol.texas.gov/Docs/BC/htm/BC.1.htm"
        ],
        "law_url2": [
          "https://law.justia.com/codes/texas/business-and-commerce-code/title-1/chapter-1/section-1.301/"
        ],
        "law_explanation": "Texas Business and Commerce Code allows parties to choose which jurisdiction's laws govern their agreement. By changing the governing law section to a place where it is less discoverable, and by changing the state to Nevada, the parties' intent regarding governing law becomes unclear, potentially contradicting the principle that agreements should reflect the parties' intentions and creating ambiguity that could be challenged in court.",
        "location": "Section 9",
        "scraped_snippet_1": "(2) when the option to become the owner of the goods is granted to the lessee, the price is stated to be the fair market value of the goods determined at the time the option is to be performed. (e) The \"remaining economic life of the goods\" and \"reasonably predictable\" fair market rent, fair market value, or cost of performing under the lease agreement must be determined with reference to the facts and circumstances at the time the transaction is entered into. Amended by Acts 2003, 78th Leg., ch. 542, Sec. 1, eff. Sept. 1, 2003. Sec. 1.204. VALUE. Except as otherwise provided in Chapters 3 , 4 , and 5 , a person gives value for rights if the person acquires them: (1) in return for a binding commitment to extend credit or for the extension of immediately available credit, whether or not drawn upon and whether or not a charge-back is provided for in the event of difficulties in collection; (2) as security for, or in total or partial satisfaction of, a preexisting claim; (3) by accepting delivery under a preexisting contract for purchase; or (4) in return for any consideration sufficient to support a simple contract. Amended by Acts 2003, 78th Leg., ch. 542, Sec. 1, eff. Sept. 1, 2003. Sec. 1.205. REASONABLE TIME; SEASONABLENESS. (a) Whether a time for taking an action required by this title is reasonable depends on the nature, purpose, and circumstances of the action. (b) An action is taken seasonably if it is taken at or within the time agreed or, if no time is agreed, at or within a reasonable time. Amended by Acts 2003, 78th Leg., ch. 542, Sec. 1, eff. Sept. 1, 2003. Sec. 1.206. PRESUMPTIONS. Whenever this title creates a \"presumption\" with respect to a fact, or provides that a fact is \"presumed,\" the trier of fact must find the existence of the fact unless and until evidence is introduced that supports a finding of its nonexistence. Amended by Acts 2003, 78th Leg., ch. 542, Sec. 1, eff. Sept. 1, 2003. SUBCHAPTER C. TERRITORIAL APPLICABILITY AND GENERAL RULES Sec. 1.301. TERRITORIAL APPLICATION OF THE TITLE; PARTIES' POWER TO CHOOSE APPLICABLE LAW. (a) Except as provided hereafter in this section, when a transaction bears a reasonable relation to this state and also to another state or nation the parties may agree that the law either of this state or of such other state or nation shall govern their rights and duties. Failing such agreement this title applies to transactions bearing an appropriate relation to this state. (b) Where one of the following provisions of this title specifies the applicable law, that provision governs and a contrary agreement is effective only to the extent permitted by the law (including the conflict of laws rules) so specified: Rights of creditors against sold goods. Section 2.402 . Applicability of the chapter on Leases. Sections 2A.105 and 2A.106 . Applicability of the chapter on Bank Deposits and Collections. Section 4.102 . Governing law in the chapter on Funds Transfers. Section 4A.507 . Letters of Credit. Section 5.116 . Applicability of the chapter on Investment Securities. Section 8.110 . Law governing perfection, the effect of perfection or nonperfection, and the priority of security interests and agricultural liens. Sections 9.301-9.307. (c) If a transaction that is subject to this title is a \"qualified transaction,\" as defined in Section 271.001 , then except as provided in Subsection (b) of this section, Chapter 271 governs the effect of an agreement by the parties that the law of a particular jurisdiction governs an issue relating to the transaction or that the law of a particular jurisdiction governs the interpretation or construction of an agreement relating to the transaction or a provision of the agreement. Added by Acts 2003, 78th Leg., ch. 542, Sec. 1, eff. Sept. 1, 2003. Amended by: Acts 2007, 80th Leg., R.S., Ch. 885 (H.B. 2278 ), Sec. 2.02, eff. April 1, 2009. Sec. 1.302. VARIATION BY AGREEMENT. (a) Except as otherwise provided in Subsection (b) or elsewhere in this title, the effe",
        "scraped_snippet_2": null,
        "scrape_success": 1
      },
      {
        "type": "Structural Flaws - Legal Contradiction",
        "original_text": "4) Compensation When custom Products are designed, developed and to be delivered to Bravatek-identified perspective clients, the parties shall agree to a proposed sales price for use during the project in writing prior to the commencement of each project. 2 For any Product or Solution sold to any perspective clients introduced by Bravatek registered with COMPANY via email to COMPANY's CEO and delivered through Bravatek or a COMPANY-designated distribution affiliate(s) or sales channel(s), Bravatek will receive a lead-finder fee, to be mutually discussed and finally decided by COMPANY at the range of minimum of 10% to maximum of 20% of project revenue, with an exact fee to be depending upon the overall project sales margin and cost of development and delivery of each project, payable NET 30 days after each client payment on delivered products received at COMPANY's bank account.",
        "changed_text": "11) Modifications No changes or modifications of this Agreement or any of its terms shall be deemed effective unless in writing and executed by the parties hereto. 4) Compensation When custom Products are designed, developed and to be delivered to Bravatek-identified perspective clients, the parties shall agree to a proposed sales price for use during the project in writing prior to the commencement of each project. 2 For any Product or Solution sold to any perspective clients introduced by Bravatek registered with COMPANY via email to COMPANY's CEO and delivered through Bravatek or a COMPANY-designated distribution affiliate(s) or sales channel(s), Bravatek will receive a lead-finder fee, to be mutually discussed and finally decided by COMPANY at the range of minimum of 10% to maximum of 20% of project revenue, with an exact fee to be depending upon the overall project sales margin and cost of development and delivery of each project, payable NET 30 days after each client payment on delivered products received at COMPANY's bank account.",
        "explanation": "Moving the Compensation clause to follow the Modifications clause makes it more likely that it can be overlooked, especially since compensation and modifications are not usually related. This could result in Bravatek not receiving the lead-finder fee, especially since the text also contains the verbiage \"to be mutually discussed and finally decided by COMPANY\".",
        "contradicted_law": "Texas Business and Commerce Code § 2.204",
        "law_citation": "Texas Business and Commerce Code § 2.204",
        "law_url1": [
          "https://statutes.capitol.texas.gov/Docs/BC/htm/BC.2.htm"
        ],
        "law_url2": [
          "https://law.justia.com/codes/texas/business-and-commerce-code/title-1/chapter-2/section-2.204/"
        ],
        "law_explanation": "This code covers the formation of contracts. The relocation and subsequent overlooking of the compensation clause will give the company more power than Bravatek. This will make the compensation clause unenforceable, which contradicts this code.",
        "location": "Section 4",
        "scraped_snippet_1": "specially manufactured for the buyer and are not suitable for sale to others in the ordinary course of the seller's business and the seller, before notice of repudiation is received and under circumstances which reasonably indicate that the goods are for the buyer, has made either a substantial beginning of their manufacture or commitments for their procurement; or (2) if the party against whom enforcement is sought admits in his pleading, testimony or otherwise in court that a contract for sale was made, but the contract is not enforceable under this provision beyond the quantity of goods admitted; or (3) with respect to goods for which payment has been made and accepted or which have been received and accepted (Section 2.606 ). Acts 1967, 60th Leg., p. 2343, ch. 785, Sec. 1, eff. Sept. 1, 1967. Sec. 2.202. FINAL WRITTEN EXPRESSION: PAROL OR EXTRINSIC EVIDENCE. Terms with respect to which the confirmatory memoranda of the parties agree or which are otherwise set forth in a writing intended by the parties as a final expression of their agreement with respect to such terms as are included therein may not be contradicted by evidence of any prior agreement or of a contemporaneous oral agreement but may be explained or supplemented (1) by course of performance, course of dealing, or usage of trade (Section 1.303 ); and (2) by evidence of consistent additional terms unless the court finds the writing to have been intended also as a complete and exclusive statement of the terms of the agreement. Acts 1967, 60th Leg., p. 2343, ch. 785, Sec. 1, eff. Sept. 1, 1967. Amended by Acts 2003, 78th Leg., ch. 542, Sec. 3, eff. Sept. 1, 2003. Sec. 2.203. SEALS INOPERATIVE. The affixing of a seal to a writing evidencing a contract for sale or an offer to buy or sell goods does not constitute the writing a sealed instrument and the law with respect to sealed instruments does not apply to such a contract or offer. Acts 1967, 60th Leg., p. 2343, ch. 785, Sec. 1, eff. Sept. 1, 1967. Sec. 2.204. FORMATION IN GENERAL. (a) A contract for sale of goods may be made in any manner sufficient to show agreement, including conduct by both parties which recognizes the existence of such a contract. (b) An agreement sufficient to constitute a contract for sale may be found even though the moment of its making is undetermined. (c) Even though one or more terms are left open a contract for sale does not fail for indefiniteness if the parties have intended to make a contract and there is a reasonably certain basis for giving an appropriate remedy. Acts 1967, 60th Leg., p. 2343, ch. 785, Sec. 1, eff. Sept. 1, 1967. Sec. 2.205. FIRM OFFERS. An offer by a merchant to buy or sell goods in a signed writing which by its terms gives assurance that it will be held open is not revocable, for lack of consideration, during the time stated or if no time is stated for a reasonable time, but in no event may such period of irrevocability exceed three months; but any such term of assurance on a form supplied by the offeree must be separately signed by the offeror. Acts 1967, 60th Leg., p. 2343, ch. 785, Sec. 1, eff. Sept. 1, 1967. Sec. 2.206. OFFER AND ACCEPTANCE IN FORMATION OF CONTRACT. (a) Unless otherwise unambiguously indicated by the language or circumstances (1) an offer to make a contract shall be construed as inviting acceptance in any manner and by any medium reasonable in the circumstances; (2) an order or other offer to buy goods for prompt or current shipment shall be construed as inviting acceptance either by a prompt promise to ship or by the prompt or current shipment of conforming or non-conforming goods, but such a shipment of non-conforming goods does not constitute an acceptance if the seller seasonably notifies the buyer that the shipment is offered only as an accommodation to the buyer. (b) Where the beginning of a requested performance is a reasonable mode of acceptance an offeror who is not notified of acceptance within a reasonable time may treat the offer as h",
        "scraped_snippet_2": null,
        "scrape_success": 1
      },
      {
        "type": "Structural Flaws - Legal Contradiction",
        "original_text": "10) Indemnification COMPANY shall indemnify Bravatek, its directors, officers and employees, for any and all damages, costs, expenses, and other liabilities, including reasonable attorney's fees and court costs incurred in connection with any third-party claim, action or proceeding arising from the negligence or intentional misconduct of COMPANY or breach of COMPANY of any of its obligations under this Agreement. Bravatek shall indemnify COMPANY, its directors, officers and employees, for any and all damages, costs, expenses, and other liabilities, including reasonable attorney's fees and court costs, incurred in connection with any third-party claim, action or proceeding arising from the negligence or intentional misconduct of Bravatek or breach of Bravatek of any of its obligations under this Agreement.",
        "changed_text": "2) Duties of COMPANY COMPANY agrees to use its best efforts to promote and support project lead finding and after-sales support of Bravatek by: a. Listing Bravatek in all appropriate sales and marketing materials as a non-exclusive alliance partner (with focus of government customers) b. Provide timely responses to both technical and administrative questions posed by Bravatek. c. Promote Bravatek's product and service offerings whenever possible. d. Aid Bravatek in the writing of any technical/marketing/sales documents when requested and participate in mutually-agreed upon sales calls. e. Provide Bravatek with co-branded marketing material that can be emailed or handed to prospective clients. 10) Indemnification COMPANY shall indemnify Bravatek, its directors, officers and employees, for any and all damages, costs, expenses, and other liabilities, including reasonable attorney's fees and court costs incurred in connection with any third-party claim, action or proceeding arising from the negligence or intentional misconduct of COMPANY or breach of COMPANY of any of its obligations under this Agreement. Bravatek shall indemnify COMPANY, its directors, officers and employees, for any and all damages, costs, expenses, and other liabilities, including reasonable attorney's fees and court costs, incurred in connection with any third-party claim, action or proceeding arising from the negligence or intentional misconduct of Bravatek or breach of Bravatek of any of its obligations under this Agreement.",
        "explanation": "Moving the indemnification clause to follow the duties of the company puts it into a section where one party might not expect it to be. Indemnification clauses are meant to protect both parties, and this move makes it harder to find for Bravatek.",
        "contradicted_law": "Texas Civil Practice & Remedies Code § 16.004",
        "law_citation": "Texas Civil Practice & Remedies Code § 16.004",
        "law_url1": [
          "https://statutes.capitol.texas.gov/Docs/CP/htm/CP.16.htm"
        ],
        "law_url2": [
          "https://law.justia.com/codes/texas/civil-practice-and-remedies-code/title-2/chapter-16/section-16.004/"
        ],
        "law_explanation": "This section discusses the statute of limitations in Texas. Making the indemnification clause harder to find will make it more difficult for the party to be indemnified to find out when their time period to seek indemnification began, which could limit their legal recourse.",
        "location": "Section 10",
        "scraped_snippet_1": "apter 33 , Tax Code, not later than one year after the date the property is sold. Acts 1985, 69th Leg., ch. 959, Sec. 1, eff. Sept. 1, 1985. Amended by Acts 1995, 74th Leg., ch. 1017, Sec. 3, eff. Aug. 28, 1995. Sec. 16.003. TWO-YEAR LIMITATIONS PERIOD. (a) Except as provided by Sections 16.010 , 16.0031 , and 16.0045 , a person must bring suit for trespass for injury to the estate or to the property of another, conversion of personal property, taking or detaining the personal property of another, personal injury, forcible entry and detainer, and forcible detainer not later than two years after the day the cause of action accrues. (b) A person must bring suit not later than two years after the day the cause of action accrues in an action for injury resulting in death. The cause of action accrues on the death of the injured person. Acts 1985, 69th Leg., ch. 959, Sec. 1, eff. Sept. 1, 1985. Amended by Acts 1995, 74th Leg., ch. 739, Sec. 2, eff. June 15, 1995; Acts 1997, 75th Leg., ch. 26, Sec. 2, eff. May 1, 1997. Amended by: Acts 2005, 79th Leg., Ch. 97 (S.B. 15 ), Sec. 3, eff. September 1, 2005. Sec. 16.0031. ASBESTOS-RELATED OR SILICA-RELATED INJURIES. (a) In an action for personal injury or death resulting from an asbestos-related injury, as defined by Section 90.001 , the cause of action accrues for purposes of Section 16.003 on the earlier of the following dates: (1) the date of the exposed person's death; or (2) the date that the claimant serves on a defendant a report complying with Section 90.003 or 90.010 (f). (b) In an action for personal injury or death resulting from a silica-related injury, as defined by Section 90.001 , the cause of action accrues for purposes of Section 16.003 on the earlier of the following dates: (1) the date of the exposed person's death; or (2) the date that the claimant serves on a defendant a report complying with Section 90.004 or 90.010 (f). Added by Acts 2005, 79th Leg., Ch. 97 (S.B. 15 ), Sec. 4, eff. September 1, 2005. Sec. 16.004. FOUR-YEAR LIMITATIONS PERIOD. (a) A person must bring suit on the following actions not later than four years after the day the cause of action accrues: (1) specific performance of a contract for the conveyance of real property; (2) penalty or damages on the penal clause of a bond to convey real property; (3) debt; (4) fraud; or (5) breach of fiduciary duty. (b) A person must bring suit on the bond of an executor, administrator, or guardian not later than four years after the day of the death, resignation, removal, or discharge of the executor, administrator, or guardian. (c) A person must bring suit against his partner for a settlement of partnership accounts, and must bring an action on an open or stated account, or on a mutual and current account concerning the trade of merchandise between merchants or their agents or factors, not later than four years after the day that the cause of action accrues. For purposes of this subsection, the cause of action accrues on the day that the dealings in which the parties were interested together cease. Acts 1985, 69th Leg., ch. 959, Sec. 1, eff. Sept. 1, 1985. Amended by Acts 1999, 76th Leg., ch. 950, Sec. 1, eff. Aug. 30, 1999. Sec. 16.0045. LIMITATIONS PERIOD FOR CLAIMS ARISING FROM CERTAIN OFFENSES. (a) A person must bring suit for personal injury not later than 30 years after the day the cause of action accrues if the injury arises as a result of conduct that violates: (1) Section 22.011 (a)(2), Penal Code (sexual assault of a child); (2) Section 22.021 (a)(1)(B), Penal Code (aggravated sexual assault of a child); (3) Section 21.02 , Penal Code (continuous sexual abuse of young child or disabled individual); (4) Section 20A.02 (a)(7)(A), (B), (C), (D), or (H) or Section 20A.02 (a)(8), Penal Code, involving an activity described by Section 20A.02 (a)(7)(A), (B), (C), (D), or (H) or sexual conduct with a child or disabled individual trafficked in the manner described by Section 20A.02 (a)(7), Penal Code (certain sexual tr",
        "scraped_snippet_2": null,
        "scrape_success": 1
      }
    ]
  }
]