[
  {
    "file_name": "FTENETWORKS,INC_02_18_2016-EX-99.4-STRATEGICALLIANCEAGREEMENT.txt",
    "perturbation": [
      {
        "type": "Omissions - Omission Legal Contradiction",
        "original_text": "Subcontractor will pay for all services, equipment, material and labor used under this Agreement and will keep EDGE' and Customer's property and work sites free of all claims or liens.",
        "changed_text": "Subcontractor will endeavor to pay for all services, equipment, material and labor used under this Agreement.",
        "explanation": "This change removes the Subcontractor's guarantee to keep properties free of claims or liens. The phrase 'endeavor to' weakens the original obligation. It creates a legal risk by failing to ensure payment to lower-tier subcontractors and suppliers, potentially leading to liens against the property owner, EDGE, in Texas.",
        "contradicted_law": "Texas Property Code, Chapter 53",
        "law_citation": "Texas Property Code § 53.021",
        "law_url1": [
          "https://statutes.capitol.texas.gov/Docs/PR/htm/PR.53.htm"
        ],
        "law_url2": [
          "https://www.texasbar.com/AM/Template.cfm?Section=Construction_Law&Template=/ContentManagement/ContentDisplay.cfm&ContentID=32159"
        ],
        "law_explanation": "Texas Property Code Chapter 53 provides mechanics, contractors, and material providers lien rights on private construction projects. By removing the guarantee to keep properties free of liens, the revised text contradicts the intent of the statute which is to protect subcontractors and suppliers. The addition of the phrase 'endeavor to' weakens the obligation on the general contractor to ensure that these subcontractors and suppliers get paid, thereby increasing the risk of liens being filed.",
        "location": "4. COMPENSATION & PAYMENTS, D",
        "scraped_snippet_1": "ï»¿ PROPERTY CODE CHAPTER 53. MECHANIC'S, CONTRACTOR'S, OR MATERIALMAN'S LIEN PROPERTY CODE TITLE 5. EXEMPT PROPERTY AND LIENS SUBTITLE B. LIENS CHAPTER 53. MECHANIC'S, CONTRACTOR'S, OR MATERIALMAN'S LIEN SUBCHAPTER A. GENERAL PROVISIONS Sec. 53.001. DEFINITIONS. In this chapter: (1) \"Contract price\" means the cost to the owner for any part of construction or repair performed under an original contract. (2) \"Improvement\" includes: (A) a house, building, structure, parking structure, physical appurtenance, pool, utility, railroad, well, storage facility, abutting sidewalks and streets, utilities in or on those sidewalks and streets, land reclaimed from overflow, and other fixtures or modifications to real property; (B) clearing, grubbing, draining, or fencing of land; (C) machinery or apparatuses used for raising water or for supplying or storing water for stock, domestic use, or irrigation; (D) work described by Section 53.021 (4); and (E) a design, drawing, plan, plat, survey, or specification provided by a licensed architect, engineer, or surveyor. (3) \"Labor\" means: (A) labor used in the direct performance of the work; or (B) a professional service used in the direct preparation for the work of a design, drawing, plan, plat, survey, or specification. (4) \"Material\" means all or part of: (A) the material, machinery, fixtures, or tools: (i) incorporated into the work; (ii) used in the direct performance of the work; (iii) specially fabricated for an improvement; or (iv) ordered and delivered for incorporation or use; (B) rent at a reasonable rate and actual running repairs at a reasonable cost for construction equipment used or reasonably required and delivered for use in the direct performance of the work at the site of the construction or repair; or (C) power, water, fuel, and lubricants consumed or ordered and delivered for consumption in the direct performance of the work. (5) \"Mechanic's lien\" means the lien provided by this chapter. (6) \"Original contract\" means an agreement to which an owner is a party either directly or by implication of law. (7) \"Original contractor\" means a person contracting with an owner either directly or through the owner's agent. (7-a) \"Purported original contractor\" means an original contractor who can effectively control the owner or is effectively controlled by the owner through common ownership of voting stock or ownership interests, interlocking directorships, common management, or otherwise, or who was engaged by the owner for the construction or repair of improvements without a good faith intention of the parties that the purported original contractor was to perform under the contract. For purposes of this subdivision, the term \"owner\" does not include a person who has or claims a security interest only. (8) \"Residence\" means the real property and improvements for a single-family house, duplex, triplex, or quadruplex or a unit in a multiunit struct",
        "scraped_snippet_2": "State Bar of Texas | Home TexasBar.com | Home I'm sorry but this page no longer exists. We use cookies to analyze our traffic and enhance functionality. More Information agree",
        "scrape_success": 2
      },
      {
        "type": "Omissions - Omission Legal Contradiction",
        "original_text": "Workers' Compensation Insurance as required by state law where the Work is performed. Employer Liability insurance with limits of at least $1,000,000 for each occurrence.",
        "changed_text": "Subcontractor should consider obtaining Worker's Compensation Insurance. Employer Liability insurance may be required.",
        "explanation": "This modification weakens the requirement for worker's compensation insurance and employer's liability insurance, potentially violating Texas labor laws. Texas law mandates worker's compensation coverage for most employers; this change makes it optional and ambiguous.",
        "contradicted_law": "Texas Labor Code § 406.002",
        "law_citation": "Texas Labor Code § 406.002",
        "law_url1": [
          "https://statutes.capitol.texas.gov/Docs/LA/htm/LA.406.htm"
        ],
        "law_url2": [
          "https://www.tdi.texas.gov/wc/employer/index.html"
        ],
        "law_explanation": "Texas Labor Code Section 406.002 requires employers to provide worker's compensation insurance or opt out by filing a notice with the state. This modified text contradicts the law by implying worker's compensation is optional and creates ambiguity regarding the employer's responsibilities, potentially exposing EDGE to liability if the Subcontractor does not have proper coverage.",
        "location": "9. INSURANCE, A(3)",
        "scraped_snippet_1": "ï»¿ LABOR CODE CHAPTER 406. WORKERS' COMPENSATION INSURANCE COVERAGE LABOR CODE TITLE 5. WORKERS' COMPENSATION SUBTITLE A. TEXAS WORKERS' COMPENSATION ACT CHAPTER 406. WORKERS' COMPENSATION INSURANCE COVERAGE SUBCHAPTER A. COVERAGE ELECTION; SECURITY PROCEDURES Sec. 406.001. DEFINITION. In this subchapter, \"employer\" means a person who employs one or more employees. Acts 1993, 73rd Leg., ch. 269, Sec. 1, eff. Sept. 1, 1993. Sec. 406.002. COVERAGE GENERALLY ELECTIVE. (a) Except for public employers and as otherwise provided by law, an employer may elect to obtain workers' compensation insurance coverage. (b) An employer who elects to obtain coverage is subject to this subtitle. Acts 1993, 73rd Leg., ch. 269, Sec. 1, eff. Sept. 1, 1993. Sec. 406.003. METHODS OF OBTAINING COVERAGE. An employer may obtain workers' compensation insurance coverage through a licensed insurance company or through self-insurance as provided by this subtitle. Acts 1993, 73rd Leg., ch. 269, Sec. 1, eff. Sept. 1, 1993. Sec. 406.004. EMPLOYER NOTICE TO DIVISION. (a) An employer who does not obtain workers' compensation insurance coverage shall notify the division in writing, in the time and as prescribed by commissioner rule, that the employer elects not to obtain coverage. (b) The commissioner shall prescribe forms to be used for the employer notification and shall require the employer to provide reasonable information to the division about the employer's business. (c) The division may contract with the Texas Workforce Commission or the comptroller for assistance in collecting the notification required under this section. Those agencies shall cooperate with the division in enforcing this section. (d) The employer notification filing required under this section shall be filed with the division in accordance with Section 406.009 . (e) An employer commits an administrative violation if the employer fails to comply with this section. Acts 1993, 73rd Leg., ch. 269, Sec. 1, eff. Sept. 1, 1993. Amended by Acts 1995, 74th Leg., ch. 76, Sec. 9.47(a), eff. Sept. 1, 1995. Amended by: Acts 2005, 79th Leg., Ch. 265 (H.B. 7 ), Sec. 3.023, eff. September 1, 2005. Sec. 406.005. EMPLOYER NOTICE TO EMPLOYEES; ADMINISTRATIVE VIOLATION. (a) An employer shall notify each employee as provided by this section whether or not the employer has workers' compensation insurance coverage. (b) The employer shall notify a new employee of the existence or ab",
        "scraped_snippet_2": "Employer resources Skip to Top Main Navigation Skip to Content Area Skip to Footer Free safety consultations We can help you identify and eliminate safety hazards in your workplace. Learn how thousands of employers have reduced injuries and illnesses with this free resource . Employer resources In Texas, private employers can choose to carry workers' compensation insurance coverage, but it is not required in most cases. A workers' compensation insurance policy provides lost wages and medical benefits to employees injured on the job. Except when gross negligence results in a fatality, coverage limits liability if an employee sues your business for damages. Sign up to get employer and safety news by email . Employers without workers' compensation insurance coverage (also called non-subscribers ) Must report to the state that they do not have coverage. Must also report to DWC any work-related injuries resulting in more than one day of lost time, as well as all work-related illnesses, and deaths. Non-covered employers Employers with workers' compensation insurance coverage Must report to their insurance carrier any work-related injuries resulting in more than one day of lost time, and all work-related illnesses and deaths. Certified self insurance Employer coverage forms and notices Adjusted gross annual payroll requirements determined for coverage of seasonal worker Safer workplaces Workplace safety Free workplace safety consultations (OSHCON) OSHA training calendar Workplace safety videos and publications Resources Employer FAQ Getting your employee back to work safely - Return to Work Workers' compensation health care networks Workers' compensation insurance and coverage data Employer rights and responsibilities | Derechos y responsabilidades del empleador Injured employee rights and responsibilities How a claim works Report an injury What to do Employee benefits Benefit review conferences Indemnity dispute settlements Dispute resolution Questions? Call 800-252-7031, option 1 News Annual workers' compensation non-subscriber reporting starts Feb. 1 2023 Texas Census of Fatal Occupational Injuries 2023 Rates of Texas Work-Related Injuries and Illnesses Last updated: 2/6/2025 Back to Top",
        "scrape_success": 2
      },
      {
        "type": "Omissions - Omission Legal Contradiction",
        "original_text": "The construction, interpretation, and performance of this Agreement and all transactions under it shall be governed by the laws of the State of Texas, irrespective of its conflict of law principles. Subcontractor and EDGE shall not be obligated to resolve by arbitration any claim or dispute related to the Agreement. It is mandatory that any controversy or claim arising out of or relating to the Agreement or the breach thereof shall be subject to the jurisdiction of the State of Texas and the venue shall be exclusively in Collin County, Texas for resolution.",
        "changed_text": "The construction, interpretation, and performance of this Agreement and all transactions under it shall be governed by the laws of the State of Texas, irrespective of its conflict of law principles. Subcontractor and EDGE may resolve by arbitration any claim or dispute related to the Agreement. Any controversy or claim arising out of or relating to the Agreement or the breach thereof shall be subject to the jurisdiction of the State of Texas and the venue shall be in Collin County, Texas for resolution.",
        "explanation": "This change removes the explicit prohibition of arbitration, changing 'shall not be obligated' to 'may resolve', which implies arbitration is a potential option, and the mandatory clause 'It is mandatory' is replaced with 'shall be'. This may violate the Texas Arbitration Act if it forces a consumer into arbitration without clear, conspicuous consent, as the original text makes it clear that mandatory arbitration is not the chosen method of resolution.",
        "contradicted_law": "Texas Arbitration Act, Texas Civil Practice & Remedies Code, Chapter 171",
        "law_citation": "Texas Civil Practice & Remedies Code § 171.001",
        "law_url1": [
          "https://statutes.capitol.texas.gov/Docs/CP/htm/CP.171.htm"
        ],
        "law_url2": [
          "https://www.jamsadr.com/arbitration-texas-law"
        ],
        "law_explanation": "The revised clause contradicts the original intention of explicitly avoiding mandatory arbitration. Under the Texas Arbitration Act, particularly in consumer contracts, there are specific requirements for arbitration clauses to be enforceable. Making arbitration a possibility, even without clear consumer consent, could render the agreement unenforceable and subject to legal challenges.",
        "location": "25. CHOICE OF LAW/FORUM",
        "scraped_snippet_1": "ï»¿ CIVIL PRACTICE AND REMEDIES CODE CHAPTER 171. GENERAL ARBITRATION CIVIL PRACTICE AND REMEDIES CODE TITLE 7. ALTERNATE METHODS OF DISPUTE RESOLUTION CHAPTER 171. GENERAL ARBITRATION SUBCHAPTER A. GENERAL PROVISIONS Sec. 171.001. ARBITRATION AGREEMENTS VALID. (a) A written agreement to arbitrate is valid and enforceable if the agreement is to arbitrate a controversy that: (1) exists at the time of the agreement; or (2) arises between the parties after the date of the agreement. (b) A party may revoke the agreement only on a ground that exists at law or in equity for the revocation of a contract. Acts 1965, 59th Leg., p. 1593, ch. 689, Sec. 1, eff. Jan. 1, 1966. Amended by Acts 1979, 66th Leg., p. 1708, ch. 704, Sec. 1, eff. Aug. 27, 1979. Redesignated from Vernon's Ann.Civ.Stat. art. 224 and amended by Acts 1995, 74th Leg., ch. 588, Sec. 1, eff. Sept. 1, 1995. Amended by Acts 1997, 75th Leg., ch. 165, Sec. 5.01, eff. Sept. 1, 1997. Sec. 171.002. SCOPE OF CHAPTER. (a) This chapter does not apply to: (1) a collective bargaining agreement between an employer and a labor union; (2) an agreement for the acquisition by one or more individuals of property, services, money, or credit in which the total consideration to be furnished by the individual is not more than $50,000, except as provided by Subsection (b); (3) a claim for personal injury, except as provided by Subsection (c); (4) a claim for workers' compensation benefits; or (5) an agreement made before January 1, 1966. (b) An agreement described by Subsection (a)(2) is subject to this chapter if: (1) the parties to the agreement agree in writing to arbitrate; and (2) the agreement is signed by each party and each party's attorney. (c) A claim described by Subsection (a)(3) is subject to this chapter if: (1) each party to the claim, on the advice of counsel, agrees in writing to arbitrate; and (2) the agreement is signed by each party and each party's attorney. Acts 1965, 59th Leg., p. 1593, ch. 689, Sec. 1, eff. Jan. 1, 1966. Redesignated from Vernon's Ann.Civ.Stat. art. 225 and amended by Acts 1995, 74th Leg., ch. 588, Sec. 1, eff. Sept. 1, 1995. Amended by Acts 1997, 75th Leg., ch. 165, Sec. 5.01, eff. Sept. 1, 1997. Sec. 171.003. UNIFOR",
        "scraped_snippet_2": null,
        "scrape_success": 1
      }
    ]
  }
]