[
  {
    "file_name": "KIROMICBIOPHARMA,INC_05_11_2020-EX-10.23-CONSULTINGAGREEMENT.txt",
    "perturbation": [
      {
        "type": "Omissions - Omission Legal Contradiction",
        "original_text": "Consultant shall not subcontract any portion of Consultant's duties under this Agreement without the prior written consent of Company.",
        "changed_text": "Consultant may subcontract any portion of Consultant's duties under this Agreement without any consent required.",
        "explanation": "This change removes the requirement for prior written consent from the Company before the Consultant subcontracts their duties. In Texas, some regulations require companies to retain control over who performs work under certain agreements, particularly in sensitive industries. Eliminating the consent requirement introduces legal risk if the subcontractor performs inadequately or unlawfully, potentially exposing the company to liability.",
        "contradicted_law": "Texas Business & Commerce Code § 2.210",
        "law_citation": "Texas Business & Commerce Code § 2.210",
        "law_url1": [
          "https://statutes.capitol.texas.gov/Docs/BC/htm/BC.2.htm"
        ],
        "law_url2": [
          "https://law.justia.com/codes/texas/business-and-commerce-code/title-1/chapter-2/sec-2.210/"
        ],
        "law_explanation": "Texas Business & Commerce Code § 2.210 addresses delegation of performance and assignment of rights in contracts. While not directly prohibiting subcontracting, it implies a standard of reasonable delegation with consideration for the other party's interest in having the original promisor perform. Removing the consent requirement weakens the company's control over performance, potentially conflicting with the implied duty of good faith and fair dealing under Texas contract law, especially if the subcontracting leads to deficient performance or exposes the company to unforeseen liabilities. By removing the clause requiring consent, the consultant can bring anyone and assign work. This could result in the company being responsible for third parties that are unvetted.",
        "location": "Section 9",
        "scraped_snippet_1": "itional or different terms. (b) The additional terms are to be construed as proposals for addition to the contract. Between merchants such terms become part of the contract unless: (1) the offer expressly limits acceptance to the terms of the offer; (2) they materially alter it; or (3) notification of objection to them has already been given or is given within a reasonable time after notice of them is received. (c) Conduct by both parties which recognizes the existence of a contract is sufficient to establish a contract for sale although the writings of the parties do not otherwise establish a contract. In such case the terms of the particular contract consist of those terms on which the writings of the parties agree, together with any supplementary terms incorporated under any other provisions of this title. Acts 1967, 60th Leg., p. 2343, ch. 785, Sec. 1, eff. Sept. 1, 1967. Sec. 2.209. MODIFICATION, RESCISSION AND WAIVER. (a) An agreement modifying a contract within this chapter needs no consideration to be binding. (b) A signed agreement which excludes modification or rescission except by a signed writing cannot be otherwise modified or rescinded, but except as between merchants such a requirement on a form supplied by the merchant must be separately signed by the other party. (c) The requirements of the statute of frauds section of this chapter (Section 2.201 ) must be satisfied if the contract as modified is within its provisions. (d) Although an attempt at modification or rescission does not satisfy the requirements of Subsection (b) or (c) it can operate as a waiver. (e) A party who has made a waiver affecting an executory portion of the contract may retract the waiver by reasonable notification received by the other party that strict performance will be required of any term waived, unless the retraction would be unjust in view of a material change of position in reliance on the waiver. Acts 1967, 60th Leg., p. 2343, ch. 785, Sec. 1, eff. Sept. 1, 1967. Sec. 2.210. DELEGATION OF PERFORMANCE; ASSIGNMENT OF RIGHTS. (a) A party may perform his duty through a delegate unless otherwise agreed or unless the other party has a substantial interest in having his original promisor perform or control the acts required by the contract. No delegation of performance relieves the party delegating of any duty to perform or any liability for breach. (b) Unless otherwise agreed all rights of either seller or buyer can be assigned except where the assignment would materially change the duty of the other party, or increase materially the burden or risk imposed on him by his contract, or impair materially his chance of obtaining return performance. A right to damages for breach of the whole contract or a right arising out of the assignor's due performance of his entire obligation can be assigned despite agreement otherwise. (c) The creation, attachment, perfection, or enforcement of a security interest in the seller's interest under a contract is not a transfer that materially changes the duty of or increases materially the burden or risk imposed on the buyer or impairs materially the buyer's chance of obtaining return performance within the purview of Subsection (b) unless, and then only to the extent that, enforcement actually results in a delegation of material performance of the seller. Even in that event, the creation, attachment, perfection, and enforcement of the security interest remain effective, but (i) the seller is liable to the buyer for damages caused by the delegation to the extent that the damages could not reasonably be prevented by the buyer, and (ii) a court having jurisdiction may grant other appropriate relief, including cancellation of the contract for sale or an injunction against enforcement of the security interest or consummation of the enforcement. (d) Unless the circumstances indicate the contrary a prohibition of assignment of \"the contract\" is to be construed as barring only the delegation to the assignee of the ass",
        "scraped_snippet_2": null,
        "scrape_success": 1
      },
      {
        "type": "Omissions - Omission Legal Contradiction",
        "original_text": "This Agreement shall be governed by the laws of the State of Texas, without reference to its conflicts of law principles.",
        "changed_text": "This Agreement shall be governed by the laws of the country of Switzerland.",
        "explanation": "The original clause specifies Texas law. By changing the governing law to the country of Switzerland, the contract could be rendered non-compliant with various Texas-specific labor and contract regulations. This is especially problematic given the agreement involves services being performed within Texas. The changed text will cause issues if the agreement is adjudicated in Texas.",
        "contradicted_law": "Texas Labor Code - TITLE 2. PROTECTION OF LABORERS; LIENS",
        "law_citation": "Texas Labor Code, Title 2",
        "law_url1": [
          "https://statutes.capitol.texas.gov/Docs/LA/htm/LA.21.htm"
        ],
        "law_url2": [
          "https://www.twc.texas.gov/news/efte/laws_and_rules.html"
        ],
        "law_explanation": "Texas Labor Code provides specific protections for laborers performing work within the state, including wage payment regulations, workplace safety standards, and anti-discrimination provisions. By selecting Swiss law, the contract attempts to circumvent these mandatory protections for work performed in Texas. This choice-of-law provision could be challenged as unenforceable to the extent it deprives the consultant of rights and protections mandated by Texas law.",
        "location": "Section 9",
        "scraped_snippet_1": "ï»¿ LABOR CODE CHAPTER 21. EMPLOYMENT DISCRIMINATION LABOR CODE TITLE 2. PROTECTION OF LABORERS SUBTITLE A. EMPLOYMENT DISCRIMINATION CHAPTER 21. EMPLOYMENT DISCRIMINATION SUBCHAPTER A. GENERAL PROVISIONS Sec. 21.001. PURPOSES. The general purposes of this chapter are to: (1) provide for the execution of the policies of Title VII of the Civil Rights Act of 1964 and its subsequent amendments (42 U.S.C. Section 2000e et seq.); (2) identify and create an authority that meets the criteria under 42 U.S.C. Section 2000e-5(c) and 29 U.S.C. Section 633; (3) provide for the execution of the policies embodied in Title I of the Americans with Disabilities Act of 1990 and its subsequent amendments (42 U.S.C. Section 12101 et seq.); (4) secure for persons in this state, including persons with disabilities, freedom from discrimination in certain employment transactions, in order to protect their personal dignity; (5) make available to the state the full productive capacities of persons in this state; (6) avoid domestic strife and unrest in this state; (7) preserve the public safety, health, and general welfare; and (8) promote the interests, rights, and privileges of persons in this state. Acts 1993, 73rd Leg., ch. 269, Sec. 1, eff. Sept. 1, 1993. Amended by Acts 1995, 74th Leg., ch. 76, Sec. 9.01(a), eff. Sept. 1, 1995. Sec. 21.0015. TEXAS WORKFORCE COMMISSION. The powers and duties exercised by the Commission on Human Rights under this chapter are transferred to the Texas Workforce Commission. A reference in this chapter to the \"commission\" means the Texas Workforce Commission. Added by Acts 2003, 78th Leg., ch. 302, Sec. 1. Amended by: Acts 2015, 84th Leg., R.S., Ch. 1138 (S.B. 208 ), Sec. 9, eff. September 1, 2015. Sec. 21.002. DEFINITIONS. In this chapter: (1) \"Auxiliary aids and services\" includes: (A) qualified interpreters or other effective methods of making aurally delivered materials available to individuals with hearing impairments; (B) qualified readers, taped texts, or other effective methods of making visually delivered materials avai",
        "scraped_snippet_2": null,
        "scrape_success": 1
      },
      {
        "type": "Omissions - Omission Legal Contradiction",
        "original_text": "Any controversy or claim arising out of or relating to this agreement or breach thereof, shall be settled by binding arbitration controlled by the rules of the American Arbitration Association. The number of arbitrator(s) shall be one. The seat of arbitration shall be Houston, Texas. Texas law shall also apply to the extent necessary to fill any gaps created by the rules of the American Arbitration Association. The arbitration award shall be final and binding on the parties. Judgement of the award rendered by the arbitrator(s) may be entered into any court of competent jurisdiction.",
        "changed_text": "Any controversy or claim arising out of or relating to this agreement or breach thereof, shall be settled by non-binding mediation.",
        "explanation": "This modification replaces binding arbitration with non-binding mediation. In Texas, certain claims cannot be forced into arbitration, particularly those involving significant public policy concerns or statutory rights. While mediation is a valid dispute resolution method, removing the binding arbitration clause altogether could contradict state laws that favor arbitration as a means of resolving disputes efficiently, particularly in commercial contexts.",
        "contradicted_law": "Texas Arbitration Act, Tex. Civ. Prac. & Rem. Code §§ 171.001-171.098",
        "law_citation": "Tex. Civ. Prac. & Rem. Code §§ 171.001-171.098",
        "law_url1": [
          "https://statutes.capitol.texas.gov/Docs/CP/htm/CP.171.htm"
        ],
        "law_url2": [
          "https://www.jdsupra.com/legalnews/texas-supreme-court-clarifies-standard-85258/"
        ],
        "law_explanation": "The Texas Arbitration Act establishes a framework for enforcing arbitration agreements. By replacing binding arbitration with non-binding mediation, the modified text potentially frustrates the state's policy favoring arbitration and may subject disputes to lengthier and more costly litigation, which arbitration seeks to avoid. Especially if the contract dispute falls squarely under what the TAA intends to be handled by arbitration.",
        "location": "Section 13",
        "scraped_snippet_1": "ï»¿ CIVIL PRACTICE AND REMEDIES CODE CHAPTER 171. GENERAL ARBITRATION CIVIL PRACTICE AND REMEDIES CODE TITLE 7. ALTERNATE METHODS OF DISPUTE RESOLUTION CHAPTER 171. GENERAL ARBITRATION SUBCHAPTER A. GENERAL PROVISIONS Sec. 171.001. ARBITRATION AGREEMENTS VALID. (a) A written agreement to arbitrate is valid and enforceable if the agreement is to arbitrate a controversy that: (1) exists at the time of the agreement; or (2) arises between the parties after the date of the agreement. (b) A party may revoke the agreement only on a ground that exists at law or in equity for the revocation of a contract. Acts 1965, 59th Leg., p. 1593, ch. 689, Sec. 1, eff. Jan. 1, 1966. Amended by Acts 1979, 66th Leg., p. 1708, ch. 704, Sec. 1, eff. Aug. 27, 1979. Redesignated from Vernon's Ann.Civ.Stat. art. 224 and amended by Acts 1995, 74th Leg., ch. 588, Sec. 1, eff. Sept. 1, 1995. Amended by Acts 1997, 75th Leg., ch. 165, Sec. 5.01, eff. Sept. 1, 1997. Sec. 171.002. SCOPE OF CHAPTER. (a) This chapter does not apply to: (1) a collective bargaining agreement between an employer and a labor union; (2) an agreement for the acquisition by one or more individuals of property, services, money, or credit in which the total consideration to be furnished by the individual is not more than $50,000, except as provided by Subsection (b); (3) a claim for personal injury, except as provided by Subsection (c); (4) a claim for workers' compensation benefits; or (5) an agreement made before January 1, 1966. (b) An agreement described by Subsection (a)(2) is subject to this chapter if: (1) the parties to the agreement agree in writing to arbitrate; and (2) the agreement is signed by each party and each party's attorney. (c) A claim described by Subsection (a)(3) is subject to this chapter if: (1) each party to the claim, on the advice of counsel, agrees in writing to arbitrate; and (2) the agreement is signed by each party and each party's attorney. Acts 1965, 59th Leg., p. 1593, ch. 689, Sec. 1, eff. Jan. 1, 1966. Redesignated from Vernon's Ann.Civ.Stat. art. 225 and amended by Acts 1995, 74th Leg., ch. 588, Sec. 1, eff. Sept. 1, 1995. Amended by Acts 1997, 75th Leg., ch. 165, Sec. 5.01, eff. Sept. 1, 1997. Sec. 171.003. UNIFOR",
        "scraped_snippet_2": null,
        "scrape_success": 1
      }
    ]
  }
]