[
  {
    "file_name": "NELNETINC_04_08_2020-EX-1-JOINTFILINGAGREEMENT.txt",
    "perturbation": [
      {
        "type": "Omissions - Omission Legal Contradiction",
        "original_text": "The undersigned acknowledge that each shall be responsible for the timely filing of such amendments, and for the completeness and accuracy of the information concerning her or it contained therein, but shall not be responsible for the completeness and accuracy of the information concerning the other, except to the extent that she or it knows or has reason to believe that such information is inaccurate.",
        "changed_text": "The undersigned acknowledge that each shall be responsible for the completeness and accuracy of the information concerning her or it contained therein.",
        "explanation": "Removing the clause that holds each party responsible if they know or have reason to believe that the other party's information is inaccurate weakens the due diligence requirement of SEC regulations.",
        "contradicted_law": "Securities Exchange Act of 1934, Rule 13d-1",
        "law_citation": "17 CFR § 240.13d-1",
        "law_url1": [
          "https://www.law.cornell.edu/cfr/text/17/240.13d-1"
        ],
        "law_url2": [
          "https://uscode.house.gov/view.xhtml?req=granuleid%3ACFR-2012-title17-vol3-sec240-13d-1"
        ],
        "law_explanation": "While the agreement references Rule 13d-1(k), omitting the responsibility for accuracy when knowledge of inaccuracy exists contradicts the overall intent of the Securities Exchange Act to ensure truthful and complete disclosures. Rule 13d-1 requires beneficial owners of more than 5% of a class of certain registered equity securities to file a Schedule 13D or 13G, and the removal of the clause reduces accountability for potentially misleading information.",
        "location": "Paragraph 1",
        "scraped_snippet_1": "17 CFR § 240.13d-1 - Filing of Schedules 13D and 13G. | Electronic Code of Federal Regulations (e-CFR) | US Law | LII / Legal Information Institute Please help us improve our site! × No thank you 17 CFR § 240.13d-1 - Filing of Schedules 13D and 13G. CFR Table of Popular Names prev | next § 240.13d-1 Filing of Schedules 13D and 13G. (a) Any person who, after acquiring directly or indirectly the beneficial ownership of any equity security of a class which is specified in paragraph (i)(1) of this section , is directly or indirectly the beneficial owner of more than five percent of the class shall, within five business days after the date of the acquisition, file with the Commission, a statement containing the information required by Schedule 13D (§ 240.13d-101) . (b) (1) A person who would otherwise be obligated under paragraph (a) of this section to file a statement on Schedule 13D (§ 240.13d-101) may, in lieu thereof, file with the Commission, a short-form statement on Schedule 13G (§ 240.13d-102), Provided, That: (i) Such person has acquired such securities in the ordinary course of the person's business and not with the purpose nor with the effect of changing or influencing the control of the issuer , nor in connection with or as a participant in any transaction having such purpose or effect, including any transaction subject to § 240.13d-3(b) and (ii) Such person is: (A) A broker or dealer registered under section 15 of the Act ( 15 U.S.C. 78o ); (B) A bank as defined in section 3(a)(6) of the Act ( 15 U.S.C. 78c ); (C) An insurance company as defined in section 3(a)(19) of the Act ( 15 U.S.C. 78c ); (D) An investment company registered under section 8 of the Investment Company Act of 1940 ( 15 U.S.C. 80a-8 ); (E) Any person registered as an investment adviser under Section 203 of the Investment Advisers Act of 1940 ( 15 U.S.C. 80b-3 ) or under the laws of any state; (F) An employee benefit plan as defined in Section 3(3) of the Employee Retirement Income Security A",
        "scraped_snippet_2": "This page is better viewed with a JavaScript enabled browser. Document not Found Document not found The document you were looking for does not exist. Click here to close this window, or click here to go back.",
        "scrape_success": 2
      },
      {
        "type": "Omissions - Omission Legal Contradiction",
        "original_text": "The undersigned hereby agree to jointly prepare and file with the applicable regulatory authorities this Schedule 13G or Schedule 13D and any future amendments thereto reporting each of the undersigned's ownership of securities of the issuer named herein, and hereby affirm that such Schedule 13G or Schedule 13D is being filed on behalf of each of the undersigned pursuant to and in accordance with the provisions of Rule 13d-1(k) under the Securities Exchange Act of 1934.",
        "changed_text": "The undersigned hereby agree to jointly prepare and file this Schedule 13G or Schedule 13D reporting each of the undersigned's ownership of securities of the issuer named herein.",
        "explanation": "By removing \"with the applicable regulatory authorities\" and \"and any future amendments thereto\" and \"and hereby affirm that such Schedule 13G or Schedule 13D is being filed on behalf of each of the undersigned pursuant to and in accordance with the provisions of Rule 13d-1(k) under the Securities Exchange Act of 1934,\" the agreement now fails to explicitly acknowledge the legal obligation to file with the correct regulatory bodies (like the SEC) and to file amendments, thus potentially contradicting securities laws.",
        "contradicted_law": "Securities Exchange Act of 1934, Rule 13d-1",
        "law_citation": "17 CFR § 240.13d-1",
        "law_url1": [
          "https://www.law.cornell.edu/cfr/text/17/240.13d-1"
        ],
        "law_url2": [
          "https://uscode.house.gov/view.xhtml?req=granuleid%3ACFR-2012-title17-vol3-sec240-13d-1"
        ],
        "law_explanation": "Rule 13d-1 requires timely filing of initial statements and amendments with the SEC. By omitting the reference to 'applicable regulatory authorities' and 'future amendments,' the agreement suggests a potentially incomplete understanding or intention to comply fully with the regulations. This is a contradiction because the law mandates filing with the SEC and keeping the information current through amendments.",
        "location": "Paragraph 1",
        "scraped_snippet_1": "17 CFR § 240.13d-1 - Filing of Schedules 13D and 13G. | Electronic Code of Federal Regulations (e-CFR) | US Law | LII / Legal Information Institute Please help us improve our site! × No thank you 17 CFR § 240.13d-1 - Filing of Schedules 13D and 13G. CFR Table of Popular Names prev | next § 240.13d-1 Filing of Schedules 13D and 13G. (a) Any person who, after acquiring directly or indirectly the beneficial ownership of any equity security of a class which is specified in paragraph (i)(1) of this section , is directly or indirectly the beneficial owner of more than five percent of the class shall, within five business days after the date of the acquisition, file with the Commission, a statement containing the information required by Schedule 13D (§ 240.13d-101) . (b) (1) A person who would otherwise be obligated under paragraph (a) of this section to file a statement on Schedule 13D (§ 240.13d-101) may, in lieu thereof, file with the Commission, a short-form statement on Schedule 13G (§ 240.13d-102), Provided, That: (i) Such person has acquired such securities in the ordinary course of the person's business and not with the purpose nor with the effect of changing or influencing the control of the issuer , nor in connection with or as a participant in any transaction having such purpose or effect, including any transaction subject to § 240.13d-3(b) and (ii) Such person is: (A) A broker or dealer registered under section 15 of the Act ( 15 U.S.C. 78o ); (B) A bank as defined in section 3(a)(6) of the Act ( 15 U.S.C. 78c ); (C) An insurance company as defined in section 3(a)(19) of the Act ( 15 U.S.C. 78c ); (D) An investment company registered under section 8 of the Investment Company Act of 1940 ( 15 U.S.C. 80a-8 ); (E) Any person registered as an investment adviser under Section 203 of the Investment Advisers Act of 1940 ( 15 U.S.C. 80b-3 ) or under the laws of any state; (F) An employee benefit plan as defined in Section 3(3) of the Employee Retirement Income Security A",
        "scraped_snippet_2": "This page is better viewed with a JavaScript enabled browser. Document not Found Document not found The document you were looking for does not exist. Click here to close this window, or click here to go back.",
        "scrape_success": 2
      },
      {
        "type": "Omissions - Omission Legal Contradiction",
        "original_text": "Dated: March 27, 2020.",
        "changed_text": "Dated:",
        "explanation": "Removing the date makes it difficult to determine the agreement's enforceability and compliance with deadlines under the Securities Exchange Act.",
        "contradicted_law": "Securities Exchange Act of 1934, Rule 13d-1",
        "law_citation": "17 CFR § 240.13d-1",
        "law_url1": [
          "https://www.law.cornell.edu/cfr/text/17/240.13d-1"
        ],
        "law_url2": [
          "https://uscode.house.gov/view.xhtml?req=granuleid%3ACFR-2012-title17-vol3-sec240-13d-1"
        ],
        "law_explanation": "Rule 13d-1(a) establishes specific deadlines for filing Schedule 13D and 13G reports. The absence of a date makes it impossible to verify whether the agreement was executed in time to meet these filing deadlines. While not explicitly stated in the rule, the practical application of ensuring timely filing demands a valid date on the agreement. Removing the date introduces ambiguity and potential non-compliance with the law's time-sensitive requirements.",
        "location": "Final line",
        "scraped_snippet_1": "17 CFR § 240.13d-1 - Filing of Schedules 13D and 13G. | Electronic Code of Federal Regulations (e-CFR) | US Law | LII / Legal Information Institute Please help us improve our site! × No thank you 17 CFR § 240.13d-1 - Filing of Schedules 13D and 13G. CFR Table of Popular Names prev | next § 240.13d-1 Filing of Schedules 13D and 13G. (a) Any person who, after acquiring directly or indirectly the beneficial ownership of any equity security of a class which is specified in paragraph (i)(1) of this section , is directly or indirectly the beneficial owner of more than five percent of the class shall, within five business days after the date of the acquisition, file with the Commission, a statement containing the information required by Schedule 13D (§ 240.13d-101) . (b) (1) A person who would otherwise be obligated under paragraph (a) of this section to file a statement on Schedule 13D (§ 240.13d-101) may, in lieu thereof, file with the Commission, a short-form statement on Schedule 13G (§ 240.13d-102), Provided, That: (i) Such person has acquired such securities in the ordinary course of the person's business and not with the purpose nor with the effect of changing or influencing the control of the issuer , nor in connection with or as a participant in any transaction having such purpose or effect, including any transaction subject to § 240.13d-3(b) and (ii) Such person is: (A) A broker or dealer registered under section 15 of the Act ( 15 U.S.C. 78o ); (B) A bank as defined in section 3(a)(6) of the Act ( 15 U.S.C. 78c ); (C) An insurance company as defined in section 3(a)(19) of the Act ( 15 U.S.C. 78c ); (D) An investment company registered under section 8 of the Investment Company Act of 1940 ( 15 U.S.C. 80a-8 ); (E) Any person registered as an investment adviser under Section 203 of the Investment Advisers Act of 1940 ( 15 U.S.C. 80b-3 ) or under the laws of any state; (F) An employee benefit plan as defined in Section 3(3) of the Employee Retirement Income Security A",
        "scraped_snippet_2": "This page is better viewed with a JavaScript enabled browser. Document not Found Document not found The document you were looking for does not exist. Click here to close this window, or click here to go back.",
        "scrape_success": 2
      }
    ]
  }
]