[
  {
    "file_name": "LohaCompanyltd_20191209_F-1_EX-10.16_11917878_EX-10.16_SupplyAgreement.txt",
    "perturbation": [
      {
        "type": "Omissions - Omission Legal Contradiction",
        "original_text": "16. CLAIMS: Within 7 days after the arrival of the goods at destination, should the quality, specification, or quantity be found not in conformity with the stipulations of the Contract except those claims for which the insurance company or the owners of the vessel are liable, the Buyers, on the strength of the Inspection Certificate issued by the China Commodity Inspection Bureau, have the right to claim for replacement with new goods, or for compensation, and all the expenses (such as inspection charges, freight for returning the goods and for sending the replacement, insurance premium, storage and loading and unloading charges etc.) shall be borne by the Sellers. The Certificate so issued shall be accepted as the base of a claim. The Sellers, in accordance with the Buyers' claim, shall be responsible for the immediate elimination of the defect(s), complete or partial replacement of the commodity or shall devaluate the commodity according to the state of defect(s). Where necessary, the Buyers shall be at liberty to eliminate the defect(s) themselves at the Sellers' expenses. If the Sellers fail to answer the Buyers within one weeks after receipt of the aforesaid claim, the claim shall be reckoned as having been accepted by the Sellers.",
        "changed_text": "16. CLAIMS: Should the quality, specification, or quantity be found not in conformity with the stipulations of the Contract, the Buyers may, at the Seller's discretion, be eligible for consideration. The Sellers will consider the Buyer's claim, and may consider elimination of the defect(s), complete or partial replacement of the commodity or devaluation of the commodity. If the Sellers fail to answer the Buyers, no assumption of acceptance shall be made.",
        "explanation": "By removing the 7-day claim window, the requirement for an Inspection Certificate, and the automatic acceptance of claims if unanswered, this modification significantly weakens the buyer's ability to make valid claims. It contradicts the implied warranty of merchantability required under Chinese Contract Law, which provides a reasonable timeframe and mechanism for addressing non-conforming goods.",
        "contradicted_law": "Contract Law of the People's Republic of China",
        "law_citation": "Article 155",
        "law_url1": [
          "http://www.npc.gov.cn/englishnpc/lawff/2007-12/13/content_1383564.htm"
        ],
        "law_url2": [
          "https://law.asia/contract-law-people-s-republic-china/"
        ],
        "law_explanation": "Article 155 states that 'Where a seller delivers the object to be the subject matter of the contract, such object shall comply with the quality standards, the package required and the reasonable time limit for inspection, etc., as prescribed in the contract.' By removing the specifics of the claim process and timeframe, the modified text contradicts the buyer's implicit right to inspect and claim damages for non-conforming goods, essentially weakening the legal protection offered under the Contract Law.",
        "location": "Section 16",
        "scraped_snippet_1": "ä¸­å½äººå¤§ç½ ä¹ è¿å¹³å¨æ¬åå¯¨åªä½åè¡¨ç½²åæç« ä¹ è¿å¹³åé©¬æ¥è¥¿äºæ»çå®ç¦å°ä¸¾è¡ä¼è° ä¹ è¿å¹³ä¼è§é©¬æ¥è¥¿äºæé«å é¦æåææ¬£ èµµä¹é åè¬å °è®®é¿åæï¼é¿éä¸¾è¡ä¼è° èµµä¹é ä¼è§ä¿ç½æ¯å½å®¶æé©¬å¯ä¸»å¸­å·´å·´ç§å¤« èµµä¹é åæå¤§å©åè®®é¿æé²è¨ä¸¾è¡ä¼è° Â Â Â Â Â èµµä¹é åè¬å °è®®é¿åæï¼é¿éä¸¾è¡ä¼è° èµµä¹é ä¼è§ä¿ç½æ¯å½å®¶æé©¬å¯ä¸»å¸­å·´å·´ç§å¤« èµµä¹é åæå¤§å©åè®®é¿æé²è¨ä¸¾è¡ä¼è° æé¸¿å¿ åºå¸­å°æ¹äººå¤§å¸¸å§ä¼è´è´£åå¿å­¦ä¹ å¹è®­ç­ çä¸æçå ¨å½äººå¤§å¸¸å§ä¼è°ç ç»å°æ²³åå¼å±ä¸é¢è°ç  ä½ç»´çå ¨å½äººå¤§å¸¸å§ä¼è°ç ç»å°æµ·åå¼å±è°ç  å ¨å½äººå¤§å¸¸å§ä¼å¯å§åé¿æ´æ¡æ±æè®¿é®èå¤å½ å ¨å½äººå¤§å¸¸å§ä¼å¯å§åé¿éªå æ¥æÂ·æå å°çè°ç ç»å°èµ£è°ç  å ¨å½äººå¤§å¸¸å§ä¼æºå ³å ç»çè®ºå­¦ä¹ ä¸­å¿ç»å¼å±éä½å­¦ä¹ ç è®¨ åå¿å ±ç»ä¸­å½å¼ç°ä»£åæ°å¾æ¯ å§åé¿ èµµä¹é å¯å§åé¿ æé¸¿å¿ çä¸æ èãæ· éå»ºé¦ ä¸ä»²ç¤¼ éæé è¡è¾¾å³° ä½ãç»´ æ­¦ç»´å éãå å½­æ¸ å å¼ åºä¼ æ´æ¡æ±æ éªå æ¥æÂ·æå å° ç§ä¹¦é¿ åãå¥ æºæä¸»é¡µ æ°æå§åä¼ å®ªæ³åæ³å¾å§åä¼ çå¯åå¸æ³å§åä¼ è´¢æ¿ç»æµå§åä¼ æç§æå«å§åä¼ å¤äºå§åä¼ åä¾¨å§åä¼ ç¯å¢ä¸èµæºä¿æ¤å§åä¼ åä¸ä¸åæå§åä¼ ç¤¾ä¼å»ºè®¾å§åä¼ ä»£è¡¨èµæ ¼å®¡æ¥å§åä¼ å¸¸å§ä¼åå ¬å æ³å¶å·¥ä½å§åä¼ é¢ç®å·¥ä½å§åä¼ é¦æ¸¯åºæ¬æ³å§åä¼ æ¾³é¨åºæ¬æ³å§åä¼ ä»£è¡¨å·¥ä½å§åä¼ ç«æ³å¨æ | æ³å¾èæ¡å®¡è®® | æ³å¶å¤©å° | ç«æ³ä¸é¢ ç«æ³ ä¸ºæ°å½¢å¿ä¸åå¥½å½å®¶å®å ¨å·¥ä½æä¾åå®æ³æ²»ä¿é æ¨å¨ç§æ®é«è´¨éåå± ç­ç¢ç§æåæ°æ³æ²»æ ¹åº ä»¥æ³ä¹åæ¤ç°å® ä¸­åæèç»½è³å ç­ç¢æç©âåºä¿å°½ä¿âæ³æ²»å±é æ¯æåä¿éäººå¤§ä»£è¡¨æ´å¥½ä¾æ³å±¥è å¨æ³æ²»è½¨éä¸æ¨å¨äººå¤§ä»£è¡¨å·¥ä½é«è´¨éåå± ç«æ³æ­£å½å ¶æ¶ï¼ä¿éæ°è¥ç»æµå¤§æ¾èº«æ âåæ±åå³âä¼ æ°å£° æå±æ¸¯æ¾³âæååâ ç°è¡æææ³å¾ç®å½ï¼305ä»¶ï¼ æ´å¤ >> ç»¼å | æ§æ³æ£æ¥ | å·¥ä½çç£ | å®¡è®®åè¨ | å®¡è®®æè§ | çç£ä¸é¢ çç£ å ¨å½äººå¤§çå¯åå¸æ³å§åä¼å°éå¼å±çå¯æ³å®æ½æå ³... ä»âå½å®¶è´¦æ¬âçè´¢æ¿æ¿ç­ååç¹ ä½ çæ°çâå¹¸ç¦è´¦æ¬âï¼è¯·æ¥æ¶ï¼ å»å¹´ç«çâFlagâï¼ä»å¹´æé«æ³ååºäºï¼ æ°è¯´ä¸¤é«æ¥åï¼çå¸æ³ä¸ºæ°çååº¦åæ¸©åº¦ å½°æ¾å ¬å¹³æ­£ä¹ï¼è§£ç ä¸¤é«æ¥åä¸­çè¿äºæ°çæ¡ æ³æ²»æ¾ååº¦ æ°çææ¸©åº¦ ä»å ¨å½ä¸¤ä¼çæ³æ²»ä¸­å½å»ºè®¾æ°è¿å± å å¤§ååº¦ä¿éåæ¹åæ°ç æ´å¤ >> ä»£è¡¨æ´»å¨ | ä»£è¡¨é£é | è®®æ¡å»ºè®® | ä»£è¡¨å­¦ä¹ ä»£è¡¨ çæ°¸çº¢ï¼âèæ ¹âåæ°å©åçººç»ä¸ç¾ä¸½ä¼ æ¿ å å¿å¯ï¼è®©æ´å¤äººæ¥å³å±±æåå³ä¹¡æ åå¹³ï¼è¦ç»âä¸æåâ è¿½æ±ç²¾çæ±ç²¾ é­æçï¼ç¨ç­è½§ä¸çº¿çâéâåº¦å»å±¥è ä¾æ³å±¥èä¸æ­å¯ååäººæ°ç¾¤ä¼èç³» å´éç¬ï¼åæ°åå¥½åºå±æ²»çâå åæ³â æ±ªè£ç§ï¼âææ°è °å é¼äºï¼æå¿éæè¸å®â è¡ç¾å¨¥ï¼ç§åºâéæå­â å¸¦æ¥âçæ¥å­â æ¨æ°¸ï¼ä»¥åææ èåå©åæé èåâæ±åæ°´ä¹¡â æ´å¤ >> ä¸é¢è®²åº§ | äººå¤§å¶åº¦ | æ³å¶å»ºè®¾ | å·¥ä½ç è®¨ | è§ç¹ çè®º è®¸å®æ ï¼æ·±å»ææ¡ç«æ³å·¥ä½çæ¶ä»£ä½¿å½ å ååæ¥äººå¤§... å ¨è¿ç¨äººæ°æ°ä¸»ï¼æ°æ¶ä»£ä¸­å½æ°ä¸»çæ°å½¢æä¸æ°è´¡ç® æ°æ¶ä»£æ°å¾ç¨åæå¥½ãå®åå¥½ãè¿è¡å¥½äººæ°ä»£è¡¨å¤§ä¼... æ·±åå ¨æ°å½é²æè² åæ¤å½é²å®å ¨æè¯ åæå çé¢å¯¼ãäººæ°å½å®¶ä½ä¸»ãä¾æ³æ²»å½ææºç»ä¸ç... åæå¥½ãå®åå¥½ãè¿è¡å¥½äººæ°ä»£è¡¨å¤§ä¼å¶åº¦ äººæ°ä»£è¡¨å¤§ä¼å¶åº¦è´å«âä¸­å½ä¹æ²»âå¶åº¦å¯ç  åå®äººå¤§å·¥ä½çå¤§æ¹åå¤§ååå¤§éç åå¿ æ¢ ï¼æ·±å ¥ç ç©¶çæç¯å¢æ³å ¸ç¼çºçåºæ¬é®é¢ æ´å¤ >> å¾ç è§é¢ ç´æ­ æ°é»åå¸ä¼ ç´æ­ï¼ååå±å ¨å½äººå¤§ä¸æ¬¡ä¼è®®ç¬¬ä¸åºâé¨é¿ééâ... ç´æ­ï¼ååå±å ¨å½äººå¤§ä¸",
        "scraped_snippet_2": null,
        "scrape_success": 1
      },
      {
        "type": "Omissions - Omission Legal Contradiction",
        "original_text": "10. INSURANCE: To be covered by the Seller for 110% invoice value against All Risks and War Risk.",
        "changed_text": "10. INSURANCE: Insurance coverage is optional.",
        "explanation": "This clause initially mandates the seller to provide insurance. Modifying it to 'Insurance coverage is optional' removes a significant protection for the buyer, especially considering the international nature of the transaction and potential risks involved. This contradicts Article 142 of the Contract Law of the People's Republic of China which requires parties to perform their obligations in good faith, including providing necessary protections for goods in transit, and Article 311, which specifies responsibilities regarding the safety of the goods during transport.",
        "contradicted_law": "Contract Law of the People's Republic of China",
        "law_citation": "Article 142 & 311",
        "law_url1": [
          "http://www.npc.gov.cn/englishnpc/lawff/2007-12/13/content_1383564.htm"
        ],
        "law_url2": [
          "https://law.asia/contract-law-people-s-republic-china/"
        ],
        "law_explanation": "Article 142 of the Contract Law of the People's Republic of China requires parties to perform their obligations in good faith. Article 311 specifies that 'Where the seller delivers the object to be the subject matter of the contract, such object shall comply with the quality standards, the package required and the reasonable time limit for inspection, etc., as prescribed in the contract.' By making insurance optional, especially regarding 'All Risks' during international transit (CIP terms), it violates the spirit of good faith performance by potentially exposing the buyer to significant losses during transport. The buyer is now vulnerable during transit and there is a contradiction of the requirement that quality standards are met in article 311.",
        "location": "Section 10",
        "scraped_snippet_1": "ä¸­å½äººå¤§ç½ ä¹ è¿å¹³å¨æ¬åå¯¨åªä½åè¡¨ç½²åæç« ä¹ è¿å¹³åé©¬æ¥è¥¿äºæ»çå®ç¦å°ä¸¾è¡ä¼è° ä¹ è¿å¹³ä¼è§é©¬æ¥è¥¿äºæé«å é¦æåææ¬£ èµµä¹é åè¬å °è®®é¿åæï¼é¿éä¸¾è¡ä¼è° èµµä¹é ä¼è§ä¿ç½æ¯å½å®¶æé©¬å¯ä¸»å¸­å·´å·´ç§å¤« èµµä¹é åæå¤§å©åè®®é¿æé²è¨ä¸¾è¡ä¼è° Â Â Â Â Â èµµä¹é åè¬å °è®®é¿åæï¼é¿éä¸¾è¡ä¼è° èµµä¹é ä¼è§ä¿ç½æ¯å½å®¶æé©¬å¯ä¸»å¸­å·´å·´ç§å¤« èµµä¹é åæå¤§å©åè®®é¿æé²è¨ä¸¾è¡ä¼è° æé¸¿å¿ åºå¸­å°æ¹äººå¤§å¸¸å§ä¼è´è´£åå¿å­¦ä¹ å¹è®­ç­ çä¸æçå ¨å½äººå¤§å¸¸å§ä¼è°ç ç»å°æ²³åå¼å±ä¸é¢è°ç  ä½ç»´çå ¨å½äººå¤§å¸¸å§ä¼è°ç ç»å°æµ·åå¼å±è°ç  å ¨å½äººå¤§å¸¸å§ä¼å¯å§åé¿æ´æ¡æ±æè®¿é®èå¤å½ å ¨å½äººå¤§å¸¸å§ä¼å¯å§åé¿éªå æ¥æÂ·æå å°çè°ç ç»å°èµ£è°ç  å ¨å½äººå¤§å¸¸å§ä¼æºå ³å ç»çè®ºå­¦ä¹ ä¸­å¿ç»å¼å±éä½å­¦ä¹ ç è®¨ åå¿å ±ç»ä¸­å½å¼ç°ä»£åæ°å¾æ¯ å§åé¿ èµµä¹é å¯å§åé¿ æé¸¿å¿ çä¸æ èãæ· éå»ºé¦ ä¸ä»²ç¤¼ éæé è¡è¾¾å³° ä½ãç»´ æ­¦ç»´å éãå å½­æ¸ å å¼ åºä¼ æ´æ¡æ±æ éªå æ¥æÂ·æå å° ç§ä¹¦é¿ åãå¥ æºæä¸»é¡µ æ°æå§åä¼ å®ªæ³åæ³å¾å§åä¼ çå¯åå¸æ³å§åä¼ è´¢æ¿ç»æµå§åä¼ æç§æå«å§åä¼ å¤äºå§åä¼ åä¾¨å§åä¼ ç¯å¢ä¸èµæºä¿æ¤å§åä¼ åä¸ä¸åæå§åä¼ ç¤¾ä¼å»ºè®¾å§åä¼ ä»£è¡¨èµæ ¼å®¡æ¥å§åä¼ å¸¸å§ä¼åå ¬å æ³å¶å·¥ä½å§åä¼ é¢ç®å·¥ä½å§åä¼ é¦æ¸¯åºæ¬æ³å§åä¼ æ¾³é¨åºæ¬æ³å§åä¼ ä»£è¡¨å·¥ä½å§åä¼ ç«æ³å¨æ | æ³å¾èæ¡å®¡è®® | æ³å¶å¤©å° | ç«æ³ä¸é¢ ç«æ³ ä¸ºæ°å½¢å¿ä¸åå¥½å½å®¶å®å ¨å·¥ä½æä¾åå®æ³æ²»ä¿é æ¨å¨ç§æ®é«è´¨éåå± ç­ç¢ç§æåæ°æ³æ²»æ ¹åº ä»¥æ³ä¹åæ¤ç°å® ä¸­åæèç»½è³å ç­ç¢æç©âåºä¿å°½ä¿âæ³æ²»å±é æ¯æåä¿éäººå¤§ä»£è¡¨æ´å¥½ä¾æ³å±¥è å¨æ³æ²»è½¨éä¸æ¨å¨äººå¤§ä»£è¡¨å·¥ä½é«è´¨éåå± ç«æ³æ­£å½å ¶æ¶ï¼ä¿éæ°è¥ç»æµå¤§æ¾èº«æ âåæ±åå³âä¼ æ°å£° æå±æ¸¯æ¾³âæååâ ç°è¡æææ³å¾ç®å½ï¼305ä»¶ï¼ æ´å¤ >> ç»¼å | æ§æ³æ£æ¥ | å·¥ä½çç£ | å®¡è®®åè¨ | å®¡è®®æè§ | çç£ä¸é¢ çç£ å ¨å½äººå¤§çå¯åå¸æ³å§åä¼å°éå¼å±çå¯æ³å®æ½æå ³... ä»âå½å®¶è´¦æ¬âçè´¢æ¿æ¿ç­ååç¹ ä½ çæ°çâå¹¸ç¦è´¦æ¬âï¼è¯·æ¥æ¶ï¼ å»å¹´ç«çâFlagâï¼ä»å¹´æé«æ³ååºäºï¼ æ°è¯´ä¸¤é«æ¥åï¼çå¸æ³ä¸ºæ°çååº¦åæ¸©åº¦ å½°æ¾å ¬å¹³æ­£ä¹ï¼è§£ç ä¸¤é«æ¥åä¸­çè¿äºæ°çæ¡ æ³æ²»æ¾ååº¦ æ°çææ¸©åº¦ ä»å ¨å½ä¸¤ä¼çæ³æ²»ä¸­å½å»ºè®¾æ°è¿å± å å¤§ååº¦ä¿éåæ¹åæ°ç æ´å¤ >> ä»£è¡¨æ´»å¨ | ä»£è¡¨é£é | è®®æ¡å»ºè®® | ä»£è¡¨å­¦ä¹ ä»£è¡¨ çæ°¸çº¢ï¼âèæ ¹âåæ°å©åçººç»ä¸ç¾ä¸½ä¼ æ¿ å å¿å¯ï¼è®©æ´å¤äººæ¥å³å±±æåå³ä¹¡æ åå¹³ï¼è¦ç»âä¸æåâ è¿½æ±ç²¾çæ±ç²¾ é­æçï¼ç¨ç­è½§ä¸çº¿çâéâåº¦å»å±¥è ä¾æ³å±¥èä¸æ­å¯ååäººæ°ç¾¤ä¼èç³» å´éç¬ï¼åæ°åå¥½åºå±æ²»çâå åæ³â æ±ªè£ç§ï¼âææ°è °å é¼äºï¼æå¿éæè¸å®â è¡ç¾å¨¥ï¼ç§åºâéæå­â å¸¦æ¥âçæ¥å­â æ¨æ°¸ï¼ä»¥åææ èåå©åæé èåâæ±åæ°´ä¹¡â æ´å¤ >> ä¸é¢è®²åº§ | äººå¤§å¶åº¦ | æ³å¶å»ºè®¾ | å·¥ä½ç è®¨ | è§ç¹ çè®º è®¸å®æ ï¼æ·±å»ææ¡ç«æ³å·¥ä½çæ¶ä»£ä½¿å½ å ååæ¥äººå¤§... å ¨è¿ç¨äººæ°æ°ä¸»ï¼æ°æ¶ä»£ä¸­å½æ°ä¸»çæ°å½¢æä¸æ°è´¡ç® æ°æ¶ä»£æ°å¾ç¨åæå¥½ãå®åå¥½ãè¿è¡å¥½äººæ°ä»£è¡¨å¤§ä¼... æ·±åå ¨æ°å½é²æè² åæ¤å½é²å®å ¨æè¯ åæå çé¢å¯¼ãäººæ°å½å®¶ä½ä¸»ãä¾æ³æ²»å½ææºç»ä¸ç... åæå¥½ãå®åå¥½ãè¿è¡å¥½äººæ°ä»£è¡¨å¤§ä¼å¶åº¦ äººæ°ä»£è¡¨å¤§ä¼å¶åº¦è´å«âä¸­å½ä¹æ²»âå¶åº¦å¯ç  åå®äººå¤§å·¥ä½çå¤§æ¹åå¤§ååå¤§éç åå¿ æ¢ ï¼æ·±å ¥ç ç©¶çæç¯å¢æ³å ¸ç¼çºçåºæ¬é®é¢ æ´å¤ >> å¾ç è§é¢ ç´æ­ æ°é»åå¸ä¼ ç´æ­ï¼ååå±å ¨å½äººå¤§ä¸æ¬¡ä¼è®®ç¬¬ä¸åºâé¨é¿ééâ... ç´æ­ï¼ååå±å ¨å½äººå¤§ä¸",
        "scraped_snippet_2": null,
        "scrape_success": 1
      },
      {
        "type": "Omissions - Omission Legal Contradiction",
        "original_text": "18. LATE DELIVERY AND PENALTY: Should the Sellers fail to make delivery on time as stipulated in the Contract, with exception of Force Majeure causes specified in Clause 17 of this Contract, the Buyers shall agree to postpone the delivery on condition that the Sellers agree to pay a penalty which shall be deducted by the paying bank from the payment. The penalty, however, shall not exceed 5% of the total value of the goods involved in the late delivery. The rate of penalty is charged at 0.5% for every seven days, odd days less than seven days should be counted as seven days. In case the Sellers fail to make delivery ten weeks later than the time of shipment stipulated in the Contract, the Buyers have the right to cancel the contract and the Sellers, in spite of the cancellation, shall still pay the aforesaid penalty to the Buyers without delay, the seller should refund the money received and pay the 30% of the total goods price of the penalty",
        "changed_text": "18. LATE DELIVERY: Should the Sellers fail to make delivery on time as stipulated in the Contract, the Buyers may consider extending the delivery date.",
        "explanation": "By removing the penalty clause for late delivery, this modification removes a key deterrent for the seller to deliver on time. This arguably violates Article 114 of the Contract Law of the People's Republic of China by removing compensation provisions for breach of contract.",
        "contradicted_law": "Contract Law of the People's Republic of China",
        "law_citation": "Article 114",
        "law_url1": [
          "http://www.npc.gov.cn/englishnpc/lawff/2007-12/13/content_1383564.htm"
        ],
        "law_url2": [
          "https://law.asia/contract-law-people-s-republic-china/"
        ],
        "law_explanation": "Article 114 addresses the topic of liquidated damages (penalties for breach). 'The parties may agree that one party shall pay a certain amount of liquidated damages to the other party if such party breaches the contract, and may also agree on the method for calculating the damages caused by a breach of contract.' This omission contradicts the legal expectation and right to receive compensation (as agreed in the initial contract) for losses incurred due to late delivery, effectively removing a vital protection for the buyer.",
        "location": "Section 18",
        "scraped_snippet_1": "ä¸­å½äººå¤§ç½ ä¹ è¿å¹³å¨æ¬åå¯¨åªä½åè¡¨ç½²åæç« ä¹ è¿å¹³åé©¬æ¥è¥¿äºæ»çå®ç¦å°ä¸¾è¡ä¼è° ä¹ è¿å¹³ä¼è§é©¬æ¥è¥¿äºæé«å é¦æåææ¬£ èµµä¹é åè¬å °è®®é¿åæï¼é¿éä¸¾è¡ä¼è° èµµä¹é ä¼è§ä¿ç½æ¯å½å®¶æé©¬å¯ä¸»å¸­å·´å·´ç§å¤« èµµä¹é åæå¤§å©åè®®é¿æé²è¨ä¸¾è¡ä¼è° Â Â Â Â Â èµµä¹é åè¬å °è®®é¿åæï¼é¿éä¸¾è¡ä¼è° èµµä¹é ä¼è§ä¿ç½æ¯å½å®¶æé©¬å¯ä¸»å¸­å·´å·´ç§å¤« èµµä¹é åæå¤§å©åè®®é¿æé²è¨ä¸¾è¡ä¼è° æé¸¿å¿ åºå¸­å°æ¹äººå¤§å¸¸å§ä¼è´è´£åå¿å­¦ä¹ å¹è®­ç­ çä¸æçå ¨å½äººå¤§å¸¸å§ä¼è°ç ç»å°æ²³åå¼å±ä¸é¢è°ç  ä½ç»´çå ¨å½äººå¤§å¸¸å§ä¼è°ç ç»å°æµ·åå¼å±è°ç  å ¨å½äººå¤§å¸¸å§ä¼å¯å§åé¿æ´æ¡æ±æè®¿é®èå¤å½ å ¨å½äººå¤§å¸¸å§ä¼å¯å§åé¿éªå æ¥æÂ·æå å°çè°ç ç»å°èµ£è°ç  å ¨å½äººå¤§å¸¸å§ä¼æºå ³å ç»çè®ºå­¦ä¹ ä¸­å¿ç»å¼å±éä½å­¦ä¹ ç è®¨ åå¿å ±ç»ä¸­å½å¼ç°ä»£åæ°å¾æ¯ å§åé¿ èµµä¹é å¯å§åé¿ æé¸¿å¿ çä¸æ èãæ· éå»ºé¦ ä¸ä»²ç¤¼ éæé è¡è¾¾å³° ä½ãç»´ æ­¦ç»´å éãå å½­æ¸ å å¼ åºä¼ æ´æ¡æ±æ éªå æ¥æÂ·æå å° ç§ä¹¦é¿ åãå¥ æºæä¸»é¡µ æ°æå§åä¼ å®ªæ³åæ³å¾å§åä¼ çå¯åå¸æ³å§åä¼ è´¢æ¿ç»æµå§åä¼ æç§æå«å§åä¼ å¤äºå§åä¼ åä¾¨å§åä¼ ç¯å¢ä¸èµæºä¿æ¤å§åä¼ åä¸ä¸åæå§åä¼ ç¤¾ä¼å»ºè®¾å§åä¼ ä»£è¡¨èµæ ¼å®¡æ¥å§åä¼ å¸¸å§ä¼åå ¬å æ³å¶å·¥ä½å§åä¼ é¢ç®å·¥ä½å§åä¼ é¦æ¸¯åºæ¬æ³å§åä¼ æ¾³é¨åºæ¬æ³å§åä¼ ä»£è¡¨å·¥ä½å§åä¼ ç«æ³å¨æ | æ³å¾èæ¡å®¡è®® | æ³å¶å¤©å° | ç«æ³ä¸é¢ ç«æ³ ä¸ºæ°å½¢å¿ä¸åå¥½å½å®¶å®å ¨å·¥ä½æä¾åå®æ³æ²»ä¿é æ¨å¨ç§æ®é«è´¨éåå± ç­ç¢ç§æåæ°æ³æ²»æ ¹åº ä»¥æ³ä¹åæ¤ç°å® ä¸­åæèç»½è³å ç­ç¢æç©âåºä¿å°½ä¿âæ³æ²»å±é æ¯æåä¿éäººå¤§ä»£è¡¨æ´å¥½ä¾æ³å±¥è å¨æ³æ²»è½¨éä¸æ¨å¨äººå¤§ä»£è¡¨å·¥ä½é«è´¨éåå± ç«æ³æ­£å½å ¶æ¶ï¼ä¿éæ°è¥ç»æµå¤§æ¾èº«æ âåæ±åå³âä¼ æ°å£° æå±æ¸¯æ¾³âæååâ ç°è¡æææ³å¾ç®å½ï¼305ä»¶ï¼ æ´å¤ >> ç»¼å | æ§æ³æ£æ¥ | å·¥ä½çç£ | å®¡è®®åè¨ | å®¡è®®æè§ | çç£ä¸é¢ çç£ å ¨å½äººå¤§çå¯åå¸æ³å§åä¼å°éå¼å±çå¯æ³å®æ½æå ³... ä»âå½å®¶è´¦æ¬âçè´¢æ¿æ¿ç­ååç¹ ä½ çæ°çâå¹¸ç¦è´¦æ¬âï¼è¯·æ¥æ¶ï¼ å»å¹´ç«çâFlagâï¼ä»å¹´æé«æ³ååºäºï¼ æ°è¯´ä¸¤é«æ¥åï¼çå¸æ³ä¸ºæ°çååº¦åæ¸©åº¦ å½°æ¾å ¬å¹³æ­£ä¹ï¼è§£ç ä¸¤é«æ¥åä¸­çè¿äºæ°çæ¡ æ³æ²»æ¾ååº¦ æ°çææ¸©åº¦ ä»å ¨å½ä¸¤ä¼çæ³æ²»ä¸­å½å»ºè®¾æ°è¿å± å å¤§ååº¦ä¿éåæ¹åæ°ç æ´å¤ >> ä»£è¡¨æ´»å¨ | ä»£è¡¨é£é | è®®æ¡å»ºè®® | ä»£è¡¨å­¦ä¹ ä»£è¡¨ çæ°¸çº¢ï¼âèæ ¹âåæ°å©åçººç»ä¸ç¾ä¸½ä¼ æ¿ å å¿å¯ï¼è®©æ´å¤äººæ¥å³å±±æåå³ä¹¡æ åå¹³ï¼è¦ç»âä¸æåâ è¿½æ±ç²¾çæ±ç²¾ é­æçï¼ç¨ç­è½§ä¸çº¿çâéâåº¦å»å±¥è ä¾æ³å±¥èä¸æ­å¯ååäººæ°ç¾¤ä¼èç³» å´éç¬ï¼åæ°åå¥½åºå±æ²»çâå åæ³â æ±ªè£ç§ï¼âææ°è °å é¼äºï¼æå¿éæè¸å®â è¡ç¾å¨¥ï¼ç§åºâéæå­â å¸¦æ¥âçæ¥å­â æ¨æ°¸ï¼ä»¥åææ èåå©åæé èåâæ±åæ°´ä¹¡â æ´å¤ >> ä¸é¢è®²åº§ | äººå¤§å¶åº¦ | æ³å¶å»ºè®¾ | å·¥ä½ç è®¨ | è§ç¹ çè®º è®¸å®æ ï¼æ·±å»ææ¡ç«æ³å·¥ä½çæ¶ä»£ä½¿å½ å ååæ¥äººå¤§... å ¨è¿ç¨äººæ°æ°ä¸»ï¼æ°æ¶ä»£ä¸­å½æ°ä¸»çæ°å½¢æä¸æ°è´¡ç® æ°æ¶ä»£æ°å¾ç¨åæå¥½ãå®åå¥½ãè¿è¡å¥½äººæ°ä»£è¡¨å¤§ä¼... æ·±åå ¨æ°å½é²æè² åæ¤å½é²å®å ¨æè¯ åæå çé¢å¯¼ãäººæ°å½å®¶ä½ä¸»ãä¾æ³æ²»å½ææºç»ä¸ç... åæå¥½ãå®åå¥½ãè¿è¡å¥½äººæ°ä»£è¡¨å¤§ä¼å¶åº¦ äººæ°ä»£è¡¨å¤§ä¼å¶åº¦è´å«âä¸­å½ä¹æ²»âå¶åº¦å¯ç  åå®äººå¤§å·¥ä½çå¤§æ¹åå¤§ååå¤§éç åå¿ æ¢ ï¼æ·±å ¥ç ç©¶çæç¯å¢æ³å ¸ç¼çºçåºæ¬é®é¢ æ´å¤ >> å¾ç è§é¢ ç´æ­ æ°é»åå¸ä¼ ç´æ­ï¼ååå±å ¨å½äººå¤§ä¸æ¬¡ä¼è®®ç¬¬ä¸åºâé¨é¿ééâ... ç´æ­ï¼ååå±å ¨å½äººå¤§ä¸",
        "scraped_snippet_2": null,
        "scrape_success": 1
      }
    ]
  }
]