[
  {
    "file_name": "DOMINIADVISORTRUST_02_18_2005-EX-99.(H)(2)-SPONSORSHIPAGREEMENT.txt",
    "perturbation": [
      {
        "type": "Omissions - Omission Legal Contradiction",
        "original_text": "Subject to the direction and control of the Board of Trustees of the Trust, the Sponsor shall perform such oversight, administrative and management services as may from time to time be reasonably requested by the Trust, which shall include without limitation: (a) maintaining office facilities (which may be in the office of Domini or an affiliate) and furnishing clerical services necessary for maintaining the organization of the Trust and for performing the oversight, administrative and management functions herein set forth; (b) arranging, if desired by the Trust, for directors, officers or employees of the Sponsor to serve as Trustees, officers or agents of the Trust if duly elected or appointed to such positions and subject to their individual consent and to any limitations imposed by law; (c) supervising the overall administration of the Trust, including the updating of corporate organizational documents, and the negotiation of contracts and fees with and the monitoring and coordinating of performance and billings of the Trust's transfer agent, shareholder servicing agents (if any), custodian, administrator, subadministrator (if any) and other independent contractors or agents; (d) overseeing (with advice of the Trust's counsel) the preparation of and, if applicable, filing all documents required for compliance by the Trust with applicable laws and regulations (including state \"blue sky\" laws and regulations), including registration statements on Form N-1A, prospectuses and statements of additional information, or similar forms, as applicable, semi-annual and annual reports to shareholders and proxy statements, and reviewing tax returns; (e) preparation of agendas and supporting documents for and minutes of meetings of Trustees, committees of Trustees and preparation of notices, proxy statements and minutes of meetings of shareholders; (f) arranging for maintenance of books and records of the Trust; (g) maintaining telephone coverage to respond to shareholder inquiries regarding matters to which this Agreement pertains to which the transfer agent is unable to respond; (h) providing reports and assistance regarding each series' compliance with securities and tax laws and each series' investment objectives; (i) arranging for dissemination of yield and other performance information to newspapers and tracking services; (j) arranging for and preparing annual renewals for fidelity bond and errors and omissions insurance coverage; (k) developing a budget for the Trust, establishing the rate of expense accruals and arranging for the payment of all fixed and management expenses; and (l) answering questions from the general public, the media and investors in the Trust regarding (i) the securities holdings of the Trust; (ii) any limits in which the Trust invests; (iii) the social investment philosophy of the Trust; and (iv) the proxy voting philosophy and shareholder activism philosophy of the Trust.",
        "changed_text": "Subject to the direction and control of the Board of Trustees of the Trust, the Sponsor shall perform oversight, administrative and management services as requested by the Trust, which shall include only maintaining office facilities. Notwithstanding the foregoing, the Sponsor shall not be deemed to have assumed, pursuant to this Agreement, any duties with respect to, and shall not be responsible for, the management of the Trust's assets or the rendering of investment advice and supervision with respect thereto or the distribution of shares of any series, nor shall the Sponsor be deemed to have assumed or have any responsibility with respect to functions specifically assumed by any transfer agent, custodian, fund accounting pricing agent or shareholder servicing agent of the Trust.",
        "explanation": "By drastically reducing the Sponsor's duties to only maintaining office facilities, the agreement fails to ensure proper oversight, administrative, and management services as required by securities laws, which mandate proper management and reporting to protect investors.",
        "contradicted_law": "Investment Company Act of 1940",
        "law_citation": "15 U.S. Code § 80a-30",
        "law_url1": [
          "https://uscode.house.gov/view.xhtml?req=granuleid%3AUSC-prelim-title15-section80a-30&edition=prelim"
        ],
        "law_url2": [
          "https://www.law.cornell.edu/uscode/text/15/80a-30"
        ],
        "law_explanation": "This modification contradicts 15 U.S. Code § 80a-30 because it eliminates several key requirements related to reporting requirements. By severely limiting the sponsor's duties, it undermines the ability of the investment company to fulfill its responsibilities under the Investment Company Act.",
        "location": "Section 1",
        "scraped_snippet_1": "15 USC 80a-30: Accounts and records Result 1 of 1 Current 2024 Main Ed. (1/6/2025) [Titles 1 through 6] 2018 Ed. and Supplement V (1/3/2024) 2018 Ed. and Supplement IV (1/5/2023) 2018 Ed. and Supplement III (1/3/2022) 2018 Ed. and Supplement II (1/13/2021) 2018 Ed. and Supplement I (1/24/2020) 2018 Main Ed. (1/14/2019) 2012 Ed. and Supplement V (1/12/2018) 2012 Ed. and Supplement IV (1/6/2017) 2012 Ed. and Supplement III (1/3/2016) 2012 Ed. and Supplement II (1/5/2015) 2012 Ed. and Supplement I (1/16/2014) 2012 Main Ed. (1/15/2013) 2006 Ed. and Supplement V (1/3/2012) 2006 Ed. and Supplement IV (1/7/2011) 2006 Ed. and Supplement III (2/1/2010) 2006 Ed. and Supplement II (1/5/2009) 2006 Ed. and Supplement I (1/8/2008) 2006 Main Ed. (1/3/2007) 2000 Ed. and Supplement V (1/2/2006) 2000 Ed. and Supplement IV (1/3/2005) 2000 Ed. and Supplement III (1/19/2004) 2000 Ed. and Supplement II (1/6/2003) 2000 Ed. and Supplement I (1/22/2002) 2000 Main Ed. (1/2/2001) 1994 Ed. and Supplement V (1/23/2000) 1994 Ed. and Supplement IV (1/5/1999) 1994 Ed. and Supplement III (1/26/1998) 1994 Ed. and Supplement II (1/6/1997) 1994 Ed. and Supplement I (1/16/1996) 1994 Main Ed. (1/4/1995) Back to Original Document << Previous TITLE 15 / CHAPTER 2D / SUBCHAPTER I / § 80a-30 Next >> [Print] [Print selection] [OLRC Home] Help 15 USC 80a-30 : Accounts and records Text contains those laws in effect on April 16, 2025 From Title 15-COMMERCE AND TRADE CHAPTER 2D-INVESTMENT COMPANIES AND ADVISERS SUBCHAPTER I-INVESTMENT COMPANIES Jump To: Source Credit Miscellaneous Amendments Effective Date §80a–30. Accounts and records (a) Maintenance of records (1) In general Each registered investment company, and each underwriter, broker, dealer, or investment adviser that is a majority-owned subsidiary of such a company, shall maintain and preserve such records (as defined in section 78c(a)(37) of this title ) for such period or periods as the Commission, by rules and regulations, may prescribe as necessary or",
        "scraped_snippet_2": "15 U.S. Code § 80a-30 - Accounts and records | U.S. Code | US Law | LII / Legal Information Institute Please help us improve our site! × No thank you Quick search by citation: Title Section Go! 15 U.S. Code § 80a-30 - Accounts and records U.S. Code Notes Authorities (CFR) prev | next (a) Maintenance of records (1) In general Each registered investment company , and each underwriter, broker, dealer, or investment adviser that is a majority-owned subsidiary of such a company, shall maintain and preserve such records (as defined in section 78c(a)(37) of this title ) for such period or periods as the Commission, by rules and regulations, may prescribe as necessary or appropriate in the public interest or for the protection of investors. Each investment adviser that is not a majority-owned subsidiary of, and each depositor of any registered investment company, and each principal underwriter for any registered investment company other than a closed-end company, shall maintain and preserve for such period or periods as the Commission shall prescribe by rules and regulations, such records as are necessary or appropriate to record such person’ s transactions with such registered company. Each person having custody or use of the securities, deposits, or credits of a registered investment company shall maintain and preserve all records that relate to the custody or use by such person of the securities, deposits, or credits of the registered investment company for such period or periods as the Commission, by rule or regulation, may prescribe, as necessary or appropriate in the public interest or for the protection of investors. (2) Minimizing compliance burden In exercising its authority under this subsection, the Commission shall take such steps as it deems necessary or appropriate, consistent with the public interest and for the protection of investors, to avoid unnecessary recordkeeping by, and minimize the compliance burden on, persons required to maintain records under this ",
        "scrape_success": 2
      },
      {
        "type": "Omissions - Omission Legal Contradiction",
        "original_text": "The Trust shall pay all of its operating expenses, including but not limited to fees due the Sponsor under this Agreement, compensation of Trustees not affiliated with the Sponsor, governmental fees, including but not limited to Securities and Exchange Commission fees and state \"blue sky\" fees; interest charges; taxes and related charges; membership dues of the Trust in the Investment Company Institute and other professional or industry associations; fees and expenses of the Trust's independent auditors and accountants, of legal counsel and any transfer agent, distributor, shareholder servicing agent, recordkeeper, registrar or dividend disbursing agent of the Trust; expenses of distributing, issuing and redeeming shares and servicing shareholder accounts; expenses of preparing, printing and mailing prospectuses and statements of additional information, reports, notices, proxy statements and reports to shareholders and governmental officers and commissions; expenses connected with the execution, recording and settlement of portfolio security transactions; insurance premiums; fees and expenses of the Trust's custodian for all services to the Trust, including safekeeping of funds and securities and maintaining required books and accounts; expenses of calculating the net asset value of shares of the Trust; expenses of shareholder meetings; and expenses relating to the issuance, registration and qualification of shares of any series of the Trust.",
        "changed_text": "The Trust shall pay only the fees due the Sponsor under this Agreement. All other operating expenses, including but not limited to compensation of Trustees not affiliated with the Sponsor, governmental fees, interest charges, taxes and related charges, membership dues, fees and expenses of auditors, accountants, legal counsel, transfer agent, distributor, shareholder servicing agent, recordkeeper, registrar or dividend disbursing agent of the Trust; expenses of distributing, issuing and redeeming shares and servicing shareholder accounts; expenses of preparing, printing and mailing prospectuses and statements of additional information, reports, notices, proxy statements and reports to shareholders and governmental officers and commissions; expenses connected with the execution, recording and settlement of portfolio security transactions; insurance premiums; fees and expenses of the Trust's custodian for all services to the Trust, including safekeeping of funds and securities and maintaining required books and accounts; expenses of calculating the net asset value of shares of the Trust; expenses of shareholder meetings; and expenses relating to the issuance, registration and qualification of shares of any series of the Trust, shall be the responsibility of the sponsor.",
        "explanation": "By placing the burden of all operating expenses other than sponsor fees on the sponsor, this clause could create financial instability for the Sponsor, potentially impacting its ability to adequately oversee the Trust's operations and maintain necessary compliance measures, thus failing to protect shareholders. This impacts the Sponsors operational stability as mentioned in the Investment Company Act",
        "contradicted_law": "Investment Company Act of 1940",
        "law_citation": "15 U.S. Code § 80a-1(b)",
        "law_url1": [
          "https://uscode.house.gov/view.xhtml?req=granuleid%3AUSC-prelim-title15-section80a-1&edition=prelim"
        ],
        "law_url2": [
          "https://www.law.cornell.edu/uscode/text/15/80a-1"
        ],
        "law_explanation": "This modification contradicts 15 U.S. Code § 80a-1(b), which outlines the policy and purposes of the Investment Company Act to protect investors and prevent conflicts of interest. Shifting all operating expenses to the sponsor could jeopardize the sponsor's ability to fulfill its obligations and create a conflict of interest due to the financial strain, impacting the stability and proper oversight of the Trust.",
        "location": "Section 2",
        "scraped_snippet_1": "15 USC 80a-1: Findings and declaration of policy Result 1 of 1 Current 2024 Main Ed. (1/6/2025) [Titles 1 through 6] 2018 Ed. and Supplement V (1/3/2024) 2018 Ed. and Supplement IV (1/5/2023) 2018 Ed. and Supplement III (1/3/2022) 2018 Ed. and Supplement II (1/13/2021) 2018 Ed. and Supplement I (1/24/2020) 2018 Main Ed. (1/14/2019) 2012 Ed. and Supplement V (1/12/2018) 2012 Ed. and Supplement IV (1/6/2017) 2012 Ed. and Supplement III (1/3/2016) 2012 Ed. and Supplement II (1/5/2015) 2012 Ed. and Supplement I (1/16/2014) 2012 Main Ed. (1/15/2013) 2006 Ed. and Supplement V (1/3/2012) 2006 Ed. and Supplement IV (1/7/2011) 2006 Ed. and Supplement III (2/1/2010) 2006 Ed. and Supplement II (1/5/2009) 2006 Ed. and Supplement I (1/8/2008) 2006 Main Ed. (1/3/2007) 2000 Ed. and Supplement V (1/2/2006) 2000 Ed. and Supplement IV (1/3/2005) 2000 Ed. and Supplement III (1/19/2004) 2000 Ed. and Supplement II (1/6/2003) 2000 Ed. and Supplement I (1/22/2002) 2000 Main Ed. (1/2/2001) 1994 Ed. and Supplement V (1/23/2000) 1994 Ed. and Supplement IV (1/5/1999) 1994 Ed. and Supplement III (1/26/1998) 1994 Ed. and Supplement II (1/6/1997) 1994 Ed. and Supplement I (1/16/1996) 1994 Main Ed. (1/4/1995) Back to Original Document << Previous TITLE 15 / CHAPTER 2D / SUBCHAPTER I / § 80a-1 Next >> [Print] [Print selection] [OLRC Home] Help 15 USC 80a-1 : Findings and declaration of policy Text contains those laws in effect on April 16, 2025 From Title 15-COMMERCE AND TRADE CHAPTER 2D-INVESTMENT COMPANIES AND ADVISERS SUBCHAPTER I-INVESTMENT COMPANIES Jump To: Source Credit Miscellaneous References In Text §80a–1. Findings and declaration of policy (a) Findings Upon the basis of facts disclosed by the record and reports of the Securities and Exchange Commission made pursuant to section 79z–4 1 of this title, and facts otherwise disclosed and ascertained, it is found that investment companies are affected with a national public interest in that, among other things- (1) the securities issued by suc",
        "scraped_snippet_2": "15 U.S. Code § 80a-1 - Findings and declaration of policy | U.S. Code | US Law | LII / Legal Information Institute Please help us improve our site! × No thank you Quick search by citation: Title Section Go! 15 U.S. Code § 80a-1 - Findings and declaration of policy U.S. Code Notes Authorities (CFR) prev | next (a) Findings Upon the basis of facts disclosed by the record and reports of the Securities and Exchange Commission made pursuant to section 79z–4 [1] of this title, and facts otherwise disclosed and ascertained, it is found that investment companies are affected with a national public interest in that, among other things— (1) the securities issued by such companies, which constitute a substantial part of all securities publicly offered, are distributed, purchased, paid for, exchanged, transferred, redeemed, and repurchased by use of the mails and means and instrumentalities of interstate commerce , and in the case of the numerous companies which issue redeemable securities this process of distribution and redemption is continuous; (2) the principal activities of such companies—investing, reinvesting, and trading in securities—are conducted by use of the mails and means and instrumentalities of interstate commerce , including the facilities of national securities exchanges , and constitute a substantial part of all transactions effected in the securities markets of the Nation; (3) such companies customarily invest and trade in securities issued by, and may dominate and control or otherwise affect the policies and management of, companies engaged in business in interstate commerce ; (4) such companies are media for the investment in the national economy of a substantial part of the national savings and may have a vital effect upon the flow of such savings into the capital markets; and (5) the activities of such companies, extending over many States , their use of the instrumentalities of interstate commerce and the wide geographic distribution of their security hol",
        "scrape_success": 2
      },
      {
        "type": "Omissions - Omission Legal Contradiction",
        "original_text": "The Sponsor shall not be liable for any error of judgment or mistake of law or for any act or omission in the oversight, administration or management of the Trust or the performance of its duties hereunder, except for willful misfeasance, bad faith or gross negligence in the performance of its duties, or by reason of the reckless disregard of its obligations and duties hereunder.",
        "changed_text": "The Sponsor shall not be liable for any error of judgment or mistake of law or for any act or omission in the oversight, administration or management of the Trust or the performance of its duties hereunder.",
        "explanation": "Removing the phrase 'except for willful misfeasance, bad faith or gross negligence in the performance of its duties, or by reason of the reckless disregard of its obligations and duties hereunder' effectively shields the Sponsor from liability even in cases of willful misconduct or gross negligence. This severely undermines the investor protection provisions of the Investment Company Act.",
        "contradicted_law": "Investment Company Act of 1940",
        "law_citation": "15 U.S. Code § 80a-17(h)",
        "law_url1": [
          "https://uscode.house.gov/view.xhtml?req=granuleid%3AUSC-prelim-title15-section80a-17&edition=prelim"
        ],
        "law_url2": [
          "https://www.law.cornell.edu/uscode/text/15/80a-17"
        ],
        "law_explanation": "This modification directly contradicts 15 U.S. Code § 80a-17(h), which prohibits exculpatory clauses that relieve investment company personnel from liability for conduct falling below a certain standard of care (typically gross negligence or willful misconduct). By removing the exception for such conduct, the clause becomes an illegal attempt to shield the Sponsor from accountability, violating investor protection regulations.",
        "location": "Section 4",
        "scraped_snippet_1": "15 USC 80a-17: Transactions of certain affiliated persons and underwriters Result 1 of 1 Current 2024 Main Ed. (1/6/2025) [Titles 1 through 6] 2018 Ed. and Supplement V (1/3/2024) 2018 Ed. and Supplement IV (1/5/2023) 2018 Ed. and Supplement III (1/3/2022) 2018 Ed. and Supplement II (1/13/2021) 2018 Ed. and Supplement I (1/24/2020) 2018 Main Ed. (1/14/2019) 2012 Ed. and Supplement V (1/12/2018) 2012 Ed. and Supplement IV (1/6/2017) 2012 Ed. and Supplement III (1/3/2016) 2012 Ed. and Supplement II (1/5/2015) 2012 Ed. and Supplement I (1/16/2014) 2012 Main Ed. (1/15/2013) 2006 Ed. and Supplement V (1/3/2012) 2006 Ed. and Supplement IV (1/7/2011) 2006 Ed. and Supplement III (2/1/2010) 2006 Ed. and Supplement II (1/5/2009) 2006 Ed. and Supplement I (1/8/2008) 2006 Main Ed. (1/3/2007) 2000 Ed. and Supplement V (1/2/2006) 2000 Ed. and Supplement IV (1/3/2005) 2000 Ed. and Supplement III (1/19/2004) 2000 Ed. and Supplement II (1/6/2003) 2000 Ed. and Supplement I (1/22/2002) 2000 Main Ed. (1/2/2001) 1994 Ed. and Supplement V (1/23/2000) 1994 Ed. and Supplement IV (1/5/1999) 1994 Ed. and Supplement III (1/26/1998) 1994 Ed. and Supplement II (1/6/1997) 1994 Ed. and Supplement I (1/16/1996) 1994 Main Ed. (1/4/1995) Back to Original Document << Previous TITLE 15 / CHAPTER 2D / SUBCHAPTER I / § 80a-17 Next >> [Print] [Print selection] [OLRC Home] Help 15 USC 80a-17 : Transactions of certain affiliated persons and underwriters Text contains those laws in effect on April 16, 2025 From Title 15-COMMERCE AND TRADE CHAPTER 2D-INVESTMENT COMPANIES AND ADVISERS SUBCHAPTER I-INVESTMENT COMPANIES Jump To: Source Credit Miscellaneous References In Text Amendments Effective Date §80a–17. Transactions of certain affiliated persons and underwriters (a) Prohibited transactions It shall be unlawful for any affiliated person or promoter of or principal underwriter for a registered investment company (other than a company of the character described in section 80a–12(d)(3)(A) and (B) of this title)",
        "scraped_snippet_2": "15 U.S. Code § 80a-17 - Transactions of certain affiliated persons and underwriters | U.S. Code | US Law | LII / Legal Information Institute Please help us improve our site! × No thank you Quick search by citation: Title Section Go! 15 U.S. Code § 80a-17 - Transactions of certain affiliated persons and underwriters U.S. Code Notes Authorities (CFR) prev | next (a) Prohibited transactions It shall be unlawful for any affiliated person or promoter of or principal underwriter for a registered investment company (other than a company of the character described in section 80a–12(d)(3)(A) and (B) of this title), or any affiliated person of such a person, promoter, or principal underwriter, acting as principal— (1) knowingly to sell any security or other property to such registered company or to any company controlled by such registered company , unless such sale involves solely (A) securities of which the buyer is the issuer, (B) securities of which the seller is the issuer and which are part of a general offering to the holders of a class of its securities, or (C) securities deposited with the trustee of a unit investment trust or periodic payment plan by the depositor thereof; (2) knowingly to purchase from such registered company , or from any company controlled by such registered company , any security or other property (except securities of which the seller is the issuer) ; (3) to borrow money or other property from such registered company or from any company controlled by such registered company (unless the borrower is controlled by the lender) except as permitted in section 80a–21(b) of this title ; or (4) to loan money or other property to such registered company , or to any company controlled by such registered company , in contravention of such rules, regulations, or orders as the Commission may, after consultation with and taking into consideration the views of the Federal banking agencies (as defined in section 1813 of title 12 ), prescribe or issue consistent w",
        "scrape_success": 2
      }
    ]
  }
]