[
  {
    "file_name": "IntegrityFunds_20200121_485BPOS_EX-99.EUNDRCONTR_11948727_EX-99.EUNDRCONTR_ServiceAgreement.txt",
    "perturbation": [
      {
        "type": "Omissions - Omission Legal Contradiction",
        "original_text": "Section 7.1 This Agreement shall continue until January 18, 2022, and thereafter shall continue automatically for successive annual periods ending on January 18th of each year, provided such continuance is specifically approved at least annually by (a) the Fund's Board of Trustees and (b) a vote of a majority (as defined in the 1940 Act) of the Fund's Trustees who are not interested persons (as defined in the 1940 Act) of the Fund and who have no direct or indirect financial interest in the operation of the Plan, in this Agreement, or any agreement related to the Plan (the \"Qualified Trustees\"), by vote cast in person at a meeting called for the purpose of voting on such approval. This Agreement is terminable with respect to the Fund, without penalty, (a) on 60 days' written notice, by vote of a majority of the Qualified Trustees or by vote of a majority (as defined in the 1940 Act) of the outstanding voting securities of the Fund or (b) on 90 days' written notice by Integrity. This Agreement will also terminate automatically in the event of its assignment (as defined in the 1940 Act).",
        "changed_text": "Section 7.1 This Agreement shall continue until January 18, 2022, and thereafter shall continue automatically for successive annual periods ending on January 18th of each year, provided such continuance is specifically approved at least annually by (a) the Fund's Board of Trustees. This Agreement is terminable with respect to the Fund, without penalty, (a) on 60 days' written notice, by vote of a majority of the Trustees or (b) on 90 days' written notice by Integrity. This Agreement will also terminate automatically in the event of its assignment (as defined in the 1940 Act).",
        "explanation": "By omitting the requirement for approval by a majority of 'non-interested' trustees, the contract now potentially violates Section 15(c) of the Investment Company Act of 1940, which mandates that fund advisory contracts (and by extension, distribution agreements that function similarly) must be approved by a majority of independent trustees.",
        "contradicted_law": "Investment Company Act of 1940, Section 15(c)",
        "law_citation": "15 U.S. Code § 80a-15(c)",
        "law_url1": [
          "https://uscode.house.gov/view.xhtml?req=granuleid%3AUSC-prelim-title15-section80a-15"
        ],
        "law_url2": [
          "https://www.law.cornell.edu/topn/investment_company_act_of_1940"
        ],
        "law_explanation": "Section 15(c) of the Investment Company Act of 1940 requires that the board of directors, including a majority of independent directors, specifically approve the distribution agreement, meaning the contract fails to include a protection afforded to mutual fund shareholders, thus making it contradictory.",
        "location": "Section 7.1",
        "scraped_snippet_1": "This page is better viewed with a JavaScript enabled browser. Document not Found Document not found The document you were looking for does not exist. Click here to close this window, or click here to go back.",
        "scraped_snippet_2": "TOPN: Investment Company Act of 1940 | TOPN: Table of Popular Names | US Law | LII / Legal Information Institute Please help us improve our site! × No thank you TOPN: Table of Popular Names 0-9 | A | B | C | D | E | F | G | H | I | J | K | L | M | N | O | P | Q | R | S | T | U | V | W | X | Y | Z Investment Company Act of 1940 1940-08-22, ch. 686, title I, 54 Stat. 789 title I An act may refer to only a portion of a Public Law. The tables below are for the entire Public Law. Pub. L. Section Status USC Title USC Section Authorizes 1 15 80a-1 17 CFR 270 2 15 80a-2 17 CFR 239 , 270 3 15 80a-3 17 CFR 239 , 270 4 15 80a-4 17 CFR 270 5 15 80a-5 17 CFR 270 6 15 80a-6 17 CFR 232 , 270 7 15 80a-7 17 CFR 270 8 15 80a-8 17 CFR 200 , 201 , 210 , 211 , 229 , 230 , 232 , 239 , 270 , 274 9 15 80a-9 17 CFR 201 , 209 , 229 , 239 , 270 10 15 80a-10 17 CFR 239 , 270 11 15 80a-11 17 CFR 270 12 15 80a-12 17 CFR 270 13 15 80a-13 17 CFR 239 , 270 14 15 80a-14 17 CFR 270 15 15 80a-15 17 CFR 270 16 15 80a-16 17 CFR 270 17 15 80a-17 17 CFR 270 18 15 80a-18 17 CFR 270 19 15 80a-19 17 CFR 270 20 15 80a-20 17 CFR 200 , 210 , 229 , 240 , 270 21 15 80a-21 17 CFR 270 22 15 80a-22 17 CFR 270 23 15 80a-23 17 CFR 240 , 242 , 270 24 15 80a-24 17 CFR 200 , 230 , 239 , 270 , 274 25 15 80a-25 17 CFR 270 26 15 80a-26 17 CFR 239 , 270 , 274 27 15 80a-27 17 CFR 270 28 15 80a-28 17 CFR 230 , 270 29(a) Rev. T. 11 107 29(b) Rev. T. 11 72 30 15 80a-29 17 CFR 200 , 210 , 211 , 229 , 230 , 232 , 239 , 240 , 242 , 243 , 244 , 249 , 270 , 274 31 15 80a-30 17 CFR 210 , 211 , 229 , 230 , 232 , 239 , 248 , 270 32 15 80a-31 17 CFR 210 , 229 , 270 33 15 80a-32 17 CFR 270 34 15 80a-33 17 CFR 270 35 15 80a-34 17 CFR 270 36 15 80a-35 17 CFR 270 37 15 80a-36 17 CFR 270 38 15 80a-37 5 CFR 4401 39 15 80a-38 17 CFR 201 , 205 , 209 , 229 , 270 40 15 80a-39 17 CFR 201 , 209 , 229 , 270 41 15 80a-40 17 CFR 201 , 209 , 270 42 15 80a-41 17 CFR 200 , 201 , 202 , 209 , 270 43 15 80a-42 17 CFR 270 44 15 80a-43 17 CFR 270 45 15 80a-44 17 CFR 200 , 201 , 209 , 270 46 15 80a-45 17 CFR 270 47 15 80a-46 17 CFR 270 48 15 80a-47 17 CFR 270 49 15 80a-48 17 CFR 270 50 15 80a-49 17 CFR 270 51 15 80a-50 17 CFR 270 52 15 80a-51 17 CFR 270 53 15 80a-52 17 CFR 270 54 15 80a-53 17 CFR 270 55 15 80a-54 17 CFR 270 56 15 80a-55 17 CFR 270 57 15 80a-56 17 CFR 270 58 15 80a-57 17 CFR 270 59 15 80a-58 17 CFR 270 60 15 80a-59 17 CFR 270 61 15 80a-60 17 CFR 270 62 15 80a-61 17 CFR 270 63 15 80a-62 17 CFR 270 64 15 80a-63 17 CFR 270 65 15 80a-64 17 CFR 270 201 15 80b-1 17 CFR 279 202 15 ",
        "scrape_success": 2
      },
      {
        "type": "Omissions - Omission Legal Contradiction",
        "original_text": "Section 1.3 All activities by Integrity as underwriter of the Shares shall comply with all applicable laws, rules, and regulations, including, without limitation, all rules and regulations made or adopted by the Securities and Exchange Commission (the \"SEC\") or by any securities association registered under the Securities Exchange Act of 1934 and the Fund's Registration Statement.",
        "changed_text": "Section 1.3 All activities by Integrity as underwriter of the Shares shall comply with the Fund's Registration Statement.",
        "explanation": "By removing the requirement that Integrity's activities comply with all applicable laws, rules, and regulations, including those of the SEC and registered securities associations, the contract potentially violates numerous securities laws. This omission is particularly problematic as it removes an explicit commitment to comply with regulations designed to protect investors.",
        "contradicted_law": "Securities Act of 1933, Section 5",
        "law_citation": "15 U.S. Code § 77e",
        "law_url1": [
          "https://uscode.house.gov/view.xhtml?req=granuleid%3AUSC-prelim-title15-section77e"
        ],
        "law_url2": [
          "https://www.sec.gov/oiea/Article/howey.html"
        ],
        "law_explanation": "Section 5 of the Securities Act of 1933 prohibits the offer or sale of unregistered securities. This omission contradicts securities laws by removing the distributor's obligation to comply with applicable regulations, which include registering securities with the SEC.",
        "location": "Section 1.3",
        "scraped_snippet_1": "This page is better viewed with a JavaScript enabled browser. Document not Found Document not found The document you were looking for does not exist. Click here to close this window, or click here to go back.",
        "scraped_snippet_2": null,
        "scrape_success": 1
      },
      {
        "type": "Omissions - Omission Legal Contradiction",
        "original_text": "Section 4.1 The Fund authorizes Integrity and any dealers with whom Integrity has entered into dealer agreements to use any prospectus or statement of additional information furnished by the Fund from time to time in connection with the sale of Shares. The Fund agrees to indemnify, defend, and hold Integrity, its several officers and governors, and any person who controls Integrity within the meaning of Section 15 of the 1933 Act, free and harmless from and against any and all claims, demands, liabilities, and expenses (including the cost of investigating or defending such claims, demands, or liabilities and any counsel fees incurred in connection therewith) which Integrity, its officers and governors, or any such controlling person may incur under the 1933 Act, the 1940 Act, or common law or otherwise, arising out of or based upon any untrue statement or alleged untrue statement of a material fact contained in any registration statement, any prospectus, or any statement of additional information, or arising out of or based upon any omission or alleged omission to state a material fact required to be stated in any registration statement, any prospectus, or any statement of additional information, or necessary to make the statements in any of them not misleading; provided, however, that the Fund's agreement to indemnify Integrity, its officers or governors, and any such controlling person shall not be deemed to cover any claims, demands, liabilities, or expenses arising out of or based upon any statements or representations made by Integrity or its representatives or agents other than such statements and representations as are contained in any registration statement, prospectus, or statement of additional information and in such financial and other statements as are furnished to Integrity pursuant to paragraph 2.2 hereof; and further provided that the Fund's agreement to indemnify Integrity and the Fund's representations and warranties hereinbefore set forth in paragraph 3 shall not be deemed to cover any liability to the Fund or its shareholders to which Integrity would otherwise be subject by reason of willful misfeasance, bad faith, or gross negligence in the performance of its duties, or by reason of Integrity's reckless disregard of its obligations and duties under this Agreement.",
        "changed_text": "Section 4.1 The Fund authorizes Integrity and any dealers with whom Integrity has entered into dealer agreements to use any prospectus or statement of additional information furnished by the Fund from time to time in connection with the sale of Shares. The Fund agrees to indemnify, defend, and hold Integrity, its several officers and governors, and any person who controls Integrity within the meaning of Section 15 of the 1933 Act, free and harmless from and against any and all claims, demands, liabilities, and expenses (including the cost of investigating or defending such claims, demands, or liabilities and any counsel fees incurred in connection therewith) which Integrity, its officers and governors, or any such controlling person may incur under the 1933 Act, the 1940 Act, or common law or otherwise, arising out of or based upon any untrue statement or alleged untrue statement of a material fact contained in any registration statement, any prospectus, or any statement of additional information, or arising out of or based upon any omission or alleged omission to state a material fact required to be stated in any registration statement, any prospectus, or any statement of additional information, or necessary to make the statements in any of them not misleading.",
        "explanation": "By removing the clause that the Fund's indemnification of Integrity does not cover liability resulting from Integrity's 'willful misfeasance, bad faith, or gross negligence,' the agreement becomes potentially unenforceable under Section 17(i) of the Investment Company Act of 1940. This section prohibits exculpation of investment company personnel from liability for breaches of fiduciary duty.",
        "contradicted_law": "Investment Company Act of 1940, Section 17(i)",
        "law_citation": "15 U.S. Code § 80a-17(i)",
        "law_url1": [
          "https://uscode.house.gov/view.xhtml?req=granuleid%3AUSC-prelim-title15-section80a-17"
        ],
        "law_url2": [
          "https://www.law.cornell.edu/cfr/text/17/270.17j-1"
        ],
        "law_explanation": "Section 17(i) states that no person shall be protected due to any agreement because of willful or bad faith engagement in conduct constituting a breach of fiduciary duty. By omitting the clause that specifically makes Integrity liable for 'willful misfeasance, bad faith, or gross negligence,' the contract becomes unenforceable. Therefore, it makes the contract contradictory to said law.",
        "location": "Section 4.1",
        "scraped_snippet_1": "This page is better viewed with a JavaScript enabled browser. Document not Found Document not found The document you were looking for does not exist. Click here to close this window, or click here to go back.",
        "scraped_snippet_2": "Please help us improve our site! × No thank you 17 CFR § 270.17j-1 - Personal investment activities of investment company personnel. CFR Table of Popular Names prev | next § 270.17j-1 Personal investment activities of investment company personnel. (a) Definitions. For purposes of this section: (1) Access person means: (i) Any Advisory Person of a Fund or of a Fund 's investment adviser. If an investment adviser's primary business is advising Funds or other advisory clients, all of the investment adviser's directors, officers, and general partners are presumed to be Access Persons of any Fund advised by the investment adviser. All of a Fund 's directors, officers, and general partners are presumed to be Access Persons of the Fund . (ii) Any director, officer or general partner of a principal underwriter who, in the ordinary course of business, makes, participates in or obtains information regarding, the purchase or sale of Covered Securities by the Fund for which the principal underwriter acts, or whose functions or duties in the ordinary course of business relate to the making of any recommendation to the Fund regarding the purchase or sale of Covered Securities. (2) Advisory person of a Fund or of a Fund 's investment adviser means: (i) Any director, officer, general partner or employee of the Fund or investment adviser (or of any company in a control relationship to the Fund or investment adviser) who, in connection with his or her regular functions or duties, makes, participates in, or obtains information regarding, the purchase or sale of Covered Securities by a Fund , or whose functions relate to the making of any recommendations with respect to such purchases or sales; and (ii) Any natural person in a control relationship to the Fund or investment adviser who obtains information concerning recommendations made to the Fund with regard to the purchase or sale of Covered Securities by the Fund . (3) Control has the same meaning as in section 2(a)(9) of the Act [ 15 U.S.C. 80a-2(a)(9) ]. (4) Covered security means a security as defined in section 2(a)(36) of the Act [ 15 U.S.C. 80a-2(a)(36) ], except that it does not include: (i) Direct obligations of the Government of the United States; (ii) Bankers' acceptances, bank certificates of deposit, commercial paper and high quality short-term debt instruments, including repurchase agreements; and (iii) Shares issued by open-end Funds. (5) Fund means an investment company registered under the Investment Company Act . (6) An Initial public offering means an offering of securities registered under the Securities Act of 1933 [ 15 U.S.C. 77a ], the issuer of which, immediately before the registration, was not subject to the reporting requirements of sections 13 or 15(d) of the Securities Exchange Act of 1934 [ 15 U.S.C. 78m or 78o(d) ]. (7) Investment personnel of a Fund or of a Fund 's investment adviser means: (i) Any employee of the Fund or investment adviser (or of any company in a control relationship to the Fund or investment adviser) who, in connection with his or her regular functions or duties, makes or participates in making recommendations regarding the purchase or sale of securities by the Fund . (ii) Any natural person who controls the Fund or investment adviser and who obtains information concerning recommendations made to the Fund regarding the purchase or sale of securities by the Fund . (8) A Limited offering means an offering that is exempt from registration under the Securities Act of 1933 pursuant to section 4(a)(2) or section 4(a)(5) [ 15 U.S.C. 77d(a)(2) or 77d(a)(5) ] or pursuant to rule 504, or rule 506 [ 17 CFR 230.504 or 230.506 ] under the Securities Act of 1933 . (9) Purchase or sale of a covered security includes, among other things, the writing of an option to purchase or sell a Covered Security . (10) Security held or to be acquired by a Fund means: (i) Any Covered Security which, within the most recent 15 days: (A) Is or has been held by the Fund ; or (B)",
        "scrape_success": 2
      }
    ]
  }
]