[
  {
    "file_name": "LIMEENERGYCO_09_09_1999-EX-10-DISTRIBUTORAGREEMENT.txt",
    "perturbation": [
      {
        "type": "Omissions - Omission Legal Contradiction",
        "original_text": "Company warrants that the Products will be designed, manufactured, constructed, assembled and packaged in a workmanlike manner and that such Products shall be fully functional and fit for their intended purposes. Company further warrants that the Products sold hereunder shall be free from defects in design, materials and workmanship for a period of twenty-four (24) months after delivery to Distributor's end-user. The Company shall not be liable for defective Products, except as provided in this Agreement. The Distributor at all times shall comply with all requirements of the Magnuson-Moss Warranty-Federal Trade Commission Improvement Act and similar federal and state laws and regulations.",
        "changed_text": "Company warrants that the Products will be designed, manufactured, constructed, assembled and packaged in a workmanlike manner and that such Products shall be fully functional and fit for their intended purposes. Company further warrants that the Products sold hereunder shall be free from defects in design, materials and workmanship. The Company shall not be liable for defective Products, except as provided in this Agreement.",
        "explanation": "The removal of the 24-month warranty period and the omission of the statement requiring compliance with the Magnuson-Moss Warranty Act weakens consumer protection. This creates a legal risk, because the products do have to comply, and customers can have implied rights beyond the written warranty, and the contract should not try to imply otherwise.",
        "contradicted_law": "Magnuson-Moss Warranty Act",
        "law_citation": "15 U.S. Code § 2302",
        "law_url1": [
          "https://www.law.cornell.edu/topn/magnuson-moss_warranty_federal_trade_commission_improvement_act"
        ],
        "law_url2": [
          "https://www.ftc.gov/legal-library/browse/statutes/magnuson-moss-warranty-federal-trade-commission-improvement-act"
        ],
        "law_explanation": "By omitting the requirement to comply with the Magnuson-Moss Warranty Act and removing the explicit warranty period, the modified text contradicts the Act's provisions for clear and conspicuous disclosure of warranty terms for consumer products exceeding a certain price threshold. Consumers are not clearly informed of their warranty rights and the obligations of the warrantor.",
        "location": "Section 3.3",
        "scraped_snippet_1": null,
        "scraped_snippet_2": null,
        "scrape_success": 0
      },
      {
        "type": "Omissions - Omission Legal Contradiction",
        "original_text": "Distributor shall pay Company within thirty (30) days of Distributor's or, as the case may be, the end-user's receipt of Products.",
        "changed_text": "Distributor shall pay Company as per a payment schedule determined by the Company at its sole discretion.",
        "explanation": "Changing the payment terms to be determined by the company at its sole discretion omits the previously agreed-upon thirty (30) day payment window. This could potentially violate Illinois' Sales Representative Act (820 ILCS 120/2) if the distributor is considered a sales representative, as it affects the timing of commission payments.",
        "contradicted_law": "Illinois Sales Representative Act",
        "law_citation": "820 ILCS 120/2",
        "law_url1": [
          "http://www.ilga.gov/legislation/ilcs/ilcs3.asp?ActID=2387&ChapterID=68"
        ],
        "law_url2": [
          "https://casetext.com/statute/illinois-compiled-statutes/chapter-820-employment/act-illinois-sales-representative-act/section-1202-definitions"
        ],
        "law_explanation": "The modification gives the Company unilateral control over the payment schedule, potentially delaying payments to the Distributor and thus violating 820 ILCS 120/2, which requires timely payment of commissions to sales representatives upon termination of the agreement or at specified intervals during the agreement if such intervals are agreed upon in the contract.",
        "location": "Section 2.7",
        "scraped_snippet_1": "820 ILCS 5/ Labor Dispute Act. Home Legislation & Laws Senate House My Legislation Site Map Bills & Resolutions Compiled Statutes Public Acts Legislative Reports IL Constitution Legislative Guide Legislative Glossary Search By Number (example: HB0001) Search Tips Search By Keyword Search Tips Advanced Search Illinois Compiled Statutes Back to Act Listing Public Acts Search Guide Disclaimer Printer-Friendly Version Information maintained by the Legislative Reference Bureau Updating the database of the Illinois Compiled Statutes (ILCS) is an ongoing process. Recent laws may not yet be included in the ILCS database, but they are found on this site as Public Acts soon after they become law. For information concerning the relationship between statutes and Public Acts, refer to the Guide . Because the statute database is maintained primarily for legislative drafting purposes, statutory changes are sometimes included in the statute database before they take effect. If the source note at the end of a Section of the statutes includes a Public Act that has not yet taken effect, the version of the law that is currently in effect may have already been removed from the database and you should refer to that Public Act to see the changes made to the current law. EMPLOYMENT (820 ILCS 5/) Labor Dispute Act. 820 ILCS 5/1 (820 ILCS 5/1) (from Ch. 48, par. 2a) Sec. 1. No restraining order, award of monetary damages, except for damage done to an employer's property as a result of conduct prohibited by law, or injunction shall be granted by any court of this State in any case involving or growing out of a dispute concerning terms or conditions of employment, enjoining or restraining any person or persons, either singly or in concert, from terminating any relation of employment or from ceasing to perform any work or labor, or from peaceably and without threats or intimidation recommending, advising, or persuading others so to do; or from peaceably and without threats or intimidation being up",
        "scraped_snippet_2": null,
        "scrape_success": 1
      },
      {
        "type": "Omissions - Omission Legal Contradiction",
        "original_text": "Products do not cause harmful emissions or other environmental hazards and Products do not violate or infringe any patents, copyrights, trademarks or other rights of nay third party(ies). Company further represents and warrants that its Products will perform as advertised and promoted by the Company, and will be approved or certified by Underwriters Laboratory.",
        "changed_text": "Company represents and warrants that its Products will perform as advertised and promoted by the Company.",
        "explanation": "Removing the assertion that products do not cause environmental harm or infringe on third-party rights and the UL certification requirement creates a potential legal issue related to product safety and compliance. In Illinois, products must adhere to environmental regulations, and making assertions without proof could result in legal challenges.",
        "contradicted_law": "Illinois Environmental Protection Act",
        "law_citation": "415 ILCS 5/9",
        "law_url1": [
          "http://www.ilga.gov/legislation/ilcs/ilcs3.asp?ActID=767&ChapterID=15"
        ],
        "law_url2": [
          "https://www.epa.illinois.gov/topics/air-quality/index"
        ],
        "law_explanation": "By removing the representation that the Products do not cause harmful emissions or other environmental hazards, the modified text increases the risk of violating the Illinois Environmental Protection Act. The Act regulates air emissions and other environmental impacts; the original clause provides a baseline assurance which, when removed, shifts the burden of environmental compliance assurance entirely onto the Distributor, potentially leading to violations if the Products are, in fact, environmentally harmful.",
        "location": "Section 5.1",
        "scraped_snippet_1": "es a Public Act that has not yet taken effect, the version of the law that is currently in effect may have already been removed from the database and you should refer to that Public Act to see the changes made to the current law. ( ) 55 ILCS 115/0.01 (55 ILCS 115/0.01) (from Ch. 125, par. 90) Sec. 0.01. Short title. This Act may be cited as the Junior Deputy Sheriff Act. (Source: P.A. 86-1324.) 55 ILCS 115/1 (55 ILCS 115/1) (from Ch. 125, par. 91) Sec. 1. The county board of each county may appropriate not more than $10,000 per annum for the use by the county sheriff in establishing and maintaining a junior deputy sheriff program for children from 10 to 16 years of age. (Source: Laws 1967, p. 3502.) 55 ILCS 115/2 (55 ILCS 115/2) (from Ch. 125, par. 92) Sec. 2. Before such appropriation is approved, the sheriff must present to the county board his outline of how the junior deputy sheriff program will operate. In this presentation, the sheriff should demonstrate that this program will educate the children of the county as to the rights, duties and obligations of a citizen of this State and should show that the program is designed to acquaint these children with the work of law enforcement agencies and officers. (Source: Laws 1967, p. 3502.) 55 ILCS 115/3 (55 ILCS 115/3) (from Ch. 125, par. 93) Sec. 3. At least once each month, the sheriff shall hold meetings of the junior deputy sheriff program at such places in the county as he deems necessary. Through the use of films, speakers, discussions and other similar methods of instruction, these meetings shall educate the children as to the rights, duties and obligations of a citizen and acquaint them with the work of law enforcement agencies and officers. (Source: Laws 1967, p. 3502.) 55 ILCS 115/4 (55 ILCS 115/4) (from Ch. 125, par. 94) Sec. 4. Identification cards, in a form prepared or approved by the county sheriff, shall be presented to all children who attend these meetings. (Source: Laws 1967, p. 3502.) 55 ILCS 115/5 (55 ILCS 115/5) (from Ch. 125, par. 95) Sec. 5. The county sheriff may establish programs of awards for attendance, participation and achievement in order to encourage children to actively participate in the junior deputy sheriff program. (Source: Laws 1967, p. 3502.) Top Home | Legislation & Laws | House | Senate | My Legislation | Disclaimers | Email This site is maintained for the Illinois General Assembly by the Legislative Information System, 705 Stratton Building, Springfield, Illinois 62706 Contact ILGA Webmaster",
        "scraped_snippet_2": null,
        "scrape_success": 1
      }
    ]
  }
]