[
  {
    "file_name": "CerenceInc_20191002_8-K_EX-10.4_11827494_EX-10.4_IntellectualPropertyAgreement.txt",
    "perturbation": [
      {
        "type": "Omissions - Omission Legal Contradiction",
        "original_text": "Any disputes relating to, arising out of or resulting from this Agreement, including to its execution, performance, or enforcement, shall be governed by, and construed in accordance with, the Laws of the State of Delaware, regardless of the Laws that might otherwise govern under applicable principles of conflicts of Laws thereof. Each Party irrevocably consents to the exclusive jurisdiction, forum and venue of the Delaware Court of Chancery (and if the Delaware Court of Chancery shall be unavailable, any Delaware State court or the federal court sitting in the State of Delaware) over any and all claims, disputes, controversies or disagreements between the Parties or any of their respective Affiliates, successors and assigns under or related to this Agreement or any of the transactions contemplated hereby, including their execution, performance or enforcement, whether in contract, tort or otherwise.",
        "changed_text": "Any disputes relating to, arising out of or resulting from this Agreement, including to its execution, performance, or enforcement, shall be governed by, and construed in accordance with, the Laws of the State of Delaware, regardless of the Laws that might otherwise govern under applicable principles of conflicts of Laws thereof. Each Party consents to the jurisdiction, forum and venue as determined appropriate by the other Party.",
        "explanation": "By removing the explicit consent to Delaware courts and replacing it with a clause allowing one party to unilaterally determine jurisdiction, the contract violates principles of fair contracting and could potentially force the other party into an unfavorable or inaccessible jurisdiction. This could be seen as a violation of good faith and fair dealing, especially if the chosen jurisdiction has no connection to the contract or the parties involved. This introduces legal risk by making the enforceability of the agreement questionable, particularly if it is challenged on the grounds of unfairness or unconscionability. ",
        "contradicted_law": "Implied Covenant of Good Faith and Fair Dealing",
        "law_citation": "Delaware law regarding contracts requires good faith and fair dealing in performance and enforcement.",
        "law_url1": [
          "https://corporate.findlaw.com/litigation-disputes/implied-duty-of-good-faith-and-fair-dealing.html"
        ],
        "law_url2": [
          "https://www.law.cornell.edu/wex/good_faith"
        ],
        "law_explanation": "This modification contradicts Delaware contract law because the unilateral jurisdiction clause undermines the principle of fair dealing by potentially subjecting one party to a forum that is inconvenient, biased, or otherwise prejudicial. Delaware law implies a covenant of good faith and fair dealing in every contract, and this change could be viewed as a violation of that covenant.",
        "location": "Section 11.03",
        "scraped_snippet_1": null,
        "scraped_snippet_2": "good faith | Wex | US Law | LII / Legal Information Institute Please help us improve our site! × No thank you good faith Good faith is a broad term that’s used to encompass honest dealing. Depending on the exact setting, good faith may require an honest belief or purpose, faithful performance of duties , observance of fair dealing standards, or an absence of fraudulent intent . A fiduciary relationship creates a duty of good faith between the agent and the principal . The breach of this duty of good faith can lead to liability . Failure to act in good faith is known as bad faith and is generally considered to be a level of culpability greater than negligence . [Last reviewed in January of 2023 by the Wex Definitions Team ] Wex COMMERCE business law contracts wex definitions business sectors legal education and practice Wex Toolbox",
        "scrape_success": 1
      },
      {
        "type": "Omissions - Omission Legal Contradiction",
        "original_text": "EACH PARTY HEREBY WAIVES ITS RIGHTS TO A JURY TRIAL OF ANY CLAIM OR CAUSE OF ACTION RELATING TO, ARISING OUT OF OR RESULTING FROM THIS AGREEMENT OR THE TRANSACTIONS CONTEMPLATED HEREBY, INCLUDING THEIR EXECUTION, PERFORMANCE OR ENFORCEMENT, WHETHER IN CONTRACT, TORT OR OTHERWISE. THE SCOPE OF THIS WAIVER IS INTENDED TO BE ALL-ENCOMPASSING OF ANY AND ALL DISPUTES THAT MAY BE FILED IN ANY COURT AND THAT RELATE TO THE SUBJECT MATTER OF THIS TRANSACTION, INCLUDING CONTRACT CLAIMS, TORT CLAIMS (INCLUDING NEGLIGENCE), BREACH OF DUTY CLAIMS AND ALL OTHER COMMON LAW AND STATUTORY CLAIMS. THIS SECTION HAS BEEN FULLY DISCUSSED BY EACH OF THE PARTIES AND THESE PROVISIONS WILL NOT BE SUBJECT TO ANY EXCEPTIONS.",
        "changed_text": "EACH PARTY HEREBY WAIVES ITS RIGHTS TO A JURY TRIAL OF ANY CLAIM OR CAUSE OF ACTION RELATING TO, ARISING OUT OF OR RESULTING FROM THIS AGREEMENT OR THE TRANSACTIONS CONTEMPLATED HEREBY, INCLUDING THEIR EXECUTION, PERFORMANCE OR ENFORCEMENT, WHETHER IN CONTRACT, TORT OR OTHERWISE.",
        "explanation": "By removing the statement \"THIS SECTION HAS BEEN FULLY DISCUSSED BY EACH OF THE PARTIES AND THESE PROVISIONS WILL NOT BE SUBJECT TO ANY EXCEPTIONS\" there is no longer evidence that this Jury Trial Waiver was knowingly and voluntarily agreed upon. Many jurisdictions require waivers to be explicit, knowing, and voluntary.",
        "contradicted_law": "Knowing and Voluntary Waiver of Jury Trial",
        "law_citation": "Delaware Constitution, Article I, § 4",
        "law_url1": [
          "https://delcode.delaware.gov/constitution/art1/"
        ],
        "law_url2": [
          "https://casetext.com/statute/delaware-constitution/article-i/section-4-trial-by-jury-composition-of-jury-exceptions"
        ],
        "law_explanation": "This modification potentially contradicts Delaware law regarding the waiver of jury trials. While Delaware generally permits jury trial waivers, courts closely scrutinize them to ensure they are knowing, voluntary, and intelligent. By deleting the acknowledgement that the clause was 'fully discussed,' the contract weakens the evidence that the waiver was truly voluntary and understood, potentially rendering it unenforceable under Delaware law and Article I, § 4 of the Delaware Constitution, which guarantees the right to a jury trial.",
        "location": "Section 11.04",
        "scraped_snippet_1": null,
        "scraped_snippet_2": null,
        "scrape_success": 0
      },
      {
        "type": "Omissions - Omission Legal Contradiction",
        "original_text": "In accordance with Section 11.03 and Section 11.04, at any time after giving notice of a Dispute, each Party shall be entitled to interim measures of protection duly granted by a court of competent jurisdiction: (1) to preserve the status quo pending resolution of the Dispute; (2) to prevent the destruction or loss of documents and other information or things relating to the Dispute; or (3) to prevent the transfer, disposition or hiding of assets. Any such interim measure (or a request therefor to a court of competent jurisdiction) shall not be deemed incompatible with the provisions of Section 11.02, Section 11.03 and Section 11.04. Until such Dispute is resolved in accordance with Section 11.02 or final judgment is rendered in accordance with Section 11.03 and Section 11.04, each Party agrees that such Party shall continue to perform its obligations under this Agreement and that such obligations shall not be subject to any defense or setoff, counterclaim, recoupment or termination.",
        "changed_text": "At any time after giving notice of a Dispute, each Party may seek interim measures of protection. Until such Dispute is resolved, each Party agrees that such Party shall continue to perform its obligations under this Agreement and that such obligations shall not be subject to any defense or setoff, counterclaim, recoupment or termination.",
        "explanation": "By removing the requirement that interim measures of protection must be “duly granted by a court of competent jurisdiction” and removing the specific allowance of seeking interim protection to “prevent the destruction or loss of documents and other information or things relating to the Dispute; or to prevent the transfer, disposition or hiding of assets”, the contract now implies a far weaker protection of these measures. This potentially allows a party to pursue interim measures unilaterally without any need for legal oversight, which is not consistent with due process.",
        "contradicted_law": "Due Process Requirements for Interim Relief",
        "law_citation": "U.S. Constitution, Amendment V and XIV",
        "law_url1": [
          "https://constitution.congress.gov/browse/amendment-5/"
        ],
        "law_url2": [
          "https://constitution.congress.gov/browse/amendment-14/"
        ],
        "law_explanation": "This modification could be seen as conflicting with the Due Process Clause of the Fifth and Fourteenth Amendments of the U.S. Constitution. The Due Process Clause requires notice and an opportunity to be heard before a person is deprived of property or rights. By removing the requirement for court oversight of interim protective measures, the contract could potentially allow one party to take actions that affect the other party's rights or property without due process, making the agreement vulnerable to legal challenge.",
        "location": "Section 11.05",
        "scraped_snippet_1": null,
        "scraped_snippet_2": null,
        "scrape_success": 0
      }
    ]
  }
]