[
  {
    "file_name": "PACIRAPHARMACEUTICALS,INC.-A_RSTRATEGICLICENSING,DISTRIBUTIONANDMARKETINGAGREEMENT.txt",
    "perturbation": [
      {
        "type": "Omissions - Omission Legal Contradiction",
        "original_text": "Each Party shall maintain, at its own cost, comprehensive product liability insurance, general commercial liability insurance and business interruption insurance at a level which is reasonable and customary taking into account the nature of the Product but which shall have combined limits of not less than $[**] per occurrence. Such insurance shall be with a reputable insurance company and where reasonably possible (taking into account the availability of such insurance) shall be maintained for not less than [**] ([**]) years following the expiry or termination of this Agreement. During the Term, neither Party shall do or omit to do any act, matter or thing which could prejudice or render voidable any such insurance. Each Party will provide to the other Party evidence of its insurance and thirty (30) days prior written notice of any cancellation of its coverage or reduction in coverage from the requirements stated herein.",
        "changed_text": "Each Party shall maintain, at its own cost, product liability insurance, general commercial liability insurance and business interruption insurance. Such insurance shall be with a reputable insurance company. During the Term, neither Party shall do or omit to do any act, matter or thing which could prejudice or render voidable any such insurance. Each Party will provide to the other Party evidence of its insurance.",
        "explanation": "Removing the 'comprehensive' requirement, the minimum coverage limit, and the requirement to maintain insurance for a specific period after the agreement significantly weakens the insurance clause. This creates potential legal issues, as standard insurance policies may not adequately cover all risks associated with pharmaceutical products, and the lack of a minimum coverage amount leaves the indemnified party vulnerable. By removing 'thirty (30) days prior written notice of any cancellation of its coverage or reduction in coverage from the requirements stated herein', this introduces a greater risk of not knowing the other party is not insured.",
        "contradicted_law": "Breach of Contract and Negligence leading to Inadequate Coverage",
        "law_citation": "New York General Business Law § 391-i",
        "law_url1": [
          "https://law.justia.com/codes/new-york/general-business-law/article-26/391-i/"
        ],
        "law_url2": [
          "https://codes.findlaw.com/ny/general-business-law/gbs-sect-391-i.html"
        ],
        "law_explanation": "This section states, in part, \"Whenever a contract or lease of any personal property ... contains a provision substantially providing that the person hiring ... shall purchase insurance ... such contract or lease shall also contain a statement ... substantially advising the hirer ... that the insurance company ... is required to comply with all the provisions of the insurance law of this state.\" The removal of the minimum coverage and cancellation notification, combined with the vague wording, creates a scenario where the level of coverage may not meet customary and reasonable standards for product liability, leading to potential breach of contract and negligence claims if insufficient coverage results in uncovered losses.",
        "location": "10.6",
        "scraped_snippet_1": null,
        "scraped_snippet_2": "New York Consolidated Laws, General Business Law - GBS § 391-i | FindLaw New York Consolidated Laws, General Business Law - GBS § 391-i. Sale of urea-formaldehyde foam insulation; notice Current as of January 01, 2024 | Updated by FindLaw Staff 1. As used in this section, the term “ urea-formaldehyde foam insulation ” shall mean urea-formaldehyde based, foamed-in-place insulation. 2. Any person, firm or corporation which sells or installs urea-formaldehyde foam insulation shall give written notice to the purchaser of such insulation or the owner of the building wherein such insulation is installed, stating as follows: “This insulation is urea-formaldehyde based and may emit formaldehyde. After installation of this product, some people have experienced adverse physical effects from formaldehyde emissions, including unpleasant odor, watery eyes, and nose and throat irritations. These conditions may be alleviated by introducing fresh air into the building. Exposure to urea-formaldehyde foam insulation is not recommended for persons who have been previously sensitized to formaldehyde, or who have a history of respiratory problems. Urea-formaldehyde foam insulation is not recommended for use in attics, below grade or wall cavities deeper than six inches. Urea-formaldehyde foam is not recommended unless the outside vertical walls have an air source. YOU MAY CANCEL THIS SALE WITHIN THREE DAYS To cancel the sale, you must notify the company in writing anytime before midnight of the third business day after the contract date. No explanation is necessary for cancellation.” 3. Such notice shall be printed or written in a size equal to at least ten point type and be placed at the beginning of any sales contract. 4. Violation of this section shall be punishable by a civil penalty of not more than two hundred fifty dollars for the first offense and not more than one thousand dollars for each subsequent offense. Back to chapter list Previous part of code Next part of code Back to chapter list Copy Cite this article: FindLaw.com - New York ",
        "scrape_success": 1
      },
      {
        "type": "Omissions - Omission Legal Contradiction",
        "original_text": "In the event that either Party becomes aware of any actual or suspected infringement or misuse of the PPI IP or Trademarks in the Territory by a Third Party (\"Third Party Infringement\"), it shall promptly notify the other Party and provide it with all details thereof in its possession.",
        "changed_text": "In the event that either Party becomes aware of any actual or suspected infringement or misuse of the PPI IP or Trademarks in the Territory by a Third Party (\"Third Party Infringement\"), it may notify the other Party.",
        "explanation": "By changing 'shall' to 'may,' the obligation to notify the other party about IP infringement is removed.  Failure to notify can cause significant financial damage.",
        "contradicted_law": "Lanham Act, 15 U.S. Code § 1114",
        "law_citation": "15 U.S. Code § 1114 - Remedies",
        "law_url1": [
          "https://www.law.cornell.edu/topn/trademark_infringement"
        ],
        "law_url2": [
          "https://uscode.house.gov/view.xhtml?req=granuleid%3AUSC-prelim-title15-chapter22&edition=prelim"
        ],
        "law_explanation": "This Act provides remedies for trademark infringement. By removing the mandatory notification, the non-notifying party may suffer damages (lost sales, brand damage) that could have been mitigated by a prompt legal response. The failure to notify hinders the ability to take timely legal action, potentially exacerbating damages and violating the implicit duty of good faith and fair dealing, creating grounds for legal action separate from the initial infringement.",
        "location": "14.1",
        "scraped_snippet_1": null,
        "scraped_snippet_2": "—TRADEMARKS SUBCHAPTER I—THE PRINCIPAL REGISTER Sec. 1051. Application for registration; verification. 1052. Trademarks registrable on principal register; concurrent registration. 1053. Service marks registrable. 1054. Collective marks and certification marks registrable. 1055. Use by related companies affecting validity and registration. 1056. Disclaimer of unregistrable matter. 1057. Certificates of registration. 1058. Duration, affidavits and fees. 1059. Renewal of registration. 1060. Assignment. 1061. Execution of acknowledgments and verifications. 1062. Publication. 1063. Opposition to registration. 1064. Cancellation of registration. 1065. Incontestability of right to use mark under certain conditions. 1066. Interference; declaration by Director. 1066a. Ex parte expungement. 1066b. Ex parte reexamination. 1067. Interference, opposition, and proceedings for concurrent use registration or for cancellation; notice; Trademark Trial and Appeal Board. 1068. Action of Director in interference, opposition, and proceedings for concurrent use registration or for cancellation. 1069. Application of equitable principles in inter partes proceedings. 1070. Appeals to Trademark Trial and Appeal Board from decisions of examiners. 1071. Appeal to courts. 1072. Registration as constructive notice of claim of ownership. SUBCHAPTER II—THE SUPPLEMENTAL REGISTER 1091. Supplemental register. 1092. Publication; not subject to opposition; cancellation. 1093. Registration certificates for marks on principal and supplemental registers to be different. 1094. Provisions of chapter applicable to registrations on supplemental register. 1095. Registration on principal register not precluded. 1096. Registration on supplemental register not used to stop importations. SUBCHAPTER III—GENERAL PROVISIONS 1111. Notice of registration; display with mark; recovery of profits and damages in infringement suit. 1112. Classification of goods and services; registration in plurality of classes. 1113. Fees. 1114. Remedies; infringement; innocent infringement by printers and publishers. 1115. Registration on principal register as evidence of exclusive right to use mark; defenses. 1116. Injunctive relief. 1117. Recovery for violation of rights. 1118. Destruction of infringing articles. 1119. Power of court over registration. 1120. Civil liability for false or fraudulent registration. 1121. Jurisdiction of Federal courts; State and local requirements that registered trademarks be altered or displayed differently; prohibition. 1121a. Transferred. 1122. Liability of United States and States, and instrumentalities and officials thereof. 1123. Rules and regulations for conduct of proceedings in Patent and Trademark Office. 1124. Importation of goods bearing infringing marks or names forbidden. 1125. False designations of origin, false descriptions, and dilution forbidden. 1126. International conventions. 1127. Construction and definitions; intent of chapter. 1128. Repealed. 1129. Transferred. SUBCHAPTER IV—THE MADRID PROTOCOL 1141. Definitions. 1141a. International applications based on United States applications or registrations. 1141b. Certification of the international application. 1141c. Restriction, abandonment, cancellation, or expiration of a basic application or basic registration. 1141d. Request for extension of protection subsequent to international registration. 1141e. Extension of protection of an international registration to the United States under the Madrid Protocol. 1141f. Effect of filing a request for extension of protection of an international registration to the United States. 1141g. Right of priority for request for extension of protection to the United States. 1141h. Examination of and opposition to request for extension of protection; notification of refusal. 1141i. Effect of extension of protection. 1141j. Dependence of extension of protection to the United States on the underlying international registration. 1141k. Duration, affidavits and fees. 1141l. A",
        "scrape_success": 1
      },
      {
        "type": "Omissions - Omission Legal Contradiction",
        "original_text": "The Parties shall consult with each other, in advance, with regard to the terms of all proposed press releases, public announcements and other public statements with respect to the transactions contemplated under this Agreement. The Parties acknowledge that they have issued a joint press release in the form set out in Schedule VI of this Agreement.",
        "changed_text": "The Parties may consult with each other with regard to proposed press releases and public statements with respect to this Agreement. The Parties acknowledge that they have issued a joint press release.",
        "explanation": "Changing 'shall consult, in advance, with regard to the terms of all proposed press releases...' to 'may consult' removes a critical control mechanism. This creates the potential for unilateral statements that could misrepresent the agreement, inflate expectations, or damage the reputation of one party. This could lead to securities law violations if one party makes misleading statements to investors.",
        "contradicted_law": "Securities Exchange Act of 1934, Section 10(b) and Rule 10b-5",
        "law_citation": "15 U.S. Code § 78j(b)",
        "law_url1": [
          "https://www.sec.gov/rules/final/34-42259.htm"
        ],
        "law_url2": [
          "https://www.law.cornell.edu/wex/securities_exchange_act_of_1934_(sea)"
        ],
        "law_explanation": "This section prohibits manipulative and deceptive devices in connection with the purchase or sale of securities. While not directly mandating press release consultation, the omission of mandatory consultation increases the risk of one party issuing misleading press releases that could artificially inflate or deflate the value of a company's stock, thus violating securities laws. The original clause provided a layer of protection against such occurrences, which is now removed.",
        "location": "11.4",
        "scraped_snippet_1": "to quantify precisely the amount of selective disclosure -- just as it is difficult to quantify precisely the amount of ordinary insider trading. Incidents of selective disclosure, like insider trading, by definition are not conducted openly and in public view. Nevertheless, we have noted numerous media reports in the past two years alleging selective, exclusionary disclosure practices. 11 More generally, surveys of practices of issuer personnel indicate significant acknowledgement of the use of selective disclosure of material information. 12 Based on these public reports, as well as our staff's experience, it is clear to us that the problem of selective disclosure is not limited, as some commenters have suggested, to just a few isolated incidents. Some commenters cited a February 2000 NIRI survey suggesting an improvement in issuer disclosure practices, in that most issuers responding to the survey now are opening certain of their conference calls to individual investors. 13 To the extent this demonstrates voluntary improvement in response to our efforts to focus attention on the problem, 14 we believe this is a positive development. However, these voluntary steps, while laudable, have been far from fully effective. We note, for example, that all of the public reports of selective disclosure cited above occurred after the Commission had begun to focus public attention on issuer selective disclosure. Some occurred even after we proposed Regulation FD. This suggests that the problematic practices targeted by Regulation FD are continuing to occur. Finally, the overwhelming support from investors for Regulation FD demonstrates a strong perception among the investing public that selective disclosure is a significant problem, and shows a corresponding need to prohibit this practice in order to bolster investor confidence in the fairness of the disclosure process. Some commenters contended that rulemaking on this topic was an inappropriately broad response to the issue. 15 They suggested instead that we use existing tools (namely, the law of insider trading) to bring individual enforcement actions in those cases that appear to involve significant selective disclosures. While we have considered this approach -- and of course we remain free to bring such cases where a selective disclosure does violate insider trading laws -- we do not agree that this is the appropriate response to the legal uncertainties posed by current insider trading law. In other contexts, we have been criticized for attempting to \"make new law\" in an uncertain area by means of enforcement action and urged instead to seek to change the law through notice-and-comment rulemaking. We believe that this rulemaking is the more careful and considered response to the problem presented by selective disclosure. 16 3. Effect of Regulation FD on Issuer Communications One frequently expressed concern was that Regulation FD would not lead to broader dissemination of information, but would in fact have a \"chilling effect\" on the disclosure of information by issuers. 17 In the view of these commenters, issuers would find it so difficult to determine when a disclosure of information would be \"material\" (and therefore subject to the regulation) that, rather than face potential liability and other consequences of violating Regulation FD, they would cease informal communications with the outside world altogether. 18 Some of these commenters therefore recommended that the Commission not adopt any mandatory rule prohibiting selective disclosure, like Regulation FD, but instead pursue voluntary means of addressing the problem, such as interpretive guidance, or the promotion of a \"blue ribbon\" panel to develop best practices for issuer disclosure. Other commenters recommended various ways that Regulation FD could be made narrower or more well-defined, in order to ameliorate some of the concerns about chilling. Other commenters, however, took issue with the supposition that issuer disclosu",
        "scraped_snippet_2": null,
        "scrape_success": 1
      }
    ]
  }
]