[
  {
    "file_name": "VEONEER,INC_02_21_2020-EX-10.11-JOINTVENTUREAGREEMENT.txt",
    "perturbation": [
      {
        "type": "Omissions - Omission Legal Contradiction",
        "original_text": "This Amendment shall be governed by and construed in accordance with the laws of Japan.",
        "changed_text": "This Amendment shall be governed by and construed in accordance with the laws of Sweden.",
        "explanation": "Changing the governing law from Japan to Sweden could potentially remove mandatory consumer protections that exist in Japan but not in Sweden, or vice versa, in areas such as dispute resolution or product liability depending on the context of the agreement.",
        "contradicted_law": "Japanese Consumer Contract Act (Act No. 61 of 2000)",
        "law_citation": "Act No. 61 of 2000",
        "law_url1": [
          "https://www.japaneselawtranslation.go.jp/en/laws/view/3693"
        ],
        "law_url2": [
          "https://www.cas.go.jp/jp/seisaku/ потребител/pdf/act_ потребител_contract.pdf"
        ],
        "law_explanation": "The Japanese Consumer Contract Act provides specific protections for consumers. By changing the governing law to Swedish law, the contract attempts to circumvent these protections, which may be legally challenged if the agreement concerns Japanese consumers or activities within Japan. This constitutes a legal contradiction and omission of consumer rights under Japanese law. Note that the second URL does not link directly to an english translation of the Act. Rather, it links to a japanese language document on consumer protection provided by the Cabinet Office.",
        "location": "Article 3",
        "scraped_snippet_1": " person may request the disclosure of a document or electronic or magnetic record so presented. ４ 裁判所は、前項後段の書面又は電磁的記録を開示してその意見を聴くことが必要であると認めるときは、当事者等、訴訟代理人又は補佐人に対し、当該書面又は当該電磁的記録を開示することができる。 (4) If the court finds it to be necessary to disclose a document or electronic or magnetic record as referred to in the second sentence of the preceding paragraph, so as to hear the opinion of a party or other such person, litigation representative, or assistant in court, the court may disclose the document or electronic or magnetic record to the person. ５ 裁判所は、第一項の規定により当該事項の尋問を公開しないで行うときは、公衆を退廷させる前に、その旨を理由とともに言い渡さなければならない。当該事項の尋問が終了したときは、再び公衆を入廷させなければならない。 (5) If questioning with regard to certain matters is to be held in camera pursuant to paragraph (1), the court must so declare and indicate its reasons for doing so prior to having the public leave the courtroom. Upon completion of questioning with regard to those matters, the court must allow the public to re-enter the courtroom. （信用回復の措置） (Measures to Restore Credibility) 第百六条 故意又は過失により特許権又は専用実施権を侵害したことにより特許権者又は専用実施権者の業務上の信用を害した者に対しては、裁判所は、特許権者又は専用実施権者の請求により、損害の賠償に代え、又は損害の賠償とともに、特許権者又は専用実施権者の業務上の信用を回復するのに必要な措置を命ずることができる。 Article 106 At the request of the patentee or exclusive licensee, the court may order a person that has harmed the business credibility of the patentee or exclusive licensee by intentionally or negligently infringing upon the patent right or violating the exclusive license to take measures necessary to restore the business credibility of the patentee or exclusive licensee in lieu of or beyond compensation for damages. 第三節 特許料 Section 3 Patent Fees （特許料） (Patent Fees) 第百七条 特許権の設定の登録を受ける者又は特許権者は、特許料として、特許権の設定の登録の日から第六十七条第一項に規定する存続期間（同条第四項の規定により延長されたときは、その延長の期間を加えたもの）の満了までの各年について、一件ごとに、六万千六百円を超えない範囲内で政令で定める額に一請求項につき四千八百円を超えない範囲内で政令で定める額を加えた額を納付しなければならない。 Article 107 (1) The person that obtains registration of establishing a patent right or a patentee must pay the amount specified by Cabinet Order not exceeding 61,600 yen plus the amount specified by Cabinet Order not exceeding 4,800 yen per claim, for each patent registration and in each year from the date of the registration establishing the patent right to expiration of the term prescribed in Article 67, paragraph (1) (and, if the term is extended pursuant to Article 67, paragraph (4), in each year of the additional period): ２ 前項の規定は、国に属する特許権には、適用しない。 (2) The preceding paragraph does not apply to patent rights belonging to the State. ３ 第一項の特許料は、特許権が国又は第百九条若しくは第百九条の二の規定若しくは他の法令の規定による特許料の軽減若しくは免除（以下この項において「減免」という。）を受ける者を含む者の共有に係る場合であつて持分の定めがあるときは、第一項の規定にかかわらず、国以外の各共有者ごとに同項に規定する特許料の金額（減免を受ける者にあつては、その減免後の金額）にその持分の割合を乗じて得た額を合算して得た額とし、国以外の者がその額を納付しなければならない。 (3) Notwithstanding the provisions of paragraph (1), if a patent right held under co-ownership with the State or a person entitled to receive a reduction in or exemption from patent fees as under Article 109, or Article 109-2, or other laws and regulations (hereinafter referred to as a \"reduction or exemption\" in this paragraph), and the co-owner's shares have been agreed upon, the amount of the patent fee provided for in paragraph (1) is the sum total calculated by first multiplying, for each co-owner other than the State, the applicable patent fees provided for in paragraph (1) (for a person receiving a reduction or exemption, this means the patent fee after the reduction or exemption) by the percentage that represents that person's share, and then adding together the amounts so arrived at, and this sum total must be paid by the persons other than the State. ４ 前項の規定により算定した特許料の金額に十円未満の端数があるときは、その端数は、切り捨てる。 (4) If the amount of patent fees as calculated pursuant to the preceding paragraph is not a multiple of ten yen, the amount of that patent fee is rounded down to the nearest multiple of ten yen. ５ 第一項の特許料の納付は、経済産業省令で定めるところにより、特許印紙をもつてしなければならない。ただし、経済産業省令で定める場合には、経済産業省令で定めるところにより、現金をもつて納めることができる。 (5) Payment for a patent fee referred to in paragraph (1) must be made with p",
        "scraped_snippet_2": null,
        "scrape_success": 1
      },
      {
        "type": "Omissions - Omission Legal Contradiction",
        "original_text": "Notwithstanding Article 1.1, Article 1.2 and Article 1.3 above, the Nissin Parties agree to cause each of VNBJ and VNBZ to comply with Sections 4.3.2 and 4.3.3 of the JV Agreement with respect to the indemnification or reimbursement, as applicable, of all Directors and Officers (except those individuals resigning pursuant to Section 6.2.6 of the VNBJ SPA and Section 6.2.6 of the VNBZ SPA) with respect to any Liabilities arising prior to the VNBJ Closing or the VNBZ Closing, as applicable.",
        "changed_text": "Notwithstanding Article 1.1, Article 1.2 and Article 1.3 above, the Nissin Parties agree to cause each of VNBJ and VNBZ to comply with Sections 4.3.2 of the JV Agreement with respect to the indemnification or reimbursement, as applicable, of Directors and Officers with respect to any Liabilities arising prior to the VNBJ Closing or the VNBZ Closing, as applicable.",
        "explanation": "By removing 'and 4.3.3' the range of indemnification is diminished, possibly removing liability coverage. This could affect mandatory D&O insurance requirements.",
        "contradicted_law": "Japan Companies Act (会社法)",
        "law_citation": "会社法 第430条 [Companies Act, Article 430]",
        "law_url1": [
          "http://www.japaneselawtranslation.go.jp/en/laws/view/3836"
        ],
        "law_url2": [
          "https://elaws.e-gov.go.jp/document?lawid=417AC0000000086"
        ],
        "law_explanation": "Article 430 of the Japan Companies Act pertains to the liability of directors and officers and the company's ability to indemnify them under certain conditions. By removing the clause that ensures compliance with Sections 4.3.3 of the JV Agreement, the modified text potentially weakens the directors' and officers' protection regarding liabilities, possibly contradicting the spirit and provisions related to D&O responsibilities under the Japan Companies Act. (The second link is a link to the japanese language electronic legal code.)",
        "location": "Article 2",
        "scraped_snippet_1": "National Spatial Planning Act - Japanese/English - Japanese Law Translation translate Japanese English Japanese/English Comparison Table close download Text (.txt) Word (.docx) PDF (.pdf) TMX (.tmx) close 国土形成計画法（昭和二十五年法律第二百五号） National Spatial Planning Act（Act No. 205 of 1950） 最終更新： 平成十七年法律第八十九号 Last Version： Act No. 89 of 2005 TOC History Check All Uncheck All  Table of Contents ▶ Main Provision ▶ Chapter I General Provisions Article 1 (Purpose) Article 2 (National Spatial Strategy) Article 3 (Basic Principles of the National Spatial Strategy) ▶ Chapter II Studies and Deliberations by the National Land Council Article 4 (Studies and Deliberations by the National Land Council) Article 5 (Publication of Abstracts of the Results) ▶ Chapter III Formulation of the National Spatial Strategy Article 6 (The National Plan) Article 7 (Policy Evaluation of the National Plan) Article 8 (Proposals for the National Plan) Article 9 (Greater Regional Plans) Article 10 (Council for the Greater Regional Plans) Article 11 (Proposals for the Greater Regional Plans) Article 12 (Coordination between Studies) ▶ Chapter IV Implementation of the National Spatial Strategy Article 13 (Coordination between the Greater Regional Plans) Article 14 (Recommendations on the Implementation of the National Spatial Strategy) ▶ Chapter V Auxiliary Provisions Article 15 (Coordination between the National Spatial Strategy and the Okinawa Promotion Plan) Article 16 (Provisions Governed by Cabinet Order) Supplementary Provisions Supplementary Provisions (Act No. 89 of 2005 Extract) September 13, 2021 Last Version: Act No. 89 of 2005 Translated Date: June 30, 2021 Dictionary Version: 14.0  国土形成計画法 National Spatial Planning Act 昭和二十五年五月二十六日法律第二百五号 Act No. 205 of May 26, 1950 目次 Table of Contents 第一章 総則（第一条－第三条） Chapter I General Provisions(Article 1 - Article 3) 第二章 国土審議会の調査審議等（第四条・第五条） Chapter II Studies and Deliberations by the National Land Council(Article 4 and Article 5) 第三章 国土形成計画の策定（第六条－第十二条） Chapter III Formulation of the National Spatial Strategy(Article 6 - Article 12) 第四章 国土形成計画の実施（第十三条・第十四条） Chapter IV Implementation of the National Spatial Strategy(Article 13 and Article 14) 第五章 補則（第十五条・第十六条） Chapter V Auxiliary Provisions(Article 15 and Article 16) 附 則 Supplementary Provisions 第一章 総則 Chapter I General Provisions （目的） (Purpose) 第一条 この法律は、国土の自然的条件を考慮して、経済、社会、文化等に関する施策の総合的見地から国土の利用、整備及び保全を推進するため、国土形成計画の策定その他の措置を講ずることにより、 国土利用計画法 （昭和四十九年法律第九十二号）による措置と相まつて、現在及び将来の国民が安心して豊かな生活を営むことができる経済社会の実現に寄与することを目的とする。 Article 1 The purpose of this Act is to promote the use, development and maintenance of the national land, from a comprehensive perspective of policies on the economy, society, culture, etc., taking into account the natural conditions of national land, by formulating the national spatial strategy and taking other measures, in combination with measures taken under the National Land Use Planning Act (Act No. 92 of 1974), and thereby to contribute to the realization of the economy and society where present and future generations living in Japan can lead a safe and fulfilling life. （国土形成計画） (National Spatial Strategy) 第二条 この法律において「国土形成計画」とは、国土の利用、整備及び保全（以下「国土の形成」という。）を推進するための総合的かつ基本的な計画で、次に掲げる事項に関するものをいう。 Article 2 (1) The term the \"national spatial strategy\" as used in this Act means the comprehensive and basic plan to promote the use, development and maintenance of the national land (hereinafter referred to as \"spatial planning\"), which is related to the following particulars: 一 土地、水その他の国土資源の利用及び保全に関する事項 (i) particulars concerning the utilization and conservation of national land resources including land and water; 二 海域の利用及び保全（ 排他的経済水域及び大陸棚に関する法律 （平成八年法律第七十四号）第一条第一項の排他的経済水域又は同法第二条の大陸棚における同法第三条第一項第一号から第三号までに規定する行為を含む。）に関する事項 (ii) particulars concerning the utilization and preservation of the sea areas (including conduct in which a person engages prescribed in Article 3, paragraph 1, items 1 through 3 of the Act on the Exclusive Economic Zone and the Continental",
        "scraped_snippet_2": "e-Gov æ³ä»¤æ¤ç´¢",
        "scrape_success": 2
      },
      {
        "type": "Omissions - Omission Legal Contradiction",
        "original_text": "This Amendment shall be governed by and construed in accordance with the laws of Japan.",
        "changed_text": "This Amendment shall be governed by and construed in accordance with the laws of Delaware.",
        "explanation": "Changing the governing law to Delaware, U.S.A. (from Japan) could potentially remove mandatory consumer protections that exist in Japan but not in Delaware, in areas such as dispute resolution or product liability depending on the context of the agreement. Japanese law often has stronger consumer protection clauses.",
        "contradicted_law": "Japanese Consumer Contract Act (Act No. 61 of 2000)",
        "law_citation": "Act No. 61 of 2000",
        "law_url1": [
          "https://www.japaneselawtranslation.go.jp/en/laws/view/3693"
        ],
        "law_url2": [
          "https://www.cas.go.jp/jp/seisaku/ потребител/pdf/act_ потребител_contract.pdf"
        ],
        "law_explanation": "The Japanese Consumer Contract Act provides specific protections for consumers. By changing the governing law to Delaware law, the contract attempts to circumvent these protections, which may be legally challenged if the agreement concerns Japanese consumers or activities within Japan. This constitutes a legal contradiction and omission of consumer rights under Japanese law. (The second URL does not link directly to an english translation of the Act. Rather, it links to a japanese language document on consumer protection provided by the Cabinet Office.)",
        "location": "Article 3",
        "scraped_snippet_1": " person may request the disclosure of a document or electronic or magnetic record so presented. ４ 裁判所は、前項後段の書面又は電磁的記録を開示してその意見を聴くことが必要であると認めるときは、当事者等、訴訟代理人又は補佐人に対し、当該書面又は当該電磁的記録を開示することができる。 (4) If the court finds it to be necessary to disclose a document or electronic or magnetic record as referred to in the second sentence of the preceding paragraph, so as to hear the opinion of a party or other such person, litigation representative, or assistant in court, the court may disclose the document or electronic or magnetic record to the person. ５ 裁判所は、第一項の規定により当該事項の尋問を公開しないで行うときは、公衆を退廷させる前に、その旨を理由とともに言い渡さなければならない。当該事項の尋問が終了したときは、再び公衆を入廷させなければならない。 (5) If questioning with regard to certain matters is to be held in camera pursuant to paragraph (1), the court must so declare and indicate its reasons for doing so prior to having the public leave the courtroom. Upon completion of questioning with regard to those matters, the court must allow the public to re-enter the courtroom. （信用回復の措置） (Measures to Restore Credibility) 第百六条 故意又は過失により特許権又は専用実施権を侵害したことにより特許権者又は専用実施権者の業務上の信用を害した者に対しては、裁判所は、特許権者又は専用実施権者の請求により、損害の賠償に代え、又は損害の賠償とともに、特許権者又は専用実施権者の業務上の信用を回復するのに必要な措置を命ずることができる。 Article 106 At the request of the patentee or exclusive licensee, the court may order a person that has harmed the business credibility of the patentee or exclusive licensee by intentionally or negligently infringing upon the patent right or violating the exclusive license to take measures necessary to restore the business credibility of the patentee or exclusive licensee in lieu of or beyond compensation for damages. 第三節 特許料 Section 3 Patent Fees （特許料） (Patent Fees) 第百七条 特許権の設定の登録を受ける者又は特許権者は、特許料として、特許権の設定の登録の日から第六十七条第一項に規定する存続期間（同条第四項の規定により延長されたときは、その延長の期間を加えたもの）の満了までの各年について、一件ごとに、六万千六百円を超えない範囲内で政令で定める額に一請求項につき四千八百円を超えない範囲内で政令で定める額を加えた額を納付しなければならない。 Article 107 (1) The person that obtains registration of establishing a patent right or a patentee must pay the amount specified by Cabinet Order not exceeding 61,600 yen plus the amount specified by Cabinet Order not exceeding 4,800 yen per claim, for each patent registration and in each year from the date of the registration establishing the patent right to expiration of the term prescribed in Article 67, paragraph (1) (and, if the term is extended pursuant to Article 67, paragraph (4), in each year of the additional period): ２ 前項の規定は、国に属する特許権には、適用しない。 (2) The preceding paragraph does not apply to patent rights belonging to the State. ３ 第一項の特許料は、特許権が国又は第百九条若しくは第百九条の二の規定若しくは他の法令の規定による特許料の軽減若しくは免除（以下この項において「減免」という。）を受ける者を含む者の共有に係る場合であつて持分の定めがあるときは、第一項の規定にかかわらず、国以外の各共有者ごとに同項に規定する特許料の金額（減免を受ける者にあつては、その減免後の金額）にその持分の割合を乗じて得た額を合算して得た額とし、国以外の者がその額を納付しなければならない。 (3) Notwithstanding the provisions of paragraph (1), if a patent right held under co-ownership with the State or a person entitled to receive a reduction in or exemption from patent fees as under Article 109, or Article 109-2, or other laws and regulations (hereinafter referred to as a \"reduction or exemption\" in this paragraph), and the co-owner's shares have been agreed upon, the amount of the patent fee provided for in paragraph (1) is the sum total calculated by first multiplying, for each co-owner other than the State, the applicable patent fees provided for in paragraph (1) (for a person receiving a reduction or exemption, this means the patent fee after the reduction or exemption) by the percentage that represents that person's share, and then adding together the amounts so arrived at, and this sum total must be paid by the persons other than the State. ４ 前項の規定により算定した特許料の金額に十円未満の端数があるときは、その端数は、切り捨てる。 (4) If the amount of patent fees as calculated pursuant to the preceding paragraph is not a multiple of ten yen, the amount of that patent fee is rounded down to the nearest multiple of ten yen. ５ 第一項の特許料の納付は、経済産業省令で定めるところにより、特許印紙をもつてしなければならない。ただし、経済産業省令で定める場合には、経済産業省令で定めるところにより、現金をもつて納めることができる。 (5) Payment for a patent fee referred to in paragraph (1) must be made with p",
        "scraped_snippet_2": null,
        "scrape_success": 1
      }
    ]
  }
]