[
  {
    "file_name": "DovaPharmaceuticalsInc_20181108_10-Q_EX-10.2_11414857_EX-10.2_PromotionAgreement.txt",
    "perturbation": [
      {
        "type": "Omissions - Omission Legal Contradiction",
        "original_text": "In conducting the Valeant Activities hereunder, Valeant shall, and shall require all Field Force Personnel to, comply in all respects with Applicable Laws. In addition, Dova shall, and shall require all of its sales representatives to, comply in all respects with Applicable Laws in connection with its promotion of the Product in the Territory.",
        "changed_text": "In conducting the Valeant Activities hereunder, Valeant shall, and shall require all Field Force Personnel to, use reasonable efforts to comply with Applicable Laws. In addition, Dova shall, and shall require all of its sales representatives to, use reasonable efforts to comply with Applicable Laws in connection with its promotion of the Product in the Territory.",
        "explanation": "The original text mandates full compliance with all applicable laws. Modifying it to require only 'reasonable efforts' introduces a legal loophole that weakens consumer protections, potentially allowing non-compliance. This creates legal risk by not ensuring adherence to mandatory legal standards.",
        "contradicted_law": "Federal Food, Drug, and Cosmetic Act",
        "law_citation": "21 U.S.C. § 331",
        "law_url1": [
          "https://www.fda.gov/regulatory-information/federal-food-drug-and-cosmetic-act"
        ],
        "law_url2": [
          "https://uscode.house.gov/view.xhtml?req=(title:21%20section:331%20edition:prelim)"
        ],
        "law_explanation": "21 U.S.C. § 331 prohibits the introduction or delivery for introduction into interstate commerce of any food, drug, device, tobacco product, or cosmetic that is adulterated or misbranded. By only requiring \"reasonable efforts\" to comply with applicable laws, the modification could allow the introduction of adulterated or misbranded drugs into interstate commerce, thereby violating the FDCA. Absolute compliance is expected here.",
        "location": "4.3.1",
        "scraped_snippet_1": null,
        "scraped_snippet_2": "21 USC 331: Prohibited acts Result 1 of 1 Current 2024 Main Ed. (1/6/2025) [Titles 1 through 6] 2018 Ed. and Supplement V (1/3/2024) 2018 Ed. and Supplement IV (1/5/2023) 2018 Ed. and Supplement III (1/3/2022) 2018 Ed. and Supplement II (1/13/2021) 2018 Ed. and Supplement I (1/24/2020) 2018 Main Ed. (1/14/2019) 2012 Ed. and Supplement V (1/12/2018) 2012 Ed. and Supplement IV (1/6/2017) 2012 Ed. and Supplement III (1/3/2016) 2012 Ed. and Supplement II (1/5/2015) 2012 Ed. and Supplement I (1/16/2014) 2012 Main Ed. (1/15/2013) 2006 Ed. and Supplement V (1/3/2012) 2006 Ed. and Supplement IV (1/7/2011) 2006 Ed. and Supplement III (2/1/2010) 2006 Ed. and Supplement II (1/5/2009) 2006 Ed. and Supplement I (1/8/2008) 2006 Main Ed. (1/3/2007) 2000 Ed. and Supplement V (1/2/2006) 2000 Ed. and Supplement IV (1/3/2005) 2000 Ed. and Supplement III (1/19/2004) 2000 Ed. and Supplement II (1/6/2003) 2000 Ed. and Supplement I (1/22/2002) 2000 Main Ed. (1/2/2001) 1994 Ed. and Supplement V (1/23/2000) 1994 Ed. and Supplement IV (1/5/1999) 1994 Ed. and Supplement III (1/26/1998) 1994 Ed. and Supplement II (1/6/1997) 1994 Ed. and Supplement I (1/16/1996) 1994 Main Ed. (1/4/1995) Back to Original Document << Previous TITLE 21 / CHAPTER 9 / SUBCHAPTER III / § 331 Next >> [Print] [Print selection] [OLRC Home] Help 21 USC 331 : Prohibited acts Text contains those laws in effect on April 16, 2025 From Title 21-FOOD AND DRUGS CHAPTER 9-FEDERAL FOOD, DRUG, AND COSMETIC ACT SUBCHAPTER III-PROHIBITED ACTS AND PENALTIES Jump To: Source Credit Miscellaneous References In Text Amendments Effective Date Regulations Savings Provision §331. Prohibited acts The following acts and the causing thereof are prohibited: (a) The introduction or delivery for introduction into interstate commerce of any food, drug, device, tobacco product, or cosmetic that is adulterated or misbranded. (b) The adulteration or misbranding of any food, drug, device, tobacco product, or cosmetic in interstate commerce. (c) The receipt in i",
        "scrape_success": 1
      },
      {
        "type": "Omissions - Omission Legal Contradiction",
        "original_text": "Valeant shall direct to Dova any unsolicited requests for off-label medical information from health care professionals with respect to the Product promptly following receipt by Valeant (but in no event later than [***] after receipt). Dova shall, within [***] following receipt of any such request from Valeant, address any such requests directly.",
        "changed_text": "Valeant may direct to Dova any unsolicited requests for off-label medical information from health care professionals with respect to the Product. Dova may, following receipt of any such request from Valeant, address any such requests.",
        "explanation": "The original text mandates Valeant to forward off-label medical information requests and Dova to address them within set timelines. The modified text makes both actions optional, creating a loophole that could lead to the neglect of important medical inquiries. This introduces legal risk by potentially violating regulations concerning the provision of accurate and complete medical information, which is vital for consumer safety.",
        "contradicted_law": "21 CFR 201.56 and 21 CFR 201.57",
        "law_citation": "21 CFR § 201.56 and 21 CFR § 201.57",
        "law_url1": [
          "https://www.ecfr.gov/current/title-21/chapter-I/subchapter-C/part-201/subpart-C/section-201.56"
        ],
        "law_url2": [
          "https://www.ecfr.gov/current/title-21/chapter-I/subchapter-C/part-201/subpart-C/section-201.57"
        ],
        "law_explanation": "These sections of the CFR detail requirements for prescription drug labeling, including adequate directions for use and contraindications. By making the handling of off-label information requests optional, the modification allows for a situation where healthcare professionals may not receive critical information regarding the appropriate or inappropriate uses of the drug, potentially leading to misuse and adverse events. This directly contradicts the labeling requirements designed to ensure safe and effective use.",
        "location": "5.5",
        "scraped_snippet_1": "eCFR :: 21 CFR 201.56 -- Requirements on content and format of labeling for human prescription drug and biological products. Site Feedback You are using an unsupported browser × You are using an unsupported browser. This web site is designed for the current versions of Microsoft Edge, Google Chrome, Mozilla Firefox, or Safari. × Site Feedback The Office of the Federal Register publishes documents on behalf of Federal agencies but does not have any authority over their programs. We recommend you directly contact the agency associated with the content in question. If you have comments or suggestions on how to improve the www.ecfr.gov website or have questions about using www.ecfr.gov, please choose the 'Website Feedback' button below. Website Feedback If you would like to comment on the current content, please use the 'Content Feedback' button below for instructions on contacting the issuing agency Content Feedback If you have questions for the Agency that issued the current document please contact the agency directly. × Website Feedback * Your Name * Email Attachment * How can we help you? * I am requesting technical help or providing website feedback This contact form is only for website help or website suggestions. If you have questions or comments regarding a published document please contact the publishing agency. Comments or questions about document content can not be answered by OFR staff. Please do not provide confidential information or personal data. Browse Titles Agencies Incorporation by Reference Recent Updates Search Recent Changes Corrections Reader Aids Reader Aids Home Using the eCFR Point-in-Time System Understanding the eCFR Government Policy and OFR Procedures Developer Resources My eCFR My Subscriptions Sign Out Sign In / Sign Up Sign In / Sign Up Hi, Sign Out eCFR The Electronic Code of Federal Regulations Enhanced Content :: FR Reference Enhanced content is provided to the user to provide additional context. Enhanced Content :: FR Reference Title 21 This content is ",
        "scraped_snippet_2": "eCFR :: 21 CFR 201.57 -- Specific requirements on content and format of labeling for human prescription drug and biological products described in § 201.56(b)(1). Site Feedback You are using an unsupported browser × You are using an unsupported browser. This web site is designed for the current versions of Microsoft Edge, Google Chrome, Mozilla Firefox, or Safari. × Site Feedback The Office of the Federal Register publishes documents on behalf of Federal agencies but does not have any authority over their programs. We recommend you directly contact the agency associated with the content in question. If you have comments or suggestions on how to improve the www.ecfr.gov website or have questions about using www.ecfr.gov, please choose the 'Website Feedback' button below. Website Feedback If you would like to comment on the current content, please use the 'Content Feedback' button below for instructions on contacting the issuing agency Content Feedback If you have questions for the Agency that issued the current document please contact the agency directly. × Website Feedback * Your Name * Email Attachment * How can we help you? * I am requesting technical help or providing website feedback This contact form is only for website help or website suggestions. If you have questions or comments regarding a published document please contact the publishing agency. Comments or questions about document content can not be answered by OFR staff. Please do not provide confidential information or personal data. Browse Titles Agencies Incorporation by Reference Recent Updates Search Recent Changes Corrections Reader Aids Reader Aids Home Using the eCFR Point-in-Time System Understanding the eCFR Government Policy and OFR Procedures Developer Resources My eCFR My Subscriptions Sign Out Sign In / Sign Up Sign In / Sign Up Hi, Sign Out eCFR The Electronic Code of Federal Regulations Enhanced Content :: FR Reference Enhanced content is provided to the user to provide additional context. Enhanced Content :: FR Reference Title 21 This content is from the eCFR and is authoritative but unofficial. Displaying title 21, up to date as of 4/15/20",
        "scrape_success": 2
      },
      {
        "type": "Omissions - Omission Legal Contradiction",
        "original_text": "Each Party shall provide reasonable written proof of the existence of such insurance to the other Party upon request.",
        "changed_text": "Each Party may, at its discretion, provide written proof of the existence of such insurance to the other Party.",
        "explanation": "The original text mandates the provision of written proof of insurance upon request. The change makes this provision discretionary, enabling a party to potentially avoid demonstrating it has adequate insurance coverage, increasing legal risk. This creates a potential violation of contractual obligations related to maintaining appropriate insurance coverage and providing verification of coverage.",
        "contradicted_law": "General Contract Law Principles - Breach of Contract",
        "law_citation": "Restatement (Second) of Contracts § 235",
        "law_url1": [
          "https://law.resource.org/restatement/contracts/"
        ],
        "law_url2": [
          "https://www.law.cornell.edu/wex/contract"
        ],
        "law_explanation": "Restatement (Second) of Contracts § 235 states that when a party breaches a contract, they are liable for damages resulting from the breach. By making proof of insurance discretionary, this clause weakens the ability of the other party to enforce the insurance provision, which is a standard risk mitigation measure. This contradiction creates a breach of contract scenario if adequate insurance isn't maintained and verified, leading to potential liability for damages incurred as a result of inadequate coverage.",
        "location": "11.5",
        "scraped_snippet_1": null,
        "scraped_snippet_2": "contract | Wex | US Law | LII / Legal Information Institute Please help us improve our site! × No thank you contract A contract is an agreement between parties , creating mutual obligations that are enforceable by law . The basic elements required for the agreement to be a legally enforceable contract are: mutual assent , expressed by a valid offer and acceptance ; adequate consideration ; capacity ; and legality . In some states , elements of consideration can be satisfied by a valid substitute. Possible remedies for breach of contract include general damages , consequential damages , reliance damages , and specific performance . Background : Contracts are promises that the law will enforce. Contract law is generally governed by state common law , and while general overall contract law is common throughout the country, some specific court interpretations of a particular element of the contract may vary between the states. If a promise is breached, the law provides remedies to the harmed party, often in the form of monetary damages, or in limited circumstances, in the form of specific performance of the promise made. Elements -- Consideration and Mutual Assent Contracts arise when a duty comes into existence, because of a promise made by one of the parties. To be legally binding as a contract, a promise must be exchanged for adequate consideration. There are two different theories or definitions of consideration: Bargain Theory of Consideration and Benefit-Detriment theory of consideration. Benefit-Detriment Under the b enefit-detriment theory, an adequate consideration exists only when a promise made to the benefit of the promisor or to the detriment of the promisee, which reasonably and fairly induces the promisor to make a promise for something else for the promisee. For example, promises that are purely gifts are not considered enforceable because the personal satisfaction the grantor of the promise may receive from the act of generosity is normally not considered sufficient detriment to constitute adequate consideration. Bargain-for-Exchange Under Bargain-for-Exchange theory of consideration, adequate consideration exists when a promisor makes a promise in return for something else. Here, the essential condition is that the promisor was given something specifically to induce the promise being made. In other words, the bargain for exchange theory is different from the detriment-benefit theory in that the focus in bargain for exchange theory seems to be the parties’ motive for making the promises and the parties’ subjective mutual assent, while in detriment benefit theory, the focus seems to be an objective legal detriment or benefit to the parties. Governing Laws Contracts are mainly governed by state statutory and common (judge-made) law and private law (i.e. the private agreement). Private law principally includes the terms of the agreement between the parties who are exchanging promises. This private law may override many of the rules otherwise established by state law. Statutory law, such as the Statute of Fraud , may require some kinds of contracts be put in writing and executed with particular formalities, for the contract to be enforceable. Otherwise, the parties may enter into a binding agreement without signing a formal written document. For example, Virginia Supreme Court has held in Lucy v. Zehmer that even an agreement made on a piece of napkin can be considered a valid contract, if the parties were both sane, and showed mutual assent and consideration. Most of the principles of the common law of contracts are outlined in the Restatement of Law, Second Contracts published by the American Law Institute. The Uniform Commercial Code , whose original articles have been adopted in nearly every state, represents a body of statutory law that governs important categories of contracts. The main articles that deal with the law of contracts are Article 1 (General Provisions) and Article 2 (Sales) . Sections of Article 9 (",
        "scrape_success": 1
      }
    ]
  }
]