[
  {
    "file_name": "MetLife,Inc.-RemarketingAgreement.txt",
    "perturbation": [
      {
        "type": "Omissions - Omission Legal Contradiction",
        "original_text": "(f) To make generally available to securityholders of the Company as soon as practicable, but in any event not later than eighteen months after the effective date of the Registration Statement (as defined in Rule 158(c) under the Act), an earnings statement of the Company and its subsidiaries (which need not be audited) complying with Section 11(a) of the Act and the rules and regulations thereunder (including, at the option of the Company, Rule 158);",
        "changed_text": "(f) The company may make available to securityholders of the Company an earnings statement of the Company and its subsidiaries at its discretion.",
        "explanation": "The original text guarantees the availability of an earnings statement within 18 months, complying with SEC regulations. The modified text makes this discretionary, removing a legally mandated disclosure and potentially misleading investors. SEC Rule 17 CFR § 230.158(c) defines Registration Statement Effective Date.",
        "contradicted_law": "Securities Act of 1933, Section 11(a); SEC Rule 17 CFR § 230.158(c)",
        "law_citation": "17 CFR § 230.158(c)",
        "law_url1": [
          "https://www.law.cornell.edu/cfr/text/17/230.158"
        ],
        "law_url2": [
          "https://www.sec.gov/files/smallbus/regulationa-small-entity-compliance-guide.htm"
        ],
        "law_explanation": "SEC regulations require companies to make earnings statements available to security holders within a specified timeframe after a registration statement's effective date to ensure transparency. By making this discretionary, the modified text fails to meet this requirement and could lead to investors not receiving important financial information.",
        "location": "Section 3(f)",
        "scraped_snippet_1": "17 CFR § 230.158 - Definitions of certain terms in the last paragraph of section 11(a). | Electronic Code of Federal Regulations (e-CFR) | US Law | LII / Legal Information Institute Please help us improve our site! × No thank you 17 CFR § 230.158 - Definitions of certain terms in the last paragraph of section 11(a). CFR Table of Popular Names prev | next § 230.158 Definitions of certain terms in the last paragraph of section 11(a). (a) An “earning statement” made generally available to securityholders of the registrant pursuant to the last paragraph of section 11(a) of the Act shall be sufficient for the purposes of such paragraph if: (1) There is included the information required for statements of comprehensive income (as defined in § 210.1-02 of Regulation S-X of this chapter) contained either: (i) In Item 8 of Form 10-K ( § 239.310 of this chapter), part I, Item 1 of Form 10-Q (§ 240.308a of this chapter), or Rule 14a-3(b) (§ 240.14a-3(b) of this chapter) under the Securities Exchange Act of 1934 ; (ii) In Item 17 of Form 20-F ( § 249.220f of this chapter), if appropriate; or (iii) In Form 40-F ( § 249.240f of this chapter); and (2) The information specified in the last paragraph of section 11(a) is contained in one report or any combination of reports either: (i) On Form 10-K, Form 10-Q, Form 8-K ( § 249.308 of this chapter), or in the annual report to security holders pursuant to Rule 14a-3 under the Securities Exchange Act of 1934 (§ 240.14a-3 of this chapter); or (ii) On Form 20-F, Form 40-F or Form 6-K ( § 249.306 of this chapter). Note 1 to paragraph ( a ). A subsidiary issuing debt securities guaranteed by its parent will be deemed to have met the requirements of this paragraph (a) if the parent 's statements of comprehensive income (as defined in § 210.1-02 of Regulation S-X) satisfy the criteria of this paragraph and information respecting the subsidiary is included to the same extent as was presented in the registration statement. An “earning statement” not meeting the",
        "scraped_snippet_2": null,
        "scrape_success": 1
      },
      {
        "type": "Omissions - Omission Legal Contradiction",
        "original_text": "15. GOVERNING LAW. THIS REMARKETING AGREEMENT AND THE PRICING AGREEMENT SHALL BE GOVERNED BY AND CONSTRUED IN ACCORDANCE WITH THE LAWS OF THE STATE OF NEW YORK, WITHOUT REGARD TO PRINCIPLES OF CONFLICTS OF LAW TO THE EXTENT THAT SUCH PRINCIPLES WOULD REQUIRE OR PERMIT THE APPLICATION OF LAWS OF ANOTHER JURISDICTION.",
        "changed_text": "15. GOVERNING LAW. THIS REMARKETING AGREEMENT AND THE PRICING AGREEMENT SHALL BE GOVERNED BY AND CONSTRUED IN ACCORDANCE WITH THE LAWS OF THE STATE OF NEW YORK.",
        "explanation": "The original text specifies that New York law governs the agreement, but clarifies that it should be applied without regard to conflict of law principles that might point to another jurisdiction's laws. The modified version omits this clarification, which could lead to uncertainty and potential legal challenges if conflict of law principles could arguably apply, potentially impacting the application of consumer protection laws or other mandatory regulations. New York's conflict of laws principles are well-established.",
        "contradicted_law": "New York Choice of Law Principles (e.g., Restatement (Second) of Conflict of Laws)",
        "law_citation": "NY Restatement (Second) of Conflict of Laws § 187",
        "law_url1": [
          "https://law.justia.com/codes/new-york/2022/cpr/article-5/5-1401/"
        ],
        "law_url2": [
          "https://www.law.cornell.edu/wex/choice_of_law"
        ],
        "law_explanation": "By omitting the 'without regard to principles of conflicts of law' clause, the contract opens itself to the application of conflict of law principles. These principles could dictate that another jurisdiction's laws (potentially ones more favorable to consumers) should apply. This omission could contradict the intent to have New York law govern exclusively and introduces legal risk.",
        "location": "Section 15",
        "scraped_snippet_1": null,
        "scraped_snippet_2": null,
        "scrape_success": 0
      },
      {
        "type": "Omissions - Omission Legal Contradiction",
        "original_text": "6. Indemnification and Contribution. (a) The Company will indemnify and hold harmless each Remarketing Agent, its partners, directors and officers and each person, if any, who controls such Remarketing Agent within the meaning of either Section 15 of the Act or Section 20 of the Exchange Act, against any losses, claims, damages or liabilities, joint or several, to which such Remarketing Agent may become subject, under the Act or otherwise, insofar as such losses, claims, damages or liabilities (or actions in respect thereof) arise out of or are based upon an untrue statement or alleged untrue statement of a material fact contained in (i) the Registration Statement or any amendment or supplement (when considered together with the document to which such supplement relates) thereto, or arise out of or are based upon the omission or alleged omission to state therein a material fact required to be stated therein or necessary to make the statements therein not misleading or (ii) any Preliminary Prospectus, Pricing Prospectus, any Issuer Free Writing Prospectus or the Final Prospectus or any amendment or supplement (when considered together with the document to which such supplement relates) thereto, or any \"issuer information\" filed or required to be filed pursuant to Rule 433(d) under the Act, or arise out of or are based upon the omission or alleged omission to state therein a material fact required to be stated therein or necessary to make the statements therein, in light of the circumstances under which they were made, not misleading, and will reimburse each Remarketing Agent for any legal or other expenses reasonably incurred by such Remarketing Agent in connection with investigating or defending any such action or claim as such expenses are incurred; provided, however, that the Company shall not be liable in any such case to the extent that any such loss, claim, damage or liability (or action in respect thereof) arises out of or is based upon an untrue statement or alleged untrue statement or omission or alleged omission made in any Preliminary Prospectus, any Issuer Free Writing Prospectus, Pricing Prospectus, the Registration Statement or the Final Prospectus, or any such amendment or supplement(s) in reliance upon and in conformity with written information furnished to the Company by any Remarketing Agent expressly for use therein.",
        "changed_text": "6. Indemnification and Contribution. (a) The Company will indemnify each Remarketing Agent for losses, claims, damages or liabilities. The Company's liability will be capped at the total fees paid to the Remarketing Agent under this agreement.",
        "explanation": "The original text provides a detailed indemnification clause protecting the Remarketing Agent from liabilities arising from untrue statements or omissions in offering documents. The modified version drastically reduces this protection by capping the company's liability at the fees paid to the agent, potentially leaving the agent exposed to significant losses from legal claims exceeding that amount. This could contradict the implied duty of good faith and fair dealing, especially if the company is aware of potential misstatements.",
        "contradicted_law": "Implied Covenant of Good Faith and Fair Dealing (Uniform Commercial Code § 1-304)",
        "law_citation": "UCC § 1-304",
        "law_url1": [
          "https://www.law.cornell.edu/ucc/1/1-304"
        ],
        "law_url2": [
          "https://www.uniformlaws.org/committees/community-home?CommunityKey=807e990a-1827-44bb-877d-05a3e398cf0c"
        ],
        "law_explanation": "The UCC's implied covenant of good faith requires parties to a contract to act honestly and fairly. Severely limiting the indemnification, especially in the context of potential securities law violations, can be seen as a violation of this covenant if the company acts in a way that exposes the Remarketing Agent to risk without adequate protection. The capped liability creates a disincentive for the company to ensure accuracy and completeness of information, potentially breaching the duty of good faith.",
        "location": "Section 6(a)",
        "scraped_snippet_1": "§ 1-304. Obligation of Good Faith. | Uniform Commercial Code | US Law | LII / Legal Information Institute Please help us improve our site! × No thank you § 1-304. Obligation of Good Faith. Every contract or duty within the Uniform Commercial Code imposes an obligation of good faith in its performance and enforcement. Uniform Commercial Code Toolbox About Uniform Laws State Uniform Commercial Codes",
        "scraped_snippet_2": "Community Home - Uniform Law Commission Skip to main content (Press Enter). Sign in Skip auxiliary navigation (Press Enter). Follow ULC Schedule of Events Better Laws. Stronger States. Skip main navigation (Press Enter). Community Home Library Contact Us (312) 450-6600 info@uniformlaws.org Uniform Law Commission 111 N. Wabash Avenue, Suite 1010 Chicago, Illinois 60602 Uniform Law Commission The Uniform Law Commission (ULC, also known as the National Conference of Commissioners on Uniform State Laws), established in 1892, provides states with non-partisan, well-conceived and well-drafted legislation that brings clarity and stability to critical areas of state statutory law. Acts Overview Current Acts Uniform Commercial Code Projects Overview Current Committees Meetings and Events Annual Meeting 2025 -- Session Resources Committee Meetings Meeting Calendar Request to Schedule a Web Meeting Grant Application News and Publications News Publications Reprint Request Search Documents Videos Webinar Series Legislation Legislative Activity About ULC About Us Leadership Delegations Staff FAQs Standing Committees Editorial Boards Constitution Policies Spotlight ULC Careers Copyright 2024 Connect. All rights reserved. Privacy Policy | Terms of Use | Accessibility | Contact Us | © 2025 The National Conference of Commissioners on Uniform State Laws. All Rights Reserved. Powered by Higher Logic",
        "scrape_success": 2
      }
    ]
  }
]