[
  {
    "file_name": "FTENETWORKS,INC_02_18_2016-EX-99.4-STRATEGICALLIANCEAGREEMENT.txt",
    "perturbation": [
      {
        "type": "Ambiguities - Ambiguous Legal Obligation",
        "original_text": "Subcontractor shall comply with all applicable laws (including, without limitation the Federal Occupational Safety and Health Act, Hazardous Communication Requirements, and all applicable environmental protection laws, rules, regulations and ordinances), ordinances, rules, regulations and lawful orders of any public authority having jurisdiction for the safety of persons or property or to protect them from damage, injury or loss.",
        "changed_text": "Subcontractor shall endeavor to comply with what they perceive to be applicable laws (including, without limitation the Federal Occupational Safety and Health Act, Hazardous Communication Requirements, and all applicable environmental protection laws, rules, regulations and ordinances), ordinances, rules, regulations and lawful orders of any public authority having jurisdiction for the safety of persons or property or to protect them from damage, injury or loss.",
        "explanation": "Changing 'shall comply' to 'shall endeavor to comply with what they perceive to be applicable laws' introduces ambiguity and discretion, weakening the obligation to adhere to all laws.",
        "contradicted_law": "Occupational Safety and Health Act (OSHA)",
        "law_citation": "29 CFR § 1926.20(b)(1)",
        "law_url1": [
          "https://www.osha.gov/laws-regs/regulations/standardnumber/1926/1926.20"
        ],
        "law_url2": [
          "https://www.govinfo.gov/app/details/CFR-2011-title29-vol8/CFR-2011-title29-vol8-sec1926-20"
        ],
        "law_explanation": "OSHA requires strict compliance with safety standards. The modified text makes compliance subjective, undermining the mandatory nature of OSHA regulations and potentially leading to unsafe working conditions. The original text requires that the subcontractor follow ALL laws. Modifying the language to only require the subcontractor follow what they *perceive* to be the laws renders the law impossible to properly enforce.",
        "location": "18. B.",
        "scraped_snippet_1": "1926.20 - General safety and health provisions. | Occupational Safety and Health Administration Skip to main content Home By Standard Number 1926.20 - General safety and health provisions. Part Number: 1926 Part Number Title: Safety and Health Regulations for Construction Subpart: 1926 Subpart C Subpart Title: General Safety and Health Provisions Standard Number: 1926.20 Title: General safety and health provisions. GPO Source: e-CFR 1926.20(a) Contractor requirements. 1926.20(a)(1) Section 107 of the Act requires that it shall be a condition of each contract which is entered into under legislation subject to Reorganization Plan Number 14 of 1950 (64 Stat. 1267), as defined in § 1926.12, and is for construction, alteration, and/or repair, including painting and decorating, that no contractor or subcontractor for any part of the contract work shall require any laborer or mechanic employed in the performance of the contract to work in surroundings or under working conditions which are unsanitary, hazardous, or dangerous to his health or safety. 1926.20(b) Accident prevention responsibilities. 1926.20(b)(1) It shall be the responsibility of the employer to initiate and maintain such programs as may be necessary to comply with this part. 1926.20(b)(2) Such programs shall provide for frequent and regular inspections of the job sites, materials, and equipment to be made by competent persons designated by the employers. 1926.20(b)(3) The use of any machinery, tool, material, or equipment which is not in compliance with any applicable requirement of this part is prohibited. Such machine, tool, material, or equipment shall either be identified as unsafe by tagging or locking the controls to render them inoperable or shall be physically removed from its place of operation. 1926.20(b)(4) The employer shall permit only those employees qualified by training or experience to operate equipment and machinery. 1926.20(c) The standards contained in this part shall apply with respect to emplo",
        "scraped_snippet_2": "GovInfo",
        "scrape_success": 2
      },
      {
        "type": "Ambiguities - Ambiguous Legal Obligation",
        "original_text": "Subcontractor shall obtain and maintain all licenses, permits or certificates (collectively \"Licenses\") required by any applicable law in connection with Subcontractor's performance of Work hereunder.",
        "changed_text": "Subcontractor shall obtain and maintain what it considers to be all necessary licenses, permits or certificates (collectively \"Licenses\") that it deems necessary by applicable law in connection with Subcontractor's performance of Work hereunder.",
        "explanation": "The original text clearly mandates that the subcontractor obtain ALL licenses and permits. The added clause \"what it considers to be all necessary licenses... that it deems necessary\" weakens this requirement and creates a loophole where the subcontractor can decide what is considered necessary, potentially neglecting legally required licenses and permits.",
        "contradicted_law": "Texas Occupations Code",
        "law_citation": "Texas Occupations Code § 51.002",
        "law_url1": [
          "https://statutes.capitol.texas.gov/Docs/OC/htm/OC.51.htm"
        ],
        "law_url2": [
          "https://codes.findlaw.com/tx/occupations-code/occ-sect-51-002.html"
        ],
        "law_explanation": "The Texas Occupations Code mandates certain licenses for specific professions and businesses. By allowing the Subcontractor to 'deem necessary' the required licenses and permits, the altered language directly contradicts the Texas Occupations Code's mandate for procuring legally required licenses.",
        "location": "16.",
        "scraped_snippet_1": "ï»¿ OCCUPATIONS CODE CHAPTER 51. TEXAS DEPARTMENT OF LICENSING AND REGULATION OCCUPATIONS CODE TITLE 2. GENERAL PROVISIONS RELATING TO LICENSING CHAPTER 51. TEXAS DEPARTMENT OF LICENSING AND REGULATION SUBCHAPTER A. GENERAL PROVISIONS Sec. 51.001. DEFINITIONS. In this chapter: (1) \"Advisory board\" means a board, committee, council, or other entity with multiple members that has as its primary function advising the commission or department. (1-a) \"Commission\" means the Texas Commission of Licensing and Regulation. (2) \"Department\" means the Texas Department of Licensing and Regulation. (3) \"License\" means a license, certificate, registration, title, or permit issued by the department. (4) \"License holder\" means a person who holds a license issued by the department. (5) \"Respondent\" means a person, regardless of whether the person is a license holder, who is charged with violating a law establishing a regulatory program administered by the department or a rule adopted or order issued by the commission or executive director. (6) \"Sanction\" means an action by the executive director against a license holder or another person, including the denial, suspension, or revocation of a license, the reprimand of a license holder, or the placement of a license holder on probation. Acts 1999, 76th Leg., ch. 388, Sec. 1, eff. Sept. 1, 1999. Amended by Acts 2001, 77th Leg., ch. 836, Sec. 6, eff. June 14, 2001. Amended by: Acts 2009, 81st Leg., R.S., Ch. 669 (H.B. 2310 ), Sec. 1, eff. September 1, 2009. Sec. 51.002. APPLICATION OF SUNSET ACT. The Texas Commission of Licensing and Regulation and the Texas Department of Licensing and Regulation are subject to Chapter 325 , Government Code (Texas Sunset Act). Unless continued in existence as provided by that chapter, the commission and the department are abolished September 1, 2033. Acts 1999, 76th Leg., ch. 388, Sec. 1, eff. Sept. 1, 1999. Amended by Acts 2003, 78th Leg., ch. 816, Sec. 1.001, eff. Sept. 1, 2003. Amended by: Acts 2011, 82nd Leg., R.S., Ch. 1232 (S.B. 652 ), Sec. 4.05, eff. June 17, 2011. Acts 2017, 85th Leg., R.S., Ch. 282 (H.B. 3078 ), Sec. 1, eff. September 1, 2017. Acts 2019, 86th Leg., R.S., Ch. 596 (S.B. 619 ), Sec. 1.03, eff. June 10, 2019. Acts 2021, 87th Leg., R.S., Ch. 663 (H.B. 1560 ), Sec. 1.01, eff. September 1, 2021. Acts 2021, 87th Leg., R.S., Ch. 850 (S.B. 713 ), Sec. 1.04, eff. June 16, 2021. Reenacted by Acts 2023, 88th Leg., R.S., Ch. 613 (H.B. 3743 ), Sec. 1, eff. September 1, 2023. Reenacted by Acts 2023, 88th Leg., R.S., Ch. 768 (H.B. 4595 ), Sec. 16.001, eff. September 1, 2023. Sec. 51.003. APPLICABILITY. This chapter applies to each regulatory program administered by the department, including any program under which a license is issued by the department. Added by Acts 2003, 78th Leg., ch. 816, Sec. 1.002, eff. Sept. 1, 2003. SUBCHAPTER B. DEPARTMENT AND COMMISSION Sec. 51.051. TEXAS DEPARTMENT OF LICENSING AND REGULATION. (a) The Texas Department of Licensing and Regulation is the primary state agency responsible for the oversight of businesses, industries, general trades, and occupations that are regulated by the state and assigned to the department by the legislature. (b) The department is governed by the commission. Acts 1999, 76th Leg., ch. 388, Sec. 1, eff. Sept. 1, 1999. Amended by Acts 2001, 77th Leg., ch. 836, Sec. 7, eff. June 14, 2001. Sec. 51.052. APPOINTMENT OF COMMISSION. (a) The commission consists of seven members appointed by the governor with the advice and consent of the ",
        "scraped_snippet_2": "Texas Occupations Code - OCC § 51.002 | FindLaw Texas Occupations Code - OCC § 51.002. Application of Sunset Act Current as of January 01, 2024 | Updated by FindLaw Staff The Texas Commission of Licensing and Regulation and the Texas Department of Licensing and Regulation are subject to Chapter 325, Government Code (Texas Sunset Act). Unless continued in existence as provided by that chapter, the commission and the department are abolished September 1, 2033. Back to chapter list Previous part of code Next part of code Back to chapter list Copy Cite this article: FindLaw.com - Texas Occupations Code - OCC § 51.002. Application of Sunset Act - last updated January 01, 2024 | https://codes.findlaw.com/tx/occupations-code/occ-sect-51-002.html Read this complete Texas Occupations Code - OCC § 51.002. Application of Sunset Act on Westlaw . Westlaw subscription required. FindLaw Codes may not reflect the most recent version of the law in your jurisdiction. Please verify the status of the code you are researching with the state legislature or via Westlaw before relying on it for your legal needs. Was this helpful? Yes No Easy to understand Solved my problem Other Missing the information I need Too complicated / too many steps Out of date Other Submit Cancel Search all Texas Codes Citation or keyword Enter citation or keyword View results Welcome to FindLaw's Cases & Codes A free source of state and federal court opinions, state laws, and the United States Code. For more information about the legal concepts addressed by these cases and statutes, visit FindLaw's Learn About the Law. Go to Learn About the Law Latest Blog Posts Massachusetts Supreme Court Revisits Definition of Operating In OUI Case California Lawsuit Over Parental Knowledge Concerning Transgender Students Allowed To Continue Unclaimed Property Lawsuit in Colorado Revived by 10th Circuit Federal Law Prohibits the Deportation of Incarcerated U.S. Citizens For Legal Professionals Practice Management Corporate Counsel Legal Technology Law Students Le",
        "scrape_success": 2
      },
      {
        "type": "Ambiguities - Ambiguous Legal Obligation",
        "original_text": "Subcontractor shall exercise utmost care and carry on its activities under supervision of properly qualified personnel, when use or storage of explosives or other hazardous materials or equipment or unusual methods are necessary for execution of the Work; and 6) dispose of any hazardous materials in accordance with applicable law.",
        "changed_text": "Subcontractor shall endeavor to exercise reasonable care and carry on its activities with personnel, when use or storage of explosives or other hazardous materials or equipment or unusual methods are necessary for execution of the Work; and attempt to dispose of any hazardous materials in a manner they deem appropriate.",
        "explanation": "Changing 'utmost care' to 'reasonable care' and 'supervision of properly qualified personnel' to 'with personnel' reduces the standard of care and weakens safety measures. Replacing 'dispose of any hazardous materials in accordance with applicable law' with 'attempt to dispose of any hazardous materials in a manner they deem appropriate' introduces a significant ambiguity regarding compliance with environmental regulations.",
        "contradicted_law": "Resource Conservation and Recovery Act (RCRA)",
        "law_citation": "42 U.S. Code § 6922",
        "law_url1": [
          "https://uscode.house.gov/view.xhtml?req=granuleid%3AUSC-prelim-title42-chapter82-subchapter3&edition=prelim"
        ],
        "law_url2": [
          "https://www.epa.gov/hwgenerators/identifying-hazardous-waste"
        ],
        "law_explanation": "RCRA mandates specific procedures for hazardous waste disposal. Allowing the subcontractor to dispose of hazardous materials 'in a manner they deem appropriate' conflicts with the strict regulatory requirements of RCRA, potentially leading to improper disposal and environmental damage. This language makes it unclear what regulations the subcontractor must follow, and is therefore unenforceable.",
        "location": "18. C. 5) and 6)",
        "scraped_snippet_1": "e mining of uranium ore. (iv) Whenever on the basis of any information the Administrator determines that any person is in violation of any requirement of this subparagraph, the Administrator shall give notice to the violator of his failure to comply with such requirement. If such violation extends beyond the thirtieth day after the Administrator's notification, the Administrator may issue an order requiring compliance within a specified time period or the Administrator may commence a civil action in the United States district court in the district in which the violation occurred for appropriate relief, including a temporary or permanent injunction. (C) Not later than six months after the date of submission of the applicable study required to be conducted under subsection (f), (n), (o), or (p), of section 6982 of this title , the Administrator shall, after public hearings and opportunity for comment, either determine to promulgate regulations under this subchapter for each waste listed in subparagraph (A) of this paragraph or determine that such regulations are unwarranted. The Administrator shall publish his determination, which shall be based on information developed or accumulated pursuant to such study, public hearings, and comment, in the Federal Register accompanied by an explanation and justification of the reasons for it. (c) Petition by State Governor At any time after the date eighteen months after October 21, 1976, the Governor of any State may petition the Administrator to identify or list a material as a hazardous waste. The Administrator shall act upon such petition within ninety days following his receipt thereof and shall notify the Governor of such action. If the Administrator denies such petition because of financial considerations, in providing such notice to the Governor he shall include a statement concerning such considerations. (d) Small quantity generator waste (1) By March 31, 1986, the Administrator shall promulgate standards under sections 6922, 6923, and 6924 of this title for hazardous waste generated by a generator in a total quantity of hazardous waste greater than one hundred kilograms but less than one thousand kilograms during a calendar month. (2) The standards referred to in paragraph (1), including standards applicable to the legitimate use, reuse, recycling, and reclamation of such wastes, may vary from the standards applicable to hazardous waste generated by larger quantity generators, but such standards shall be sufficient to protect human health and the environment. (3) Not later than two hundred and seventy days after November 8, 1984, any hazardous waste which is part of a total quantity generated by a generator generating greater than one hundred kilograms but less than one thousand kilograms during one calendar month and which is shipped off the premises on which such waste is generated shall be accompanied by a copy of the Environmental Protection Agency Uniform Hazardous Waste Manifest form signed by the generator. This form shall contain the following information: (A) the name and address of the generator of the waste; (B) the United States Department of Transportation description of the waste, including the proper shipping name, hazard class, and identification number (UN/NA), if applicable; (C) the number and type of containers; (D) the quantity of waste being transported; and (E) the name and address of the facility designated to receive the waste. If subparagraph (B) is not applicable, in lieu of the description referred to in such subparagraph (B), the form shall contain the Environmental Protection Agency identification number, or a generic description of the waste, or a description of the waste by hazardous waste characteristic. Additional requirements related to the manifest form shall apply only if determined necessary by the Administrator to protect human health and the environment. (4) The Administrator's responsibility under this subchapter to protect human health and the ",
        "scraped_snippet_2": null,
        "scrape_success": 1
      }
    ]
  }
]