[
  {
    "file_name": "CerenceInc_20191002_8-K_EX-10.4_11827494_EX-10.4_IntellectualPropertyAgreement.txt",
    "perturbation": [
      {
        "type": "Ambiguities - Ambiguous Legal Obligation",
        "original_text": "In order to carry out the intent of the Parties with respect to the recordation of the transfers of any registrations or applications of Nuance IP or SpinCo IP, as applicable, to the extent the ownership thereof has transferred from a member of the Nuance Group to a member of the SpinCo Group, or vice versa, pursuant to the Separation Agreement or any other Ancillary Agreement, the Parties shall execute intellectual property assignments in a form substantially similar to that attached as Exhibit A1 (the \"Patent Assignment Agreement\"), Exhibit A2 (the \"Trademark Assignment Agreement\"), Exhibit A3 (the \"Domain Name Assignment Agreement\") and Exhibit A4 (the \"Invention Disclosure Assignment Agreement\") as well as such additional case specific assignments as deemed appropriate or necessary under applicable Laws (collectively, the \"Intellectual Property Assignment Agreements\") for recordation with the appropriate Governmental Authority.",
        "changed_text": "In order to carry out the intent of the Parties with respect to the recordation of the transfers of any registrations or applications of Nuance IP or SpinCo IP, as applicable, to the extent the ownership thereof has transferred from a member of the Nuance Group to a member of the SpinCo Group, or vice versa, pursuant to the Separation Agreement or any other Ancillary Agreement, the Parties may execute intellectual property assignments in a form similar to that attached as Exhibit A1 (the \"Patent Assignment Agreement\"), Exhibit A2 (the \"Trademark Assignment Agreement\"), Exhibit A3 (the \"Domain Name Assignment Agreement\") and Exhibit A4 (the \"Invention Disclosure Assignment Agreement\") as well as additional case specific assignments as they consider suitable under applicable Laws (collectively, the \"Intellectual Property Assignment Agreements\") for possible recordation with the appropriate Governmental Authority.",
        "explanation": "The modification changes 'shall execute' to 'may execute,' making the execution of intellectual property assignments optional rather than mandatory. Replacing 'substantially similar' with 'similar' introduces vagueness. Removing the word 'deemed' from 'deemed appropriate or necessary' and replacing it with 'they consider suitable' gives the parties more discretion. Finally, replacing 'for recordation' with 'for possible recordation' makes the recordation process discretionary. All these modifications weaken the legal obligation to properly record intellectual property transfers.",
        "contradicted_law": "Delaware General Corporation Law § 327",
        "law_citation": "8 Del. C. § 327",
        "law_url1": [
          "https://delcode.delaware.gov/title8/c001/sc09/index.html#327"
        ],
        "law_url2": [
          "https://law.justia.com/codes/delaware/2013/title-8/chapter-1/section-327/"
        ],
        "law_explanation": "Delaware law (8 Del. C. § 327) mandates that stockholders maintain accurate records of stock ownership, which implicitly requires the corporation to accurately record and maintain records of intellectual property, especially as it pertains to assets critical to the corporation's value and operations. By making the execution and recordation of IP assignments optional, the modified text undermines the ability to maintain accurate records, potentially violating Delaware law regarding corporate record-keeping and transparency in corporate governance. Making the recordation process discretionary introduces ambiguity about the company's commitment to keeping proper records of asset transfers, which contradicts the spirit and intent of Delaware law.",
        "scraped_snippet_1": "Delaware Code Online Title 8 > Chapter 1 Authenticated PDF Â§ 251 Â§ 252 Â§ 253 Â§ 254 Â§ 255 Â§ 256 Â§ 257 Â§ 258 Â§ 259 Â§ 260 Â§ 261 Â§ 262 Â§ 263 Â§ 264 Â§ 265 Â§ 266 Â§ 267 Â§ 268 TITLE 8 Corporations CHAPTER 1. General Corporation Law Subchapter IX. Merger, Consolidation or Conversion Â§ 251. Merger or consolidation of domestic corporations [For application of this section, see 79 Del. Laws, c. 327, Â§ 8; 80 Del. Laws, c. 265, Â§ 17; and 82 Del. Laws, c. 256, Â§ 24]. (a) Any 2 or more corporations of this State may merge into a single surviving corporation, which may be any 1 of the constituent corporations or may consolidate into a new resulting corporation formed by the consolidation, pursuant to an agreement of merger or consolidation, as the case may be, complying and approved in accordance with this section. (b) The board of directors of each corporation which desires to merge or consolidate shall adopt a resolution approving an agreement of merger or consolidation and declaring its advisability. The agreement shall state: (1) The terms and conditions of the merger or consolidation; (2) The mode of carrying the same into effect; (3) In the case of a merger, such amendments or changes in the certificate of incorporation of the surviving corporation as are desired to be effected by the merger (which amendments or changes may amend and restate the certificate of incorporation of the surviving corporation in its entirety), or, if no such amendments or changes are desired, a statement that the certificate of incorporation of the surviving corporation shall be its certificate of incorporation; (4) In the case of a consolidation, that the certificate of incorporation of the resulting corporation shall be as is set forth in an attachment to the agreement; (5) The manner, if any, of converting the shares of each of the constituent corporations into shares or other securities of the corporation surviving or resulting from the merger or consolidation, or of cancelling some or all of such shares, and, if any shares of any of the constituent corporations are not to remain outstanding, to be converted solely into shares or other securities of the surviving or resulting corporation or to be cancelled, the cash, property, rights or securities of any other corporation or entity which the holders of such shares are to receive in exchange for, or upon conversion of such sh",
        "scraped_snippet_2": null,
        "scrape_success": 1
      },
      {
        "type": "Ambiguities - Ambiguous Legal Obligation",
        "original_text": "Prior to, on and after the Distribution Date, each Party shall cooperate with the other Party, without any further consideration and at no expense to the other Party, to obtain, cause to be obtained or properly record the release of any outstanding Security Interest attached to any Nuance IP or SpinCo IP that is subject to assignment from one Party or its Group to the other Party or its Group hereunder, as applicable, and to take, or cause to be taken, all actions as the other Party may reasonably be requested to take in order to obtain, cause to be obtained or properly record such release.",
        "changed_text": "Prior to, on and after the Distribution Date, each Party should consider cooperating with the other Party, without any further consideration and ideally at no expense to the other Party, to perhaps obtain, or attempt to cause to be obtained, the release of some outstanding Security Interest attached to any Nuance IP or SpinCo IP that might be subject to assignment from one Party or its Group to the other Party or its Group hereunder, as applicable, and to consider taking actions as the other Party suggests in order to try to obtain such release.",
        "explanation": "The modifications weaken the obligation to cooperate in releasing security interests. Changing 'shall cooperate' to 'should consider cooperating' makes the cooperation voluntary. Replacing 'at no expense' with 'ideally at no expense' suggests expenses could be incurred. Replacing 'obtain' with 'perhaps obtain, or attempt to cause to be obtained' and 'all actions as the other Party may reasonably be requested to take' with 'consider taking actions as the other Party suggests in order to try to obtain such release' further weakens the obligation and introduces ambiguity about the extent of the effort required to release security interests.",
        "contradicted_law": "Uniform Commercial Code (UCC) - Secured Transactions, specifically UCC § 9-513",
        "law_citation": "UCC § 9-513",
        "law_url1": [
          "https://www.law.cornell.edu/ucc/9/9-513"
        ],
        "law_url2": [
          "https://uniformlaws.org/committees/community-home?CommunityKey=86a913a6-c7f9-4530-8c26-3b275c90e093"
        ],
        "law_explanation": "UCC § 9-513 places a duty on secured parties to release security interests upon satisfaction of the underlying debt or obligation. The ambiguous language in the modified text, which makes cooperation and the effort to obtain releases of security interests discretionary ('should consider,' 'perhaps obtain,' 'attempt to cause,' 'try to obtain'), contradicts the mandatory nature of UCC § 9-513. This could lead to a failure to properly release security interests, creating potential legal issues and hindering the clear transfer of intellectual property rights, and the ownership thereof after the distribution.",
        "location": "Section 2.03",
        "scraped_snippet_1": "§ 9-513. TERMINATION STATEMENT. | Uniform Commercial Code | US Law | LII / Legal Information Institute Please help us improve our site! × No thank you § 9-513. TERMINATION STATEMENT. (a) [Consumer goods.] A secured party shall cause the secured party of record for a financing statement to file a termination statement for the financing statement if the financing statement covers consumer goods and: (1) there is no obligation secured by the collateral covered by the financing statement and no commitment to make an advance, incur an obligation, or otherwise give value; or (2) the debtor did not authorize the filing of the initial financing statement. (b) [Time for compliance with subsection (a).] To comply with subsection (a), a secured party shall cause the secured party of record to file the termination statement : (1) within one month after there is no obligation secured by the collateral covered by the financing statement and no commitment to make an advance, incur an obligation, or otherwise give value; or (2) if earlier, within 20 days after the secured party receives an authenticated demand from a debtor . (c) [Other collateral.] In cases not governed by subsection (a), within 20 days after a secured party receives an authenticated demand from a debtor , the secured party shall cause the secured party of record for a financing statement to send to the debtor a termination statement for the financing statement or file the termination statement in the filing office if: (1) except in the case of a financing statement covering accounts or chattel paper that has been sold or goods that are the subject of a consignment , there is no obligation secured by the collateral covered by the financing statement and no commitment to make an advance, incur an obligation, or otherwise give value; (2) the financing statement covers accounts or chattel paper that has been sold but as to which the account debtor or other person obligated has discharged its obligation; (3) the financing st",
        "scraped_snippet_2": "Community Home - Uniform Law Commission Skip to main content (Press Enter). Sign in Skip auxiliary navigation (Press Enter). Follow ULC Schedule of Events Better Laws. Stronger States. Skip main navigation (Press Enter). Community Home Library Contact Us (312) 450-6600 info@uniformlaws.org Uniform Law Commission 111 N. Wabash Avenue, Suite 1010 Chicago, Illinois 60602 Uniform Law Commission The Uniform Law Commission (ULC, also known as the National Conference of Commissioners on Uniform State Laws), established in 1892, provides states with non-partisan, well-conceived and well-drafted legislation that brings clarity and stability to critical areas of state statutory law. Acts Overview Current Acts Uniform Commercial Code Projects Overview Current Committees Meetings and Events Annual Meeting 2025 -- Session Resources Committee Meetings Meeting Calendar Request to Schedule a Web Meeting Grant Application News and Publications News Publications Reprint Request Search Documents Videos Webinar Series Legislation Legislative Activity About ULC About Us Leadership Delegations Staff FAQs Standing Committees Editorial Boards Constitution Policies Spotlight ULC Careers Copyright 2024 Connect. All rights reserved. Privacy Policy | Terms of Use | Accessibility | Contact Us | © 2025 The National Conference of Commissioners on Uniform State Laws. All Rights Reserved. Powered by Higher Logic",
        "scrape_success": 2
      },
      {
        "type": "Ambiguities - Ambiguous Legal Obligation",
        "original_text": "SpinCo agrees that it will not (i) oppose, challenge, petition to cancel, contest or threaten in any way, or assist another party in opposing, challenging, petitioning to cancel, contesting or threatening in any way, any application or registration by Nuance or its Affiliates or their respective licensees for any Nuance IP, (ii) engage in any act, or purposefully omit to perform any act, that impairs or adversely affects the rights of Nuance or any member of the Nuance Group in and to any Nuance IP or (iii) apply for any registration (including federal, state and national registrations) with respect to the Nuance IP.",
        "changed_text": "SpinCo agrees that it will try not to (i) unnecessarily oppose, challenge, petition to cancel, contest or threaten in any significant way, or overtly assist another party in doing the same, any application or registration by Nuance or its Affiliates or their respective licensees for any Nuance IP, (ii) intentionally engage in any act, or purposefully omit to perform any act that demonstrably impairs or significantly adversely affects the rights of Nuance or any member of the Nuance Group in and to any Nuance IP, unless there's a good reason, or (iii) proactively apply for any similar registration (including federal, state and national registrations) with respect to the Nuance IP.",
        "explanation": "The modifications introduce ambiguity and weaken the prohibitions. Adding 'try not to' softens the commitment. Using qualifiers like 'unnecessarily,' 'in any significant way,' and 'overtly assist' makes the prohibitions subjective. Adding 'demonstrably impairs or significantly adversely affects' raises the threshold for what constitutes a violation. The phrase 'unless there's a good reason' introduces a vague exception. Replacing 'apply for any registration' with 'proactively apply for any similar registration' narrows the scope of the prohibition.",
        "contradicted_law": "Lanham Act § 43(a), 15 U.S. Code § 1125(a)",
        "law_citation": "15 U.S.C. § 1125(a)",
        "law_url1": [
          "https://www.law.cornell.edu/topn/trademark_act_of_1946"
        ],
        "law_url2": [
          "https://www.uspto.gov/sites/default/files/documents/TLCA_act.pdf"
        ],
        "law_explanation": "Lanham Act § 43(a) prohibits unfair competition, including actions that create a likelihood of confusion, deceive, or misrepresent the association of goods or services with another party. The original text prevented SpinCo from challenging or undermining Nuance's IP rights. The modified text, by adding qualifiers like 'unnecessarily,' 'significant way,' 'overtly,' and 'demonstrably impairs,' introduces subjective criteria, making it more difficult to prove a violation of the agreement if SpinCo's actions cause confusion or dilute the value of Nuance's brand. The 'unless there's a good reason' clause further weakens the protection against actions that might be considered unfair competition under the Lanham Act.",
        "scraped_snippet_1": "TOPN: Trademark Act of 1946 | TOPN: Table of Popular Names | US Law | LII / Legal Information Institute Please help us improve our site! × No thank you TOPN: Table of Popular Names 0-9 | A | B | C | D | E | F | G | H | I | J | K | L | M | N | O | P | Q | R | S | T | U | V | W | X | Y | Z Trademark Act of 1946 1946-07-05, ch. 540, , 60 Stat. 427 An act may refer to only a portion of a Public Law. The tables below are for the entire Public Law. Pub. L. Section Status USC Title USC Section Authorizes 1 15 1051 2 15 1052 3 15 1053 4 15 1054 5 15 1055 6 15 1056 7 15 1057 8 15 1058 9 15 1059 10 15 1060 11 15 1061 12 15 1062 13 15 1063 14 15 1064 15 15 1065 16B 15 1066b 16A 15 1066a 16 15 1066 37 CFR 2 17 15 1067 37 CFR 2 18 15 1068 19 15 1069 20 15 1070 21 15 1071 22 15 1072 23 15 1091 24 15 1092 25 15 1093 26 15 1094 27 15 1095 28 15 1096 29 15 1111 30 15 1112 37 CFR 6 31 15 1113 37 CFR 2 32 15 1114 33 15 1115 34 15 1116 35 15 1117 36 15 1118 37 15 1119 38 15 1120 39 15 1121 40 15 1122 41 15 1123 37 CFR 2 , 3 , 6 , 7 , 11 42 15 1124 19 CFR 133 43 15 1125 19 CFR 133 44 15 1126 45 15 1127 19 CFR 133 46(b) 15 1051 nt 46(a) 15 81-109, 121-128, 131-133, 1051 nts 51 15 1058 nt 60 15 1141 61 15 1141a 62 15 1141b 63 15 1141c 64 15 1141d 65 15 1141e 66 15 1141f 67 15 1141g 68 15 1141h 69 15 1141i 70 15 1141j 71 15 1141k 72 15 1141l 73 15 1141m 74 15 1141n 47-50 15 1051 nts TOPN: Table of Popular Names Toolbox",
        "scraped_snippet_2": null,
        "scrape_success": 1
      }
    ]
  }
]