[
  {
    "file_name": "CENTRACKINTERNATIONALINC_10_29_1999-EX-10.3-WEBSITEHOSTINGAGREEMENT.txt",
    "perturbation": [
      {
        "type": "Ambiguities - Ambiguous Legal Obligation",
        "original_text": "i-on will maintain the operation of the Hosted Site continuously, twenty-four (24) hours per day, seven (7) days per week, including holidays, with the exception of reasonable hardware and software maintenance that must be performed on the Hosting Computer and/or the Hosted Site. i-on will use best efforts to schedule and perform such maintenance between the hours of 8pm and 8am Eastern Standard Time on weekdays, or during weekends.",
        "changed_text": "i-on will endeavor to maintain the operation of the Hosted Site continuously, twenty-four (24) hours per day, seven (7) days per week, including holidays, with the exception of necessary hardware and software maintenance performed on the Hosting Computer and/or the Hosted Site. i-on will attempt to schedule and perform such maintenance during off-peak hours.",
        "explanation": "The original text commits to continuous operation, specifying maintenance windows. The modification weakens this commitment by changing 'will maintain' to 'will endeavor to maintain', making it a goal rather than a guarantee. Also, 'best efforts' to schedule maintenance at certain times is replaced with 'attempt to schedule maintenance during off-peak hours', which is less precise and enforceable.",
        "contradicted_law": "Florida Statutes, Chapter 501, Deceptive and Unfair Trade Practices",
        "law_citation": "Fla. Stat. § 501.204",
        "law_url1": [
          "http://www.leg.state.fl.us/statutes/index.cfm?App_mode=Display_Statute&URL=0500-0599/0501/Sections/0501.204.html"
        ],
        "law_url2": [
          "https://law.justia.com/codes/florida/2023/title-xxxiii/chapter-501/section-501.204/"
        ],
        "law_explanation": "The amended text now provides a vague assertion of service uptime. By weakening the guarantee of continuous operation and specific maintenance windows, and replacing best efforts with attempts, i-on could potentially be engaging in deceptive trade practices if the actual uptime is significantly lower than what a reasonable customer would expect, violating Florida Statute 501.204 regarding unfair or deceptive acts or practices in the conduct of any trade or commerce.",
        "location": "Paragraph 2",
        "scraped_snippet_1": "Statutes & Constitution :View Statutes : Online Sunshine April 17, 2025 Search Statutes: 2024 2023 2022 2021 2020 2019 2018 2017 2016 2015 2014 2013 2012 2011 2010 2009 2008 2007 2006 2005 2004 2003 2002 2001 2000 1999 1998 1997 Home Senate House Citator Statutes, Constitution, & Laws of Florida Florida Statutes Search Statutes Search Tips Florida Constitution Laws of Florida Legislative & Executive Branch Lobbyists Information Center Joint Legislative Committees & Other Entities Joint Administrative Procedures Committee (JAPC) Joint Committee on Public Counsel Oversight(JCPO) Joint Legislative Auditing Committee (JLAC) Joint Legislative Budget Commission (JLBC) Joint Select Committee on Collective Bargaining (JSCB) Office of Program Policy Analysis & Government Accountability (OPPAGA) Auditor General Commission on Ethics Economic and Demographic Research (EDR) Florida Historic Capitol Historical Committees Florida Legislative Committee on Intergovernmental Relations (LCIR) Joint Legislative Committee on Everglades Oversight (JCEO) Joint Legislative Sunset Committee (JCSC) Florida Government Efficiency Task Force Legislative Employment Legistore Links Select Year: 2024 2023 2022 2021 2020 2019 2018 2017 2016 2015 2014 2013 2012 2011 2010 2009 2008 2007 2006 2005 2004 2003 2002 2001 2000 1999 1998 1997 The Florida Statutes The 2024 Florida Statutes (including 2025 Special Session C) Title XXXIII REGULATION OF TRADE, COMMERCE, INVESTMENTS, AND SOLICITATIONS Chapter 501 CONSUMER PROTECTION View Entire Chapter F.S. 501.204 501.204 Unlawful acts and practices. — (1) Unfair methods of competition, unconscionable acts or practices, and unfair or deceptive acts or practices in the conduct of any trade or commerce are hereby declared unlawful. (2) It is the intent of the Legislature that, in construing subsection (1), due consideration and great weight shall be given to the interpretations of the Federal Trade Commission and the federal courts relating to s. 5(a)(1) of the Federal Trade Commission Act, 15 U.S.C. s. 45(a)(1) as of July 1, 2017. History. — s. 1, ch. 73-124; s. 1, ch. 83-117; s. 4, ch. 85-63; s. 2, ch. 90-190; s. 3, ch. 93-38; s. 2, ch. 2001-39; s. 23, ch. 2001-214; s. 2, ch. 2006-196; s. 4, ch. 2013-207; s. 5, ch. 2015-92; s. 4, ch. 2017-155. Copyright © 1995-2025 The Florida Legislature • Privacy Statement • Contact Us",
        "scraped_snippet_2": null,
        "scrape_success": 1
      },
      {
        "type": "Ambiguities - Ambiguous Legal Obligation",
        "original_text": "The Customer shall comply with applicable laws, standards, policies, and procedures.",
        "changed_text": "The Customer should generally be aware of applicable laws, standards, policies, and procedures.",
        "explanation": "Changing 'shall comply' to 'should generally be aware of' weakens the obligation. Compliance is mandatory, whereas being 'aware of' does not necessitate adherence. This ambiguity implies that non-compliance is permissible as long as the Customer has a general awareness, which may lead to violations of various laws that apply to website content and operation.",
        "contradicted_law": "Florida Statutes, Chapter 815, Computer-Related Crimes",
        "law_citation": "Fla. Stat. § 815.06",
        "law_url1": [
          "http://www.leg.state.fl.us/statutes/index.cfm?App_mode=Display_Statute&URL=0800-0899/0815/Sections/0815.06.html"
        ],
        "law_url2": [
          "https://law.justia.com/codes/florida/2023/title-xlvi/chapter-815/section-815.06/"
        ],
        "law_explanation": "Florida Statute 815.06 prohibits unauthorized access to computer systems. By weakening the compliance obligation, the revised text might implicitly allow the Customer to claim ignorance of or non-compliance with laws regarding unauthorized access or data security, thereby potentially violating the statute. The original 'shall comply' places a clear responsibility on the customer.",
        "location": "CONDITIONS OF SERVICE, Paragraph 2",
        "scraped_snippet_1": "Statutes & Constitution :View Statutes : Online Sunshine April 17, 2025 Search Statutes: 2024 2023 2022 2021 2020 2019 2018 2017 2016 2015 2014 2013 2012 2011 2010 2009 2008 2007 2006 2005 2004 2003 2002 2001 2000 1999 1998 1997 Home Senate House Citator Statutes, Constitution, & Laws of Florida Florida Statutes Search Statutes Search Tips Florida Constitution Laws of Florida Legislative & Executive Branch Lobbyists Information Center Joint Legislative Committees & Other Entities Joint Administrative Procedures Committee (JAPC) Joint Committee on Public Counsel Oversight(JCPO) Joint Legislative Auditing Committee (JLAC) Joint Legislative Budget Commission (JLBC) Joint Select Committee on Collective Bargaining (JSCB) Office of Program Policy Analysis & Government Accountability (OPPAGA) Auditor General Commission on Ethics Economic and Demographic Research (EDR) Florida Historic Capitol Historical Committees Florida Legislative Committee on Intergovernmental Relations (LCIR) Joint Legislative Committee on Everglades Oversight (JCEO) Joint Legislative Sunset Committee (JCSC) Florida Government Efficiency Task Force Legislative Employment Legistore Links Select Year: 2024 2023 2022 2021 2020 2019 2018 2017 2016 2015 2014 2013 2012 2011 2010 2009 2008 2007 2006 2005 2004 2003 2002 2001 2000 1999 1998 1997 The Florida Statutes The 2024 Florida Statutes (including 2025 Special Session C) Title XLVI CRIMES Chapter 815 COMPUTER-RELATED CRIMES View Entire Chapter F.S. 815.06 815.06 Offenses against users of computers, computer systems, computer networks, and electronic devices. — (1) As used in this section, the term “user” means a person with the authority to operate or maintain a computer, computer system, computer network, or electronic device. (2) A person commits an offense against users of computers, computer systems, computer networks, or electronic devices if he or she willfully, knowingly, and without authorization or exceeding authorization: (a) Accesses or causes to be accessed any computer, computer system, computer network, or electronic device with knowledge that such access is unauthorized or the manner of use exceeds authorization; (b) Disrupts or denies or causes the denial of the ability to transmit data to or from an authorized user of a computer, computer system, computer network, or electronic device, which, in whole or in part, is owned by, under contract to, or operated for, on behalf of, or in conjunction with another; (c) Destroys, takes, injures, or damages equipment or supplies used or intended to be used in a computer, computer system, computer network, or electronic device; (d) Destroys, injures, or damages any computer, computer system, computer network, or electronic device; (e) Introduces any computer contaminant into any computer, computer system, computer network, or electronic device; or (f) Engages in audio or video surveillance of an individual by accessing any inherent feature or component of a computer, computer system, computer network, or electronic device, including accessing the data or information of a computer, computer system, computer network, or electronic device that is stored by a third party. (3)(a) Except as provided in paragraphs (b) and (c), a person who violates subsection (2) commits a felony of the third degree, punishable as provided in s. 775.082 , s. 775.083 , or s. 775.084 . (b) A person commits a felony of the second degree, punishable as provided in s. 775.082 , s. 775.083 ",
        "scraped_snippet_2": null,
        "scrape_success": 1
      },
      {
        "type": "Ambiguities - Ambiguous Legal Obligation",
        "original_text": "The Customer is responsible for any and all software programs, server-side scripts, and/or executable components that are installed on the Hosting Computer for the purpose of providing interactive applications or dynamic content on the Hosted Site. Any such programs, scripts, or components that might affect the stability of the Hosting Computer or interfere with other Web sites on the Hosting Computer must be approved by i-on before being installed on the Hosted Site, i-on reserves the right to deny the Customer permission to install any such programs, scripts, or components, to require additional fees for the installation and/or ongoing operation of any such programs, scripts, or components, or to remove any such programs, scripts, or components, if in i-on's sole discretion they will interfere with the operation of the Hosting Computer or exceed the Customer's monthly allocation of Web administration services.",
        "changed_text": "The Customer is generally responsible for software programs, server-side scripts, and executable components installed. Programs that affect the Hosting Computer's stability should ideally be discussed with i-on before installation, and i-on retains the option to address any related concerns.",
        "explanation": "This weakens i-on's control and the customer's responsibility by changing 'is responsible for any and all' to 'is generally responsible'. 'Must be approved by i-on' becomes 'should ideally be discussed with i-on', making the approval process optional. The phrase 'i-on retains the option to address any related concerns' is much weaker than i-on reserving the right to deny permission/remove components.",
        "contradicted_law": "Florida Statutes, Chapter 501, Deceptive and Unfair Trade Practices",
        "law_citation": "Fla. Stat. § 501.204",
        "law_url1": [
          "http://www.leg.state.fl.us/statutes/index.cfm?App_mode=Display_Statute&URL=0500-0599/0501/Sections/0501.204.html"
        ],
        "law_url2": [
          "https://law.justia.com/codes/florida/2023/title-xxxiii/chapter-501/section-501.204/"
        ],
        "law_explanation": "If i-on fails to adequately protect its servers from potentially harmful software due to the vagueness of the new wording, and this leads to service disruptions for other customers, i-on could be considered to be engaging in unfair or deceptive practices. This is because the weakened language regarding software approval and the handling of potentially disruptive programs makes the level of service uncertain and less reliable, in violation of Florida Statute 501.204.",
        "location": "RESPONSIBILITIES OF THE CUSTOMER, Paragraph 8",
        "scraped_snippet_1": "Statutes & Constitution :View Statutes : Online Sunshine April 17, 2025 Search Statutes: 2024 2023 2022 2021 2020 2019 2018 2017 2016 2015 2014 2013 2012 2011 2010 2009 2008 2007 2006 2005 2004 2003 2002 2001 2000 1999 1998 1997 Home Senate House Citator Statutes, Constitution, & Laws of Florida Florida Statutes Search Statutes Search Tips Florida Constitution Laws of Florida Legislative & Executive Branch Lobbyists Information Center Joint Legislative Committees & Other Entities Joint Administrative Procedures Committee (JAPC) Joint Committee on Public Counsel Oversight(JCPO) Joint Legislative Auditing Committee (JLAC) Joint Legislative Budget Commission (JLBC) Joint Select Committee on Collective Bargaining (JSCB) Office of Program Policy Analysis & Government Accountability (OPPAGA) Auditor General Commission on Ethics Economic and Demographic Research (EDR) Florida Historic Capitol Historical Committees Florida Legislative Committee on Intergovernmental Relations (LCIR) Joint Legislative Committee on Everglades Oversight (JCEO) Joint Legislative Sunset Committee (JCSC) Florida Government Efficiency Task Force Legislative Employment Legistore Links Select Year: 2024 2023 2022 2021 2020 2019 2018 2017 2016 2015 2014 2013 2012 2011 2010 2009 2008 2007 2006 2005 2004 2003 2002 2001 2000 1999 1998 1997 The Florida Statutes The 2024 Florida Statutes (including 2025 Special Session C) Title XXXIII REGULATION OF TRADE, COMMERCE, INVESTMENTS, AND SOLICITATIONS Chapter 501 CONSUMER PROTECTION View Entire Chapter F.S. 501.204 501.204 Unlawful acts and practices. — (1) Unfair methods of competition, unconscionable acts or practices, and unfair or deceptive acts or practices in the conduct of any trade or commerce are hereby declared unlawful. (2) It is the intent of the Legislature that, in construing subsection (1), due consideration and great weight shall be given to the interpretations of the Federal Trade Commission and the federal courts relating to s. 5(a)(1) of the Federal Trade Commission Act, 15 U.S.C. s. 45(a)(1) as of July 1, 2017. History. — s. 1, ch. 73-124; s. 1, ch. 83-117; s. 4, ch. 85-63; s. 2, ch. 90-190; s. 3, ch. 93-38; s. 2, ch. 2001-39; s. 23, ch. 2001-214; s. 2, ch. 2006-196; s. 4, ch. 2013-207; s. 5, ch. 2015-92; s. 4, ch. 2017-155. Copyright © 1995-2025 The Florida Legislature • Privacy Statement • Contact Us",
        "scraped_snippet_2": null,
        "scrape_success": 1
      }
    ]
  }
]