[
  {
    "file_name": "IntegrityFunds_20200121_485BPOS_EX-99.EUNDRCONTR_11948727_EX-99.EUNDRCONTR_ServiceAgreement.txt",
    "perturbation": [
      {
        "type": "Ambiguities - Ambiguous Legal Obligation",
        "original_text": "Section 1.3 All activities by Integrity as underwriter of the Shares shall comply with all applicable laws, rules, and regulations, including, without limitation, all rules and regulations made or adopted by the Securities and Exchange Commission (the \"SEC\") or by any securities association registered under the Securities Exchange Act of 1934 and the Fund's Registration Statement.",
        "changed_text": "Section 1.3 Integrity will endeavor to ensure that its activities as underwriter of the Shares generally align with applicable laws, rules, and regulations, including those of the Securities and Exchange Commission (the \"SEC\") and registered securities associations, to the extent Integrity deems practical.",
        "explanation": "The modified text replaces 'shall comply' with 'will endeavor to ensure...generally align' and introduces a subjective 'to the extent Integrity deems practical.' This weakens the legally binding obligation to comply with all laws, making it discretionary and difficult to enforce.",
        "contradicted_law": "Securities Exchange Act of 1934, Section 15(c)(1)",
        "law_citation": "15 U.S. Code § 78o(c)(1)",
        "law_url1": [
          "https://www.law.cornell.edu/topn/securities_exchange_act_of_1934"
        ],
        "law_url2": [
          "https://uscode.house.gov/view.xhtml?req=granuleid%3AUSC-prelim-title15-section78o&edition=prelim"
        ],
        "law_explanation": "The Securities Exchange Act of 1934, particularly Section 15(c)(1) and related SEC rules, mandates strict adherence to regulations regarding securities activities. The modified text's ambiguity allows Integrity to potentially bypass certain legal requirements if they deem it 'impractical,' directly contradicting the Act's demand for full compliance.",
        "location": "SECTION 1",
        "scraped_snippet_1": "TOPN: Securities Exchange Act of 1934 | TOPN: Table of Popular Names | US Law | LII / Legal Information Institute Please help us improve our site! × No thank you TOPN: Table of Popular Names 0-9 | A | B | C | D | E | F | G | H | I | J | K | L | M | N | O | P | Q | R | S | T | U | V | W | X | Y | Z Securities Exchange Act of 1934 1934-06-06, ch. 404, , 48 Stat. 881 An act may refer to only a portion of a Public Law. The tables below are for the entire Public Law. Pub. L. Section Status USC Title USC Section Authorizes 1 15 78a 17 CFR 249 , 249b 2 15 78b 17 CFR 200 , 242 , 249 , 249b 3D 15 78c-4 17 CFR 249 , 249b 3E 15 78c-5 17 CFR 240 , 249 , 249b 3 15 78c 12 CFR 8 , 192 , 218 , 220 , 221 , 341 , 390 3A 15 78c-1 17 CFR 249 , 249b 3B 15 78c-2 17 CFR 249 , 249b 3C 15 78c-3 17 CFR 240 , 249 , 249b 4E 15 78d-5 17 CFR 249 , 249b 4D 15 78d-4 17 CFR 249 , 249b 4C 15 78d-3 17 CFR 205 , 249 , 249b 4B 15 78d-2 17 CFR 200 , 201 , 249 , 249b 4A 15 78d-1 17 CFR 200 , 201 , 202 , 249 , 249b 4 15 78d 17 CFR 200 , 200 , 230 , 240 , 249 , 249b 5 15 78e 17 CFR 200 , 240 , 249 , 249b 6 15 78f 17 CFR 200 , 240 , 249 , 249b 7 15 78g 17 CFR 41 , 200 , 240 , 242 , 249 , 249b 8 15 78h 17 CFR 200 , 249 , 249b 9 15 78i 17 CFR 200 , 208 , 229 , 240 , 242 , 243 , 244 , 249 , 249b 10D 15 78j-4 17 CFR 240 , 249 , 249b 10C 15 78j-3 17 CFR 229 , 249 , 249b 10B 15 78j-2 17 CFR 249 , 249b 10A 15 78j-1 12 CFR 11 10 15 78j 17 CFR 229 , 230 , 240 , 242 , 243 , 244 , 249 , 249b 11A 15 78k-1 17 CFR 200 , 240 , 242 , 249 , 249b 11 15 78k 17 CFR 200 , 240 , 249 , 249b 12 15 78l 12 CFR 8 , 11 , 112 , 192 , 208 , 238 , 263 , 335 , 390 13A 15 78m-1 17 CFR 249 , 249b 13 15 78m 12 CFR 11 , 192 , 335 , 390 14B 15 78n-2 17 CFR 249 , 249b 14A 15 78n-1 17 CFR 229 , 240 , 249 , 249b 14 15 78n 17 CFR 200 , 201 , 210 , 229 , 230 , 232 , 239 , 240 , 242 , 249 , 249b , 270 , 274 15G 15 78o-11 24 CFR 267 15F 15 78o-10 17 CFR 45 , 201 , 237 , 240 , 249 , 249b , 624 , 1221 15E 15 78o-7 12 CFR 324 , 347 , 615 , 628 , 652 15D 15 78o-6 17 CFR 249 , 249b 15C 15 78o-5 12 CFR 13 , 19 , 109 , 263 , 308 , 368 15B 15 78o-4 17 CFR 200 , 240 , 248 , 249 , 249b 15A 15 78o-3 17 CFR 201 , 249 , 249b 15 15 78o 17 CFR 200 , 201 , 210 , 227 , 229 , 230 , 232 , 239 , 240 , 242 , 243 , 244 , 246 , 247 , 249 , 249b , 270 , 274 16 15 78p 12 CFR 11 , 335 , 390 17B 15 78q-2 12 CFR 10 17A 15 78q-1 12 CFR 9 , 10 , 19 , 208 , 308 , 341 17 15 78q 17 CFR 200 , 210 , 227 , 240 , 242 , 247 , 248 , 249 , 249b 18 15 78r 12 CFR 10 19 15 78s 17 CFR 201 , 240 , 249 , 249b 20",
        "scraped_snippet_2": "15 USC 78o: Registration and regulation of brokers and dealers Result 1 of 1 Current 2024 Main Ed. (1/6/2025) [Titles 1 through 6] 2018 Ed. and Supplement V (1/3/2024) 2018 Ed. and Supplement IV (1/5/2023) 2018 Ed. and Supplement III (1/3/2022) 2018 Ed. and Supplement II (1/13/2021) 2018 Ed. and Supplement I (1/24/2020) 2018 Main Ed. (1/14/2019) 2012 Ed. and Supplement V (1/12/2018) 2012 Ed. and Supplement IV (1/6/2017) 2012 Ed. and Supplement III (1/3/2016) 2012 Ed. and Supplement II (1/5/2015) 2012 Ed. and Supplement I (1/16/2014) 2012 Main Ed. (1/15/2013) 2006 Ed. and Supplement V (1/3/2012) 2006 Ed. and Supplement IV (1/7/2011) 2006 Ed. and Supplement III (2/1/2010) 2006 Ed. and Supplement II (1/5/2009) 2006 Ed. and Supplement I (1/8/2008) 2006 Main Ed. (1/3/2007) 2000 Ed. and Supplement V (1/2/2006) 2000 Ed. and Supplement IV (1/3/2005) 2000 Ed. and Supplement III (1/19/2004) 2000 Ed. and Supplement II (1/6/2003) 2000 Ed. and Supplement I (1/22/2002) 2000 Main Ed. (1/2/2001) 1994 Ed. and Supplement V (1/23/2000) 1994 Ed. and Supplement IV (1/5/1999) 1994 Ed. and Supplement III (1/26/1998) 1994 Ed. and Supplement II (1/6/1997) 1994 Ed. and Supplement I (1/16/1996) 1994 Main Ed. (1/4/1995) Back to Original Document << Previous TITLE 15 / CHAPTER 2B / § 78o Next >> [Print] [Print selection] [OLRC Home] Help 15 USC 78o : Registration and regulation of brokers and dealers Text contains those laws in effect on April 16, 2025 From Title 15-COMMERCE AND TRADE CHAPTER 2B-SECURITIES EXCHANGES Jump To: Source Credit Miscellaneous References In Text Amendments Effective Date §78 o . Registration and regulation of brokers and dealers (a) Registration of all persons utilizing exchange facilities to effect transactions; exemptions (1) It shall be unlawful for any broker or dealer which is either a person other than a natural person or a natural person not associated with a broker or dealer which is a person other than a natural person (other than such a broker or dealer whose b",
        "scrape_success": 2
      },
      {
        "type": "Ambiguities - Ambiguous Legal Obligation",
        "original_text": "Section 2.2 The Fund shall furnish from time to time, for use in connection with the sale of the Shares, such information reports with respect to the Fund and its Shares as Integrity may reasonably request, all of which shall be signed by one or more of the Fund's duly authorized officers; and the Fund warrants that the statements contained in any such reports, when so signed by one or more of the Fund's officers, shall be true and correct.",
        "changed_text": "Section 2.2 The Fund will provide, when convenient, information reports concerning the Fund and its Shares that Integrity might find helpful. These reports need not be exhaustive, and the Fund offers no guarantee of accuracy or completeness regarding the content or information.",
        "explanation": "This change diminishes the fund's obligation to provide accurate and truthful information. Replacing 'shall furnish' with 'will provide, when convenient' and adding 'need not be exhaustive' reduces the obligation to provide comprehensive reports. The disclaimer about accuracy further weakens the warranty.",
        "contradicted_law": "Securities Act of 1933, Section 11",
        "law_citation": "15 U.S. Code § 77k",
        "law_url1": [
          "https://uscode.house.gov/view.xhtml?req=granuleid%3AUSC-prelim-title15-section77k&edition=prelim"
        ],
        "law_url2": [
          "https://www.law.cornell.edu/topn/securities_act_of_1933"
        ],
        "law_explanation": "Section 11 of the Securities Act of 1933 imposes liability for false or misleading statements in registration statements. By disclaiming accuracy and completeness, the modified clause undermines the Fund's responsibility to provide truthful information, creating a potential conflict with Section 11's provisions regarding liability for misstatements or omissions in registration statements.",
        "location": "SECTION 2",
        "scraped_snippet_1": "15 USC 77k: Civil liabilities on account of false registration statement Result 1 of 1 Current 2024 Main Ed. (1/6/2025) [Titles 1 through 6] 2018 Ed. and Supplement V (1/3/2024) 2018 Ed. and Supplement IV (1/5/2023) 2018 Ed. and Supplement III (1/3/2022) 2018 Ed. and Supplement II (1/13/2021) 2018 Ed. and Supplement I (1/24/2020) 2018 Main Ed. (1/14/2019) 2012 Ed. and Supplement V (1/12/2018) 2012 Ed. and Supplement IV (1/6/2017) 2012 Ed. and Supplement III (1/3/2016) 2012 Ed. and Supplement II (1/5/2015) 2012 Ed. and Supplement I (1/16/2014) 2012 Main Ed. (1/15/2013) 2006 Ed. and Supplement V (1/3/2012) 2006 Ed. and Supplement IV (1/7/2011) 2006 Ed. and Supplement III (2/1/2010) 2006 Ed. and Supplement II (1/5/2009) 2006 Ed. and Supplement I (1/8/2008) 2006 Main Ed. (1/3/2007) 2000 Ed. and Supplement V (1/2/2006) 2000 Ed. and Supplement IV (1/3/2005) 2000 Ed. and Supplement III (1/19/2004) 2000 Ed. and Supplement II (1/6/2003) 2000 Ed. and Supplement I (1/22/2002) 2000 Main Ed. (1/2/2001) 1994 Ed. and Supplement V (1/23/2000) 1994 Ed. and Supplement IV (1/5/1999) 1994 Ed. and Supplement III (1/26/1998) 1994 Ed. and Supplement II (1/6/1997) 1994 Ed. and Supplement I (1/16/1996) 1994 Main Ed. (1/4/1995) Back to Original Document << Previous TITLE 15 / CHAPTER 2A / SUBCHAPTER I / § 77k Next >> [Print] [Print selection] [OLRC Home] Help 15 USC 77k : Civil liabilities on account of false registration statement Text contains those laws in effect on April 16, 2025 From Title 15-COMMERCE AND TRADE CHAPTER 2A-SECURITIES AND TRUST INDENTURES SUBCHAPTER I-DOMESTIC SECURITIES Jump To: Source Credit Miscellaneous Amendments Effective Date §77k. Civil liabilities on account of false registration statement (a) Persons possessing cause of action; persons liable In case any part of the registration statement, when such part became effective, contained an untrue statement of a material fact or omitted to state a material fact required to be stated therein or necessary to make the stat",
        "scraped_snippet_2": "TOPN: Securities Act of 1933 | TOPN: Table of Popular Names | US Law | LII / Legal Information Institute Please help us improve our site! × No thank you TOPN: Table of Popular Names 0-9 | A | B | C | D | E | F | G | H | I | J | K | L | M | N | O | P | Q | R | S | T | U | V | W | X | Y | Z Securities Act of 1933 1933-05-27, ch. 38, title I, 48 Stat. 74 title I An act may refer to only a portion of a Public Law. The tables below are for the entire Public Law. Pub. L. Section Status USC Title USC Section Authorizes 1 15 77a 17 CFR 231 2A 15 77b-1 17 CFR 231 2 15 77b 17 CFR 230 , 230 , 231 3 15 77c 17 CFR 200 , 230 , 231 , 232 , 239 , 240 4A 15 77d-1 17 CFR 227 , 231 4 15 77d 17 CFR 227 , 230 , 231 , 240 5 15 77e 17 CFR 200 , 229 , 231 6 15 77f 17 CFR 200 , 201 , 210 , 229 , 230 , 231 , 232 , 239 , 270 , 274 7 15 77g 17 CFR 200 , 201 , 210 , 211 , 229 , 230 , 231 , 232 , 239 , 240 , 242 , 246 , 270 , 274 8A 15 77h-1 17 CFR 201 , 209 , 231 8 15 77h 17 CFR 200 , 201 , 210 , 229 , 230 , 231 , 232 , 239 , 270 , 274 9 15 77i 17 CFR 231 10 15 77j 17 CFR 200 , 201 , 210 , 229 , 230 , 231 , 232 , 239 , 240 , 246 , 270 , 274 11 15 77k 17 CFR 229 , 231 12 15 77l 17 CFR 231 13 15 77m 17 CFR 231 14 15 77n 17 CFR 231 15 15 77o 17 CFR 200 , 231 16 15 77p 17 CFR 231 17 15 77q 17 CFR 200 , 231 , 242 18 15 77r 17 CFR 230 , 231 19 15 77s 5 CFR 4401 20 15 77t 17 CFR 202 , 231 21 15 77u 17 CFR 200 , 201 , 209 , 231 22 15 77v 17 CFR 231 , 250 23 15 77w 17 CFR 231 24 15 77x 17 CFR 231 25 15 77y 17 CFR 231 26 15 77z 17 CFR 231 27B 15 77z-2a 17 CFR 231 27A 15 77z-2 17 CFR 210 , 229 , 231 , 239 , 240 27 15 77z-1 17 CFR 231 28 15 77z-3 17 CFR 200 , 210 , 227 , 229 , 230 , 231 , 232 , 239 , 240 , 246 29 15 77z-4 201 15 77bb 202 15 77cc 203 15 77dd 204 15 77ee 205 15 77ff 206 15 77gg 207 15 77hh 208 15 77ii 209 15 77jj 210 15 77kk 211 15 77ll 212 15 77mm 301 15 77aaa 302 15 77bbb 303 15 77ccc 304 15 77ddd 17 CFR 229 305 15 77eee 17 CFR 229 , 240 , 260 , 269 306 15 77fff 307 15 77ggg 17 CFR 200 , 229 , 240 , 260 , 269 308 15 77hhh 17 CFR 200 , 229 , 269 309 15 77iii 17 CFR 229 , 269 310 15 77jjj 17 CFR 229 , 269 311 15 77kkk 312 15 77lll 313 15 77mmm 314 15 77nnn 17 CFR 229 , 240 , 260 315 15 77ooo 316 15 77ppp 317 15 77qqq 318 15 77rrr 319 15 77sss 17 CFR 200 , 201 , 202 , 203 , 229 , 230 , 232 , 239 , 240 , 260 , 269 320 15 77ttt 17 CFR 201 , 240 321 15 77uuu 17 CFR 200 , 202 322 15 77vvv 323 15 77www 324 15 77xxx 325 15 77yyy 326 15 77zzz 327 15 77aaaa 328 15 77bbbb Sched. A, B 15 77aa 17 CFR 210 , 211 , 22",
        "scrape_success": 2
      },
      {
        "type": "Ambiguities - Ambiguous Legal Obligation",
        "original_text": "The Fund agrees to indemnify, defend, and hold Integrity, its several officers and governors, and any person who controls Integrity within the meaning of Section 15 of the 1933 Act, free and harmless from and against any and all claims, demands, liabilities, and expenses (including the cost of investigating or defending such claims, demands, or liabilities and any counsel fees incurred in connection therewith) which Integrity, its officers and governors, or any such controlling person may incur under the 1933 Act, the 1940 Act, or common law or otherwise, arising out of or based upon any untrue statement or alleged untrue statement of a material fact contained in any registration statement, any prospectus, or any statement of additional information, or arising out of or based upon any omission or alleged omission to state a material fact required to be stated in any registration statement, any prospectus, or any statement of additional information, or necessary to make the statements in any of them not misleading",
        "changed_text": "The Fund will consider indemnifying Integrity, its officers, and controlling persons, in certain circumstances as reasonably determined by the Fund, against potential claims related to untrue statements in offering documents, provided that Integrity is not solely responsible for the issue.",
        "explanation": "The modified text changes the firm agreement to indemnify to a discretionary 'will consider' approach, contingent on the Fund's determination. It further limits the scope of indemnity by stating that Integrity shouldn't be \"solely responsible\", thus weakening protection.",
        "contradicted_law": "Investment Company Act of 1940, Section 17(h)",
        "law_citation": "15 U.S. Code § 80a-17(h)",
        "law_url1": [
          "https://uscode.house.gov/view.xhtml?req=granuleid%3AUSC-prelim-title15-section80a-17&edition=prelim"
        ],
        "law_url2": [
          "https://www.law.cornell.edu/cfr/text/17/270.17h-1"
        ],
        "law_explanation": "Section 17(h) of the Investment Company Act of 1940 addresses the indemnification of officers and directors. Although it does not explicitly mandate indemnification, the introduced ambiguity and discretionary nature of the modified clause could be interpreted as an attempt to circumvent the spirit and intent of the Act's investor protection provisions. By making indemnification conditional and subject to the Fund's discretion, the agreement reduces the protection afforded to Integrity, its officers and controlling parties, potentially leading to violations if appropriate indemnification is withheld in situations that would otherwise warrant it under securities laws.",
        "location": "SECTION 4",
        "scraped_snippet_1": "15 USC 80a-17: Transactions of certain affiliated persons and underwriters Result 1 of 1 Current 2024 Main Ed. (1/6/2025) [Titles 1 through 6] 2018 Ed. and Supplement V (1/3/2024) 2018 Ed. and Supplement IV (1/5/2023) 2018 Ed. and Supplement III (1/3/2022) 2018 Ed. and Supplement II (1/13/2021) 2018 Ed. and Supplement I (1/24/2020) 2018 Main Ed. (1/14/2019) 2012 Ed. and Supplement V (1/12/2018) 2012 Ed. and Supplement IV (1/6/2017) 2012 Ed. and Supplement III (1/3/2016) 2012 Ed. and Supplement II (1/5/2015) 2012 Ed. and Supplement I (1/16/2014) 2012 Main Ed. (1/15/2013) 2006 Ed. and Supplement V (1/3/2012) 2006 Ed. and Supplement IV (1/7/2011) 2006 Ed. and Supplement III (2/1/2010) 2006 Ed. and Supplement II (1/5/2009) 2006 Ed. and Supplement I (1/8/2008) 2006 Main Ed. (1/3/2007) 2000 Ed. and Supplement V (1/2/2006) 2000 Ed. and Supplement IV (1/3/2005) 2000 Ed. and Supplement III (1/19/2004) 2000 Ed. and Supplement II (1/6/2003) 2000 Ed. and Supplement I (1/22/2002) 2000 Main Ed. (1/2/2001) 1994 Ed. and Supplement V (1/23/2000) 1994 Ed. and Supplement IV (1/5/1999) 1994 Ed. and Supplement III (1/26/1998) 1994 Ed. and Supplement II (1/6/1997) 1994 Ed. and Supplement I (1/16/1996) 1994 Main Ed. (1/4/1995) Back to Original Document << Previous TITLE 15 / CHAPTER 2D / SUBCHAPTER I / § 80a-17 Next >> [Print] [Print selection] [OLRC Home] Help 15 USC 80a-17 : Transactions of certain affiliated persons and underwriters Text contains those laws in effect on April 16, 2025 From Title 15-COMMERCE AND TRADE CHAPTER 2D-INVESTMENT COMPANIES AND ADVISERS SUBCHAPTER I-INVESTMENT COMPANIES Jump To: Source Credit Miscellaneous References In Text Amendments Effective Date §80a–17. Transactions of certain affiliated persons and underwriters (a) Prohibited transactions It shall be unlawful for any affiliated person or promoter of or principal underwriter for a registered investment company (other than a company of the character described in section 80a–12(d)(3)(A) and (B) of this title)",
        "scraped_snippet_2": null,
        "scrape_success": 1
      }
    ]
  }
]