[
  {
    "file_name": "MetLife,Inc.-RemarketingAgreement.txt",
    "perturbation": [
      {
        "type": "Ambiguities - Ambiguous Legal Obligation",
        "original_text": "(b) The Remarketing Agents agree (i) to use commercially reasonable efforts to remarket the Remarketed Securities tendered or deemed tendered to the Remarketing Agents in the Remarketing, (ii) to establish the Reset Rates in accordance with the Remarketing Procedures and to notify the Company, the Trustee and the Stock Purchase Contract Agent promptly of the Reset Rates and (iii) to carry out such other duties as are assigned to the Remarketing Agents in the Remarketing Procedures, all in accordance with the provisions of the Remarketing Procedures.",
        "changed_text": "(b) The Remarketing Agents will endeavor (i) to exert efforts to remarket the Remarketed Securities tendered or deemed tendered to the Remarketing Agents in the Remarketing, (ii) to consider establishing the Reset Rates with possible reference to the Remarketing Procedures and to attempt to notify the Company, the Trustee and the Stock Purchase Contract Agent of the Reset Rates and (iii) to contemplate carrying out other duties as assigned to the Remarketing Agents in the Remarketing Procedures, potentially consistent with the provisions of the Remarketing Procedures.",
        "explanation": "The original text contains a clear obligation for the Remarketing Agents to use \"commercially reasonable efforts\" and \"to notify promptly\". The modified text uses ambiguous terms such as \"endeavor,\" \"exert efforts,\" \"consider establishing,\" \"attempt to notify,\" and \"potentially consistent with\" which significantly weaken the obligation and make it difficult to enforce, thus creating ambiguity.",
        "contradicted_law": "Breach of Contract - Good Faith and Fair Dealing",
        "law_citation": "NY UCC § 1-304",
        "law_url1": [
          "https://www.law.cornell.edu/ucc/1/1-304"
        ],
        "law_url2": [
          "https://codes.findlaw.com/ny/uniform-commercial-code/ucc-sect-1-304.html"
        ],
        "law_explanation": "The implied covenant of good faith and fair dealing in New York requires parties to a contract to act honestly and reasonably in their dealings. The modified text replaces clear obligations with vague and discretionary actions, indicating a lack of commitment to fulfilling the contract's purpose, potentially violating this implied covenant under New York law. The changes allow for a weaker, less committed effort than what would be expected under a good faith interpretation of the contract. These vague obligations could be interpreted as not acting honestly or reasonably in the remarketing process.",
        "location": "Section 1(b)",
        "scraped_snippet_1": "§ 1-304. Obligation of Good Faith. | Uniform Commercial Code | US Law | LII / Legal Information Institute Please help us improve our site! × No thank you § 1-304. Obligation of Good Faith. Every contract or duty within the Uniform Commercial Code imposes an obligation of good faith in its performance and enforcement. Uniform Commercial Code Toolbox About Uniform Laws State Uniform Commercial Codes",
        "scraped_snippet_2": "New York Consolidated Laws, Uniform Commercial Code - UCC § 1-304 | FindLaw New York Consolidated Laws, Uniform Commercial Code - UCC § 1-304. Obligation of Good Faith Current as of January 01, 2024 | Updated by FindLaw Staff Every contract or duty within this act imposes an obligation of good faith in its performance and enforcement. 1 Provided by publisher. Back to chapter list Previous part of code Next part of code Back to chapter list Copy Cite this article: FindLaw.com - New York Consolidated Laws, Uniform Commercial Code - UCC § 1-304. Obligation of Good Faith - last updated January 01, 2024 | https://codes.findlaw.com/ny/uniform-commercial-code/ucc-sect-1-304.html Read this complete New York Consolidated Laws, Uniform Commercial Code - UCC § 1-304. Obligation of Good Faith on Westlaw . Westlaw subscription required. FindLaw Codes may not reflect the most recent version of the law in your jurisdiction. Please verify the status of the code you are researching with the state legislature or via Westlaw before relying on it for your legal needs. Was this helpful? Yes No Easy to understand Solved my problem Other Missing the information I need Too complicated / too many steps Out of date Other Submit Cancel Search all New York Codes Citation or keyword Enter citation or keyword View results Welcome to FindLaw's Cases & Codes A free source of state and federal court opinions, state laws, and the United States Code. For more information about the legal concepts addressed by these cases and statutes, visit FindLaw's Learn About the Law. Go to Learn About the Law Latest Blog Posts Netchoice Files Suit Over Having No Choice With New California Law Author Shot by Police in Her Backyard Charged With Suspicion of Attempted Murder Federal Law Prohibits the Deportation of Incarcerated U.S. Citizens In Win for Banks, House Ends Overdraft Limit Rule For Legal Professionals Practice Management Corporate Counsel Legal Technology Law Students Learn About the Law Get help with your legal needs FindLaw’s Learn About the Law features thousands o",
        "scrape_success": 2
      },
      {
        "type": "Ambiguities - Ambiguous Legal Obligation",
        "original_text": "(f) By no later than 4:30 P.M., New York City time, on the Remarketing Settlement Date, provided that there has been a Successful Remarketing, the Remarketing Agents shall advise, by telephone, the Company, the Stock Purchase Contract Agent and the Trustee that the Remarketing was a Successful Remarketing and of the Reset Rates determined in the Remarketing and the aggregate principal amount of Remarketed Securities sold in the Remarketing.",
        "changed_text": "(f) By approximately 4:30 P.M., New York City time, on or around the Remarketing Settlement Date, assuming there has been a seemingly Successful Remarketing, the Remarketing Agents may attempt to advise, possibly by telephone, the Company, the Stock Purchase Contract Agent and the Trustee that the Remarketing was arguably a Successful Remarketing and of certain Reset Rates suggested in the Remarketing and an estimated aggregate principal amount of Remarketed Securities offered in the Remarketing.",
        "explanation": "The original text sets a clear deadline and mandatory action to advise specific parties. The modified text introduces uncertainty with \"approximately,\" \"on or around,\" \"assuming,\" \"seemingly Successful Remarketing,\" \"may attempt,\" \"possibly by telephone,\" \"arguably,\" \"certain Reset Rates,\" and \"estimated aggregate principal amount,\" making the obligation unclear and unenforceable.",
        "contradicted_law": "Breach of Contract - Failure to Provide Notice",
        "law_citation": "NY CLS UCC § 2-607",
        "law_url1": [
          "https://codes.findlaw.com/ny/uniform-commercial-code/ucc-sect-2-607.html"
        ],
        "law_url2": [
          "https://www.nysenate.gov/legislation/laws/UCC/2-607"
        ],
        "law_explanation": "Under NY CLS UCC § 2-607, if a buyer (here, metaphorically the 'Company' as a recipient of services) accepts tender of goods (or services), the buyer must notify the seller (the Remarketing Agents) of breach or be barred from any remedy. The modified language makes it questionable whether proper and timely notification of the outcome of the remarketing actually occurs. The vagueness as to timing and certainty of the success obfuscates what constitutes proper notification, creating ambiguity that excuses the agents from accountability, effectively contradicting the implied duty to provide clear and timely notice under New York's UCC.",
        "location": "Section 1(f)",
        "scraped_snippet_1": "New York Consolidated Laws, Uniform Commercial Code - UCC § 2-607 | FindLaw New York Consolidated Laws, Uniform Commercial Code - UCC § 2-607. Effect of Acceptance; Notice of Breach; Burden of Establishing Breach After Acceptance; Notice of Claim or Litigation to Person Answerable Over Current as of January 01, 2024 | Updated by FindLaw Staff (1) The buyer must pay at the contract rate for any goods accepted. (2) Acceptance of goods by the buyer precludes rejection of the goods accepted and if made with knowledge of a non-conformity cannot be revoked because of it unless the acceptance was on the reasonable assumption that the non-conformity would be seasonably cured but acceptance does not of itself impair any other remedy provided by this Article for non-conformity. (3) Where a tender has been accepted (a) the buyer must within a reasonable time after he discovers or should have discovered any breach notify the seller of breach or be barred from any remedy; and (b) if the claim is one for infringement or the like ( subsection (3) of Section 2-312 ) and the buyer is sued as a result of such a breach he must so notify the seller within a reasonable time after he receives notice of the litigation or be barred from any remedy over for liability established by the litigation. (4) The burden is on the buyer to establish any breach with respect to the goods accepted. (5) Where the buyer is sued for breach of a warranty or other obligation for which his seller is answerable over (a) he may give his seller written notice of the litigation. If the notice states that the seller may come in and defend and that if the seller does not do so he will be bound in any action against him by his buyer by any determination of fact common to the two litigations, then unless the seller after seasonable receipt of the notice does come in and defend he is so bound. (b) if the claim is one for infringement or the like ( subsection (3) of Section 2-312 ) the original seller may demand in writing that his buyer turn over to him control of the litigation i",
        "scraped_snippet_2": "NYS Open Legislation | NYSenate.gov Sorry, you need to enable JavaScript to visit this website. Skip to main content Legislation Search OpenLegislation Statutes Search Term Search icon Search The Laws of New York Consolidated Laws of New York CHAPTER 38 Uniform Commercial Code ARTICLE 2 Sales PART 6 Breach, Repudiation and Excuse previous SECTION 2-606 What Constitutes Acceptance of Goods up PART 6 Breach, Repudiation and Excuse next SECTION 2-608 Revocation of Acceptance in Whole or in Part This entry was published on 2014-09-22 The selection dates indicate all change milestones for the entire volume, not just the location being viewed. Specifying a milestone date will retrieve the most recent version of the location before that date. See most recent version before or on: 2014-09-22 2014-12-26 2015-01-02 2015-02-20 2015-02-27 2016-05-20 2016-08-26 2016-09-16 2018-08-31 2018-10-05 2021-12-03 2022-01-28 2022-06-03 Share Facebook Email SECTION 2-607 Effect of Acceptance; Notice of Breach; Burden of Establishing Breach After Acceptance; Notice of Claim or Litigation to Person Answerabl... Uniform Commercial Code (UCC) CHAPTER 38, ARTICLE 2, PART 6 Section 2--607. Effect of Acceptance; Notice of Breach; Burden of Establishing Breach After Acceptance; Notice of Claim or Litigation to Person Answerable Over. (1) The buyer must pay at the contract rate for any goods accepted. (2) Acceptance of goods by the buyer precludes rejection of the goods accepted and if made with knowledge of a non-conformity cannot be revoked because of it unless the acceptance was on the reasonable assumption that the non-conformity would be seasonably cured but acceptance does not of itself impair any other remedy provided by this Article for non-conformity. (3) Where a tender has been accepted (a) the buyer must within a reasonable time after he discovers or should have discovered any breach notify the seller of breach or be barred from any remedy; and (b) if the claim is one for infringement or the like (subsection (3) of Section 2--312) and the buyer is sued as a result of such a breach he must so notify the seller within a reasonable time after he receives notice of the litigation or be barred from any remedy over for liability established by the litigation. (4) The burden is on the buyer to establish any breach with respect to the goods accepted. (5) Where the buyer is sued for breach of a warranty or other obligation for which his seller is answerable over (a) he may give his seller written notice of the litigation. If the notice states that the seller may come in and defend and that if the seller does not do so he will be bound in any action against him by his buyer by any determination of fact common to the two litigations, then unless the seller after seasonable receipt of the notice does come in and defend he is so bound. (b) if the claim is one for infringement or the like (subsection (3) of Section 2--312) the original seller ",
        "scrape_success": 2
      },
      {
        "type": "Ambiguities - Ambiguous Legal Obligation",
        "original_text": "(g) During the period beginning from the Applicable Time and continuing to and including the Remarketing Settlement Date for the Remarketed Securities, not to offer, sell, contract to offer or sell or otherwise dispose of any debt securities of the Company having pricing characteristics similar to the Securities exceeding an aggregate principal amount of $3 billion, except, for the avoidance of doubt, debt securities issued under the Global Medium Term Note Program of Metropolitan Life Global Funding I, Global Medium Term Note Program of MetLife Institutional Funding II, or any commercial paper program of, or sponsored by, the Company or any subsidiaries, without the prior written consent of the Remarketing Agents, which consent shall not be unreasonably withheld;",
        "changed_text": "(g) During a potentially undefined period sometime around the Applicable Time until perhaps the Remarketing Settlement Date for the Remarketed Securities, to generally avoid actions to offer, sell, contract to offer or sell or somehow dispose of debt securities of the Company with possibly similar pricing characteristics to the Securities maybe exceeding an undefined aggregate principal amount of roughly $3 billion, except, perhaps, debt securities loosely associated with the Global Medium Term Note Program of Metropolitan Life Global Funding I, Global Medium Term Note Program of MetLife Institutional Funding II, or some commercial paper program of, or sponsored by, the Company or unspecified subsidiaries, potentially without the somehow required consent of the Remarketing Agents, whose consent might not necessarily be unreasonably withheld;",
        "explanation": "This perturbation injects numerous ambiguities, undermining the restriction on MetLife's ability to issue similar debt. Words like \"potentially undefined,\" \"sometime around,\" \"perhaps,\" \"generally avoid,\" \"possibly similar,\" \"maybe exceeding,\" \"undefined,\" \"roughly,\" \"loosely associated,\" \"some,\" \"unspecified,\" \"potentially without,\" and \"might not necessarily\" all weaken the obligation. This makes it very difficult to determine when the restriction applies, what securities are covered, and whether consent is actually required.",
        "contradicted_law": "Securities Act of 1933 - Misleading Statements",
        "law_citation": "15 U.S. Code § 77k",
        "law_url1": [
          "https://www.law.cornell.edu/topn/securities_act_of_1933"
        ],
        "law_url2": [
          "https://uscode.house.gov/view.xhtml?req=granuleid%3AUSC-prelim-title15-chapter2A&edition=prelim"
        ],
        "law_explanation": "15 U.S. Code § 77k establishes liability for misleading statements in registration statements. The original clause provides a clear limit on the issuance of similar debt, which could affect the value of the remarketed securities. The modified text, by being excessively vague, makes it impossible for investors to assess the risk of additional debt issuance and, as such, is misleading. If investors rely on this ambiguous language and suffer losses due to unexpected debt issuance by MetLife, they could argue that the ambiguous wording of this clause misrepresented the actual restrictions in place, violating the Securities Act. The primary URL points to the larger body of law. 77k can be found inside the house.gov URL.",
        "location": "Section 3(g)",
        "scraped_snippet_1": "TOPN: Securities Act of 1933 | TOPN: Table of Popular Names | US Law | LII / Legal Information Institute Please help us improve our site! × No thank you TOPN: Table of Popular Names 0-9 | A | B | C | D | E | F | G | H | I | J | K | L | M | N | O | P | Q | R | S | T | U | V | W | X | Y | Z Securities Act of 1933 1933-05-27, ch. 38, title I, 48 Stat. 74 title I An act may refer to only a portion of a Public Law. The tables below are for the entire Public Law. Pub. L. Section Status USC Title USC Section Authorizes 1 15 77a 17 CFR 231 2A 15 77b-1 17 CFR 231 2 15 77b 17 CFR 230 , 230 , 231 3 15 77c 17 CFR 200 , 230 , 231 , 232 , 239 , 240 4A 15 77d-1 17 CFR 227 , 231 4 15 77d 17 CFR 227 , 230 , 231 , 240 5 15 77e 17 CFR 200 , 229 , 231 6 15 77f 17 CFR 200 , 201 , 210 , 229 , 230 , 231 , 232 , 239 , 270 , 274 7 15 77g 17 CFR 200 , 201 , 210 , 211 , 229 , 230 , 231 , 232 , 239 , 240 , 242 , 246 , 270 , 274 8A 15 77h-1 17 CFR 201 , 209 , 231 8 15 77h 17 CFR 200 , 201 , 210 , 229 , 230 , 231 , 232 , 239 , 270 , 274 9 15 77i 17 CFR 231 10 15 77j 17 CFR 200 , 201 , 210 , 229 , 230 , 231 , 232 , 239 , 240 , 246 , 270 , 274 11 15 77k 17 CFR 229 , 231 12 15 77l 17 CFR 231 13 15 77m 17 CFR 231 14 15 77n 17 CFR 231 15 15 77o 17 CFR 200 , 231 16 15 77p 17 CFR 231 17 15 77q 17 CFR 200 , 231 , 242 18 15 77r 17 CFR 230 , 231 19 15 77s 5 CFR 4401 20 15 77t 17 CFR 202 , 231 21 15 77u 17 CFR 200 , 201 , 209 , 231 22 15 77v 17 CFR 231 , 250 23 15 77w 17 CFR 231 24 15 77x 17 CFR 231 25 15 77y 17 CFR 231 26 15 77z 17 CFR 231 27B 15 77z-2a 17 CFR 231 27A 15 77z-2 17 CFR 210 , 229 , 231 , 239 , 240 27 15 77z-1 17 CFR 231 28 15 77z-3 17 CFR 200 , 210 , 227 , 229 , 230 , 231 , 232 , 239 , 240 , 246 29 15 77z-4 201 15 77bb 202 15 77cc 203 15 77dd 204 15 77ee 205 15 77ff 206 15 77gg 207 15 77hh 208 15 77ii 209 15 77jj 210 15 77kk 211 15 77ll 212 15 77mm 301 15 77aaa 302 15 77bbb 303 15 77ccc 304 15 77ddd 17 CFR 229 305 15 77eee 17 CFR 229 , 240 , 260 , 269 306 15 77fff 307 15 77ggg 17 CFR 200 , 229 , 240 , 260 , 269 308 15 77hhh 17 CFR 200 , 229 , 269 309 15 77iii 17 CFR 229 , 269 310 15 77jjj 17 CFR 229 , 269 311 15 77kkk 312 15 77lll 313 15 77mmm 314 15 77nnn 17 CFR 229 , 240 , 260 315 15 77ooo 316 15 77ppp 317 15 77qqq 318 15 77rrr 319 15 77sss 17 CFR 200 , 201 , 202 , 203 , 229 , 230 , 232 , 239 , 240 , 260 , 269 320 15 77ttt 17 CFR 201 , 240 321 15 77uuu 17 CFR 200 , 202 322 15 77vvv 323 15 77www 324 15 77xxx 325 15 77yyy 326 15 77zzz 327 15 77aaaa 328 15 77bbbb Sched. A, B 15 77aa 17 CFR 210 , 211 , 22",
        "scraped_snippet_2": "15 USC Ch. 2A: SECURITIES AND TRUST INDENTURES Result 1 of 1 Current 2024 Main Ed. (1/6/2025) [Titles 1 through 6] 2018 Ed. and Supplement V (1/3/2024) 2018 Ed. and Supplement IV (1/5/2023) 2018 Ed. and Supplement III (1/3/2022) 2018 Ed. and Supplement II (1/13/2021) 2018 Ed. and Supplement I (1/24/2020) 2018 Main Ed. (1/14/2019) 2012 Ed. and Supplement V (1/12/2018) 2012 Ed. and Supplement IV (1/6/2017) 2012 Ed. and Supplement III (1/3/2016) 2012 Ed. and Supplement II (1/5/2015) 2012 Ed. and Supplement I (1/16/2014) 2012 Main Ed. (1/15/2013) 2006 Ed. and Supplement V (1/3/2012) 2006 Ed. and Supplement IV (1/7/2011) 2006 Ed. and Supplement III (2/1/2010) 2006 Ed. and Supplement II (1/5/2009) 2006 Ed. and Supplement I (1/8/2008) 2006 Main Ed. (1/3/2007) 2000 Ed. and Supplement V (1/2/2006) 2000 Ed. and Supplement IV (1/3/2005) 2000 Ed. and Supplement III (1/19/2004) 2000 Ed. and Supplement II (1/6/2003) 2000 Ed. and Supplement I (1/22/2002) 2000 Main Ed. (1/2/2001) 1994 Ed. and Supplement V (1/23/2000) 1994 Ed. and Supplement IV (1/5/1999) 1994 Ed. and Supplement III (1/26/1998) 1994 Ed. and Supplement II (1/6/1997) 1994 Ed. and Supplement I (1/16/1996) 1994 Main Ed. (1/4/1995) Back to Original Document << Previous TITLE 15 / CHAPTER 2A Next >> [Print] [Print selection] [OLRC Home] Help 15 USC Ch. 2A : SECURITIES AND TRUST INDENTURES From Title 15—COMMERCE AND TRADE CHAPTER 2A —SECURITIES AND TRUST INDENTURES SUBCHAPTER I—DOMESTIC SECURITIES Sec. 77a. Short title. 77b. Definitions; promotion of efficiency, competition, and capital formation. 77b–1. Swap agreements. 77c. Classes of securities under this subchapter. 77d. Exempted transactions. 77d–1. Requirements with respect to certain small transactions. 77e. Prohibitions relating to interstate commerce and the mails. 77f. Registration of securities. 77g. Information required in registration statement. 77h. Taking effect of registration statements and amendments thereto. 77h–1. Cease-and-desist proceedings. 77i. Court ",
        "scrape_success": 2
      }
    ]
  }
]