[
  {
    "file_name": "DOMINIADVISORTRUST_02_18_2005-EX-99.(H)(2)-SPONSORSHIPAGREEMENT.txt",
    "perturbation": [
      {
        "type": "Ambiguities - Ambiguous Legal Obligation",
        "original_text": "Subject to the direction and control of the Board of Trustees of the Trust, the Sponsor shall perform such oversight, administrative and management services as may from time to time be reasonably requested by the Trust, which shall include without limitation: (a) maintaining office facilities (which may be in the office of Domini or an affiliate) and furnishing clerical services necessary for maintaining the organization of the Trust and for performing the oversight, administrative and management functions herein set forth; (b) arranging, if desired by the Trust, for directors, officers or employees of the Sponsor to serve as Trustees, officers or agents of the Trust if duly elected or appointed to such positions and subject to their individual consent and to any limitations imposed by law; (c) supervising the overall administration of the Trust, including the updating of corporate organizational documents, and the negotiation of contracts and fees with and the monitoring and coordinating of performance and billings of the Trust's transfer agent, shareholder servicing agents (if any), custodian, administrator, subadministrator (if any) and other independent contractors or agents; (d) overseeing (with advice of the Trust's counsel) the preparation of and, if applicable, filing all documents required for compliance by the Trust with applicable laws and regulations (including state \"blue sky\" laws and regulations), including registration statements on Form N-1A, prospectuses and statements of additional information, or similar forms, as applicable, semi-annual and annual reports to shareholders and proxy statements, and reviewing tax returns",
        "changed_text": "Subject to the general guidance of the Board of Trustees of the Trust, the Sponsor will endeavor to perform oversight, administrative, and management services as periodically discussed with the Trust, potentially including: (a) maintaining office facilities and furnishing clerical services to support the Trust's general organization; (b) considering arrangements for directors, officers, or employees of the Sponsor to serve as Trustees, officers, or agents of the Trust, subject to their availability and legal constraints; (c) assisting in the administration of the Trust, including occasional updates to corporate organizational documents, and participating in contract negotiations and performance monitoring; (d) offering input on the preparation of documents required for compliance with applicable laws and regulations, including registration statements and reports to shareholders, and generally reviewing tax returns",
        "explanation": "By changing 'shall perform' to 'will endeavor to perform,' the obligation of the Sponsor becomes less definite and more discretionary. Replacing 'reasonably requested' with 'periodically discussed' further weakens the obligation. The term 'potentially including' before listing the services introduces ambiguity. Changing 'overseeing' to 'offering input' makes the Sponsor's role advisory rather than mandatory.",
        "contradicted_law": "Investment Company Act of 1940, Section 15(a)",
        "law_citation": "15 U.S. Code § 80a-15(a)",
        "law_url1": [
          "https://uscode.house.gov/view.xhtml?req=granuleid%3AUSC-prelim-title15-section80a-15&edition=prelim"
        ],
        "law_url2": [
          "https://www.law.cornell.edu/topn/investment_company_act_of_1940"
        ],
        "law_explanation": "Section 15(a) of the Investment Company Act of 1940 requires that investment advisory contracts (which this sponsorship agreement effectively acts as for oversight, admin, and management) be specific regarding the services to be provided. The modified text introduces vagueness and discretion ('will endeavor', 'potentially including', 'offering input'), potentially failing to define the Sponsor's responsibilities with sufficient clarity as required by the Act, making it difficult to enforce the contract and ensure the Sponsor fulfills its required duties, ultimately harming shareholder interests.",
        "location": "Section 1",
        "scraped_snippet_1": "15 USC 80a-15: Contracts of advisers and underwriters Result 1 of 1 Current 2024 Main Ed. (1/6/2025) [Titles 1 through 6] 2018 Ed. and Supplement V (1/3/2024) 2018 Ed. and Supplement IV (1/5/2023) 2018 Ed. and Supplement III (1/3/2022) 2018 Ed. and Supplement II (1/13/2021) 2018 Ed. and Supplement I (1/24/2020) 2018 Main Ed. (1/14/2019) 2012 Ed. and Supplement V (1/12/2018) 2012 Ed. and Supplement IV (1/6/2017) 2012 Ed. and Supplement III (1/3/2016) 2012 Ed. and Supplement II (1/5/2015) 2012 Ed. and Supplement I (1/16/2014) 2012 Main Ed. (1/15/2013) 2006 Ed. and Supplement V (1/3/2012) 2006 Ed. and Supplement IV (1/7/2011) 2006 Ed. and Supplement III (2/1/2010) 2006 Ed. and Supplement II (1/5/2009) 2006 Ed. and Supplement I (1/8/2008) 2006 Main Ed. (1/3/2007) 2000 Ed. and Supplement V (1/2/2006) 2000 Ed. and Supplement IV (1/3/2005) 2000 Ed. and Supplement III (1/19/2004) 2000 Ed. and Supplement II (1/6/2003) 2000 Ed. and Supplement I (1/22/2002) 2000 Main Ed. (1/2/2001) 1994 Ed. and Supplement V (1/23/2000) 1994 Ed. and Supplement IV (1/5/1999) 1994 Ed. and Supplement III (1/26/1998) 1994 Ed. and Supplement II (1/6/1997) 1994 Ed. and Supplement I (1/16/1996) 1994 Main Ed. (1/4/1995) Back to Original Document << Previous TITLE 15 / CHAPTER 2D / SUBCHAPTER I / § 80a-15 Next >> [Print] [Print selection] [OLRC Home] Help 15 USC 80a-15 : Contracts of advisers and underwriters Text contains those laws in effect on April 16, 2025 From Title 15-COMMERCE AND TRADE CHAPTER 2D-INVESTMENT COMPANIES AND ADVISERS SUBCHAPTER I-INVESTMENT COMPANIES Jump To: Source Credit Miscellaneous Amendments Effective Date §80a–15. Contracts of advisers and underwriters (a) Written contract to serve or act as investment adviser; contents It shall be unlawful for any person to serve or act as investment adviser of a registered investment company, except pursuant to a written contract, which contract, whether with such registered company or with an investment adviser of such registered company, ha",
        "scraped_snippet_2": "TOPN: Investment Company Act of 1940 | TOPN: Table of Popular Names | US Law | LII / Legal Information Institute Please help us improve our site! × No thank you TOPN: Table of Popular Names 0-9 | A | B | C | D | E | F | G | H | I | J | K | L | M | N | O | P | Q | R | S | T | U | V | W | X | Y | Z Investment Company Act of 1940 1940-08-22, ch. 686, title I, 54 Stat. 789 title I An act may refer to only a portion of a Public Law. The tables below are for the entire Public Law. Pub. L. Section Status USC Title USC Section Authorizes 1 15 80a-1 17 CFR 270 2 15 80a-2 17 CFR 239 , 270 3 15 80a-3 17 CFR 239 , 270 4 15 80a-4 17 CFR 270 5 15 80a-5 17 CFR 270 6 15 80a-6 17 CFR 232 , 270 7 15 80a-7 17 CFR 270 8 15 80a-8 17 CFR 200 , 201 , 210 , 211 , 229 , 230 , 232 , 239 , 270 , 274 9 15 80a-9 17 CFR 201 , 209 , 229 , 239 , 270 10 15 80a-10 17 CFR 239 , 270 11 15 80a-11 17 CFR 270 12 15 80a-12 17 CFR 270 13 15 80a-13 17 CFR 239 , 270 14 15 80a-14 17 CFR 270 15 15 80a-15 17 CFR 270 16 15 80a-16 17 CFR 270 17 15 80a-17 17 CFR 270 18 15 80a-18 17 CFR 270 19 15 80a-19 17 CFR 270 20 15 80a-20 17 CFR 200 , 210 , 229 , 240 , 270 21 15 80a-21 17 CFR 270 22 15 80a-22 17 CFR 270 23 15 80a-23 17 CFR 240 , 242 , 270 24 15 80a-24 17 CFR 200 , 230 , 239 , 270 , 274 25 15 80a-25 17 CFR 270 26 15 80a-26 17 CFR 239 , 270 , 274 27 15 80a-27 17 CFR 270 28 15 80a-28 17 CFR 230 , 270 29(a) Rev. T. 11 107 29(b) Rev. T. 11 72 30 15 80a-29 17 CFR 200 , 210 , 211 , 229 , 230 , 232 , 239 , 240 , 242 , 243 , 244 , 249 , 270 , 274 31 15 80a-30 17 CFR 210 , 211 , 229 , 230 , 232 , 239 , 248 , 270 32 15 80a-31 17 CFR 210 , 229 , 270 33 15 80a-32 17 CFR 270 34 15 80a-33 17 CFR 270 35 15 80a-34 17 CFR 270 36 15 80a-35 17 CFR 270 37 15 80a-36 17 CFR 270 38 15 80a-37 5 CFR 4401 39 15 80a-38 17 CFR 201 , 205 , 209 , 229 , 270 40 15 80a-39 17 CFR 201 , 209 , 229 , 270 41 15 80a-40 17 CFR 201 , 209 , 270 42 15 80a-41 17 CFR 200 , 201 , 202 , 209 , 270 43 15 80a-42 17 CFR 270 44 15 80a-43 17 CFR 270 45 15 80a-44 17 CFR 200 , 201 , 209 , 270 46 15 80a-45 17 CFR 270 47 15 80a-46 17 CFR 270 48 15 80a-47 17 CFR 270 49 15 80a-48 17 CFR 270 50 15 80a-49 17 CFR 270 51 15 80a-50 17 CFR 270 52 15 80a-51 17 CFR 270 53 15 80a-52 17 CFR 270 54 15 80a-53 17 CFR 270 55 15 80a-54 17 CFR 270 56 15 80a-55 17 CFR 270 57 15 80a-56 17 CFR 270 58 15 80a-57 17 CFR 270 59 15 80a-58 17 CFR 270 60 15 80a-59 17 CFR 270 61 15 80a-60 17 CFR 270 62 15 80a-61 17 CFR 270 63 15 80a-62 17 CFR 270 64 15 80a-63 17 CFR 270 65 15 80a-64 17 CFR 270 201 15 80b-1 17 CFR 279 202 15 ",
        "scrape_success": 2
      },
      {
        "type": "Ambiguities - Ambiguous Legal Obligation",
        "original_text": "The Sponsor shall not be liable for any error of judgment or mistake of law or for any act or omission in the oversight, administration or management of the Trust or the performance of its duties hereunder, except for willful misfeasance, bad faith or gross negligence in the performance of its duties, or by reason of the reckless disregard of its obligations and duties hereunder.",
        "changed_text": "The Sponsor shall generally not be liable for errors or omissions in the oversight, administration, or management of the Trust, except in cases of proven and direct harm resulting from their actions. However, the Sponsor's liability will not exceed the fees paid under this agreement.",
        "explanation": "By replacing \"willful misfeasance, bad faith or gross negligence in the performance of its duties, or by reason of the reckless disregard of its obligations and duties hereunder\" with \"proven and direct harm resulting from their actions\" and adding a liability cap, the original liability standard has been weakened and made ambiguous. The definition of 'proven and direct harm' is unclear. Also, capping the liability could violate fiduciary duty.",
        "contradicted_law": "Investment Company Act of 1940, Section 17(h)",
        "law_citation": "15 U.S. Code § 80a-17(h)",
        "law_url1": [
          "https://uscode.house.gov/view.xhtml?req=granuleid%3AUSC-prelim-title15-section80a-17&edition=prelim"
        ],
        "law_url2": [
          "https://www.law.cornell.edu/uscode/text/15/80a-17"
        ],
        "law_explanation": "Section 17(h) of the Investment Company Act prohibits exculpatory clauses that protect investment company affiliates from liability to the company or its security holders for conduct that falls below certain standards, including those involving a breach of fiduciary duty. Limiting the Sponsor's liability to the fees paid under the agreement is an attempt to limit liability related to gross negligence or reckless disregard, which the Act prevents.",
        "location": "Section 4",
        "scraped_snippet_1": "15 USC 80a-17: Transactions of certain affiliated persons and underwriters Result 1 of 1 Current 2024 Main Ed. (1/6/2025) [Titles 1 through 6] 2018 Ed. and Supplement V (1/3/2024) 2018 Ed. and Supplement IV (1/5/2023) 2018 Ed. and Supplement III (1/3/2022) 2018 Ed. and Supplement II (1/13/2021) 2018 Ed. and Supplement I (1/24/2020) 2018 Main Ed. (1/14/2019) 2012 Ed. and Supplement V (1/12/2018) 2012 Ed. and Supplement IV (1/6/2017) 2012 Ed. and Supplement III (1/3/2016) 2012 Ed. and Supplement II (1/5/2015) 2012 Ed. and Supplement I (1/16/2014) 2012 Main Ed. (1/15/2013) 2006 Ed. and Supplement V (1/3/2012) 2006 Ed. and Supplement IV (1/7/2011) 2006 Ed. and Supplement III (2/1/2010) 2006 Ed. and Supplement II (1/5/2009) 2006 Ed. and Supplement I (1/8/2008) 2006 Main Ed. (1/3/2007) 2000 Ed. and Supplement V (1/2/2006) 2000 Ed. and Supplement IV (1/3/2005) 2000 Ed. and Supplement III (1/19/2004) 2000 Ed. and Supplement II (1/6/2003) 2000 Ed. and Supplement I (1/22/2002) 2000 Main Ed. (1/2/2001) 1994 Ed. and Supplement V (1/23/2000) 1994 Ed. and Supplement IV (1/5/1999) 1994 Ed. and Supplement III (1/26/1998) 1994 Ed. and Supplement II (1/6/1997) 1994 Ed. and Supplement I (1/16/1996) 1994 Main Ed. (1/4/1995) Back to Original Document << Previous TITLE 15 / CHAPTER 2D / SUBCHAPTER I / § 80a-17 Next >> [Print] [Print selection] [OLRC Home] Help 15 USC 80a-17 : Transactions of certain affiliated persons and underwriters Text contains those laws in effect on April 16, 2025 From Title 15-COMMERCE AND TRADE CHAPTER 2D-INVESTMENT COMPANIES AND ADVISERS SUBCHAPTER I-INVESTMENT COMPANIES Jump To: Source Credit Miscellaneous References In Text Amendments Effective Date §80a–17. Transactions of certain affiliated persons and underwriters (a) Prohibited transactions It shall be unlawful for any affiliated person or promoter of or principal underwriter for a registered investment company (other than a company of the character described in section 80a–12(d)(3)(A) and (B) of this title)",
        "scraped_snippet_2": "15 U.S. Code § 80a-17 - Transactions of certain affiliated persons and underwriters | U.S. Code | US Law | LII / Legal Information Institute Please help us improve our site! × No thank you Quick search by citation: Title Section Go! 15 U.S. Code § 80a-17 - Transactions of certain affiliated persons and underwriters U.S. Code Notes Authorities (CFR) prev | next (a) Prohibited transactions It shall be unlawful for any affiliated person or promoter of or principal underwriter for a registered investment company (other than a company of the character described in section 80a–12(d)(3)(A) and (B) of this title), or any affiliated person of such a person, promoter, or principal underwriter, acting as principal— (1) knowingly to sell any security or other property to such registered company or to any company controlled by such registered company , unless such sale involves solely (A) securities of which the buyer is the issuer, (B) securities of which the seller is the issuer and which are part of a general offering to the holders of a class of its securities, or (C) securities deposited with the trustee of a unit investment trust or periodic payment plan by the depositor thereof; (2) knowingly to purchase from such registered company , or from any company controlled by such registered company , any security or other property (except securities of which the seller is the issuer) ; (3) to borrow money or other property from such registered company or from any company controlled by such registered company (unless the borrower is controlled by the lender) except as permitted in section 80a–21(b) of this title ; or (4) to loan money or other property to such registered company , or to any company controlled by such registered company , in contravention of such rules, regulations, or orders as the Commission may, after consultation with and taking into consideration the views of the Federal banking agencies (as defined in section 1813 of title 12 ), prescribe or issue consistent w",
        "scrape_success": 2
      },
      {
        "type": "Ambiguities - Ambiguous Legal Obligation",
        "original_text": "This Agreement shall be construed and enforced and interpreted in accordance with and governed by the laws of the Commonwealth of Massachusetts without reference to principles of conflicts of law.",
        "changed_text": "This Agreement will be generally guided by the principles of law, potentially including those of the Commonwealth of Massachusetts, as they seem most relevant.",
        "explanation": "The original text clearly states that Massachusetts law governs the contract. The modified text replaces 'shall be construed and enforced and interpreted in accordance with and governed by the laws of the Commonwealth of Massachusetts' with 'will be generally guided by the principles of law, potentially including those of the Commonwealth of Massachusetts, as they seem most relevant'. This introduces significant ambiguity. The phrase 'generally guided' is vague and doesn't establish a clear governing law. Furthermore, 'potentially including those of the Commonwealth of Massachusetts' weakens the connection to Massachusetts law. The phrase 'as they seem most relevant' grants subjective discretion in determining which laws apply, further increasing uncertainty and making the contract's interpretation unpredictable.",
        "contradicted_law": "Investment Company Act of 1940",
        "law_citation": "15 U.S. Code § 80a",
        "law_url1": [
          "https://uscode.house.gov/view.xhtml?req=granuleid%3AUSC-prelim-title15-chapter2D&edition=prelim"
        ],
        "law_url2": [
          "https://www.sec.gov/rules/laws/ica40.htm"
        ],
        "law_explanation": "While not explicitly contradicting a specific section, the ambiguity created here undermines the enforcement and predictability crucial for compliance with the Investment Company Act of 1940. Clear governing law is essential for interpreting and enforcing contracts related to investment companies. The new wording opens the door for disputes over which laws apply, potentially hindering regulatory oversight and investor protection by creating uncertainty about legal obligations and remedies.",
        "location": "Section 10",
        "scraped_snippet_1": "15 USC Ch. 2D: INVESTMENT COMPANIES AND ADVISERS Result 1 of 1 Current 2024 Main Ed. (1/6/2025) [Titles 1 through 6] 2018 Ed. and Supplement V (1/3/2024) 2018 Ed. and Supplement IV (1/5/2023) 2018 Ed. and Supplement III (1/3/2022) 2018 Ed. and Supplement II (1/13/2021) 2018 Ed. and Supplement I (1/24/2020) 2018 Main Ed. (1/14/2019) 2012 Ed. and Supplement V (1/12/2018) 2012 Ed. and Supplement IV (1/6/2017) 2012 Ed. and Supplement III (1/3/2016) 2012 Ed. and Supplement II (1/5/2015) 2012 Ed. and Supplement I (1/16/2014) 2012 Main Ed. (1/15/2013) 2006 Ed. and Supplement V (1/3/2012) 2006 Ed. and Supplement IV (1/7/2011) 2006 Ed. and Supplement III (2/1/2010) 2006 Ed. and Supplement II (1/5/2009) 2006 Ed. and Supplement I (1/8/2008) 2006 Main Ed. (1/3/2007) 2000 Ed. and Supplement V (1/2/2006) 2000 Ed. and Supplement IV (1/3/2005) 2000 Ed. and Supplement III (1/19/2004) 2000 Ed. and Supplement II (1/6/2003) 2000 Ed. and Supplement I (1/22/2002) 2000 Main Ed. (1/2/2001) 1994 Ed. and Supplement V (1/23/2000) 1994 Ed. and Supplement IV (1/5/1999) 1994 Ed. and Supplement III (1/26/1998) 1994 Ed. and Supplement II (1/6/1997) 1994 Ed. and Supplement I (1/16/1996) 1994 Main Ed. (1/4/1995) Back to Original Document << Previous TITLE 15 / CHAPTER 2D Next >> [Print] [Print selection] [OLRC Home] Help 15 USC Ch. 2D : INVESTMENT COMPANIES AND ADVISERS From Title 15—COMMERCE AND TRADE CHAPTER 2D —INVESTMENT COMPANIES AND ADVISERS SUBCHAPTER I—INVESTMENT COMPANIES Sec. 80a–1. Findings and declaration of policy. 80a–2. Definitions; applicability; rulemaking considerations. 80a–3. Definition of investment company. 80a–3a. Protection of philanthropy under State law. 80a–4. Classification of investment companies. 80a–5. Subclassification of management companies. 80a–6. Exemptions. 80a–7. Transactions by unregistered investment companies. 80a–8. Registration of investment companies. 80a–9. Ineligibility of certain affiliated persons and underwriters. 80a–10. Affiliations or interest of dir",
        "scraped_snippet_2": null,
        "scrape_success": 1
      }
    ]
  }
]