[
  {
    "file_name": "ADAMSGOLFINC_03_21_2005-EX-10.17-ENDORSEMENTAGREEMENT.txt",
    "perturbation": [
      {
        "type": "Ambiguities - Ambiguous Legal Obligation",
        "original_text": "During the term of this Agreement, CONSULTANT will conduct himself at all times with due regard to public morals and conventions. If the value of CONSULTANT'S ENDORSEMENT is materially reduced or impaired because CONSULTANT: A.committed or shall commit any public act that involves moral turpitude, B.commits or violates any material foreign, U.S., federal, or other applicable state or local law, C.commits any act which brings him into public disrepute, contempt, scandal or ridicule, or which insults or offends the community, D.makes any statements in derogation, in any material respect, of ADAMS GOLF or any of its affiliates or any of their respective PRODUCT or services and such statement is made to the general public or becomes a matter of public knowledge, then at any time after the occurrence of such act, thing or statement, ADAMS GOLF shall have the right, in addition to its other legal and equitable remedies, to immediately terminate this Agreement, by giving written notice to CONSULTANT. ADAMS GOLF must exercise its right of termination within ninety (90) days of its senior management becoming aware of the conduct giving rise to the right of termination.",
        "changed_text": "During the term of this Agreement, CONSULTANT will endeavor to conduct himself with general consideration for public perception. If ADAMS GOLF reasonably believes that CONSULTANT'S ENDORSEMENT may be somewhat affected because CONSULTANT: A. possibly committed a public act, B. might have violated some law, C. arguably acted in a way that could be viewed negatively, D.made statements that could perhaps reflect poorly on ADAMS GOLF, then ADAMS GOLF may consider its options, potentially including termination, after notifying CONSULTANT. ADAMS GOLF should attempt to exercise its right of termination, if deemed necessary, within a reasonable timeframe of its management becoming aware of the conduct.",
        "explanation": "The modified text introduces significant ambiguity regarding the grounds for termination. Phrases like 'general consideration,' 'reasonably believes,' 'somewhat affected,' 'possibly committed,' 'might have violated,' 'arguably acted,' 'could perhaps reflect poorly,' 'may consider its options,' 'potentially including termination,' 'should attempt,' and 'reasonable timeframe' all weaken the original clear and objective standards. This makes it difficult to determine what constitutes a breach and when ADAMS GOLF can terminate the agreement, creating an ambiguous legal obligation.",
        "contradicted_law": "Breach of Contract - Duty of Good Faith and Fair Dealing",
        "law_citation": "Kansas Statutes § 84-1-304",
        "law_url1": [
          "https://law.justia.com/codes/kansas/2022/chapter-84/article-1/section-84-1-304/"
        ],
        "law_url2": [
          "https://casetext.com/statute/kansas-statutes/chapter-84-uniform-commercial-code/article-1-general-provisions/section-84-1-304-obligation-of-good-faith"
        ],
        "law_explanation": "The modified text contradicts the implied duty of good faith and fair dealing, which is recognized in Kansas law (K.S.A. § 84-1-304). The original clause provided specific and objective grounds for termination based on the consultant's behavior. The modifications introduce subjectivity and vagueness, allowing ADAMS GOLF to potentially terminate the contract based on loosely defined and easily manipulated interpretations, which could be seen as acting in bad faith. The duty of good faith requires honesty in fact and the observance of reasonable commercial standards of fair dealing. By making the termination clause so ambiguous, ADAMS GOLF could potentially use it to terminate the contract for reasons unrelated to the consultant's actual conduct, thus violating the duty of good faith.",
        "location": "Section 12",
        "scraped_snippet_1": null,
        "scraped_snippet_2": null,
        "scrape_success": 0
      },
      {
        "type": "Ambiguities - Ambiguous Legal Obligation",
        "original_text": "During the term of this Agreement, ADAMS GOLF shall provide CONSULTANT with sufficient quantities of such MANDATORY PRODUCTS for CONSULTANT'S use as CONSULTANT may reasonably need to fulfill his obligations under this agreement. ADAMS GOLF shall pay all charges in connection with the delivery of MANDATORY PRODUCTS to CONSULTANT.",
        "changed_text": "During the term of this Agreement, ADAMS GOLF will try to provide CONSULTANT with what it considers an adequate amount of MANDATORY PRODUCTS, considering CONSULTANT'S stated needs. ADAMS GOLF will address delivery charges in a manner it deems appropriate.",
        "explanation": "The original text clearly states that ADAMS GOLF 'shall provide sufficient quantities' and 'shall pay all charges.' The modified version uses weaker language such as 'will try to provide,' 'what it considers an adequate amount,' 'considering CONSULTANT'S stated needs' and 'will address delivery charges in a manner it deems appropriate.' This introduces ambiguity and allows ADAMS GOLF discretion in determining the quantity and payment of MANDATORY PRODUCTS. The phrase 'what it considers an adequate amount' is subjective and could lead to disputes over whether the consultant is receiving enough product to fulfill his obligations. 'Addressing delivery charges in a manner it deems appropriate' is very vague.",
        "contradicted_law": "Breach of Contract - Material Breach",
        "law_citation": "Kansas Law Regarding Breach of Contract",
        "law_url1": [
          "https://www.mwklaw.com/breach-of-contract-litigation-kansas/"
        ],
        "law_url2": [
          "https://casetext.com/case/schartz-v-yc-amer-riverbend-gp-llc"
        ],
        "law_explanation": "Under Kansas law, a material breach of contract occurs when a party fails to perform a substantial part of the agreement, or performs it in a way that defeats the purpose of the contract. By changing the language to allow ADAMS GOLF to subjectively determine the quantity of MANDATORY PRODUCTS, it creates a situation where the consultant may not be able to fulfill his endorsement obligations due to lack of product. This would likely constitute a material breach of contract. Also, by leaving the payment of delivery charges to ADAMS GOLF’s discretion, it provides another avenue for non-compliance, giving them considerable leverage over a clearly defined obligation.",
        "location": "Section 17A",
        "scraped_snippet_1": null,
        "scraped_snippet_2": null,
        "scrape_success": 0
      },
      {
        "type": "Ambiguities - Ambiguous Legal Obligation",
        "original_text": "Prior to publishing or placing any advertising or promotional material which uses CONSULTANT'S name, facsimile signature, nickname, voice or likeness, ADAMS GOLF shall submit the same to CONSULTANT, or CONSULTANT'S designee, for approval, which approval shall not be unreasonably withheld or delayed. If CONSULTANT disapproves, the reasons therefore shall be given to ADAMS GOLF in writing within three (3) business days or shall be deemed approved. ADAMS GOLF agrees to protect, indemnify and hold CONSULTANT harmless from and against any and all expenses, damages, claims, suits, actions, judgments and costs whatsoever, arising out of, or in any way connected with, any advertising material furnished by, or on behalf of, the company.",
        "changed_text": "ADAMS GOLF will generally attempt to show CONSULTANT advertising material using his likeness when practical. The Consultant's comments will be taken into advisement but ADAMS GOLF is under no obligation to accommodate or comply with the feedback from the Consultant. ADAMS GOLF will endeavor to protect CONSULTANT to a reasonable extent from expenses clearly arising directly from advertising material originating solely from the company.",
        "explanation": "This change significantly weakens the consultant's control over the use of his image and likeness. Replacing 'shall submit the same to CONSULTANT... for approval, which approval shall not be unreasonably withheld or delayed' with 'will generally attempt to show CONSULTANT... when practical. The Consultant's comments will be taken into advisement but ADAMS GOLF is under no obligation to accommodate or comply' removes the requirement for approval. Similarly, replacing 'ADAMS GOLF agrees to protect, indemnify and hold CONSULTANT harmless from and against any and all expenses, damages...' with 'ADAMS GOLF will endeavor to protect CONSULTANT to a reasonable extent from expenses clearly arising directly from advertising material originating solely from the company' limits the scope of indemnity by introducing subjective qualifications like 'to a reasonable extent' and 'clearly arising directly from'.",
        "contradicted_law": "Right of Publicity - Kansas Common Law",
        "law_citation": "Kansas Right of Publicity Common Law",
        "law_url1": [
          "https://casetext.com/case/aardvark-ent-inc-v-does-1-through-44"
        ],
        "law_url2": [
          "https://www.lexology.com/library/detail.aspx?g=9b3c9e10-509d-420c-836c-2a378c289ef0"
        ],
        "law_explanation": "While Kansas doesn't have a specific right of publicity statute, it recognizes the right of publicity under common law. The right of publicity protects an individual's right to control the commercial use of their name, likeness, and other aspects of their identity. The modified text significantly weakens the consultant's control over their image and likeness. While Adams Golf will generally attempt to show the consultant advertising material using his likeness when practical, his comments are only taken into advisement. This creates a conflict with Kansas' common law right of publicity, by diminishing his ability to protect his own image from potentially damaging or unwanted commercial exploitation.",
        "location": "Section 20",
        "scraped_snippet_1": null,
        "scraped_snippet_2": null,
        "scrape_success": 0
      }
    ]
  }
]