[
  {
    "file_name": "PACIRAPHARMACEUTICALS,INC.-A_RSTRATEGICLICENSING,DISTRIBUTIONANDMARKETINGAGREEMENT.txt",
    "perturbation": [
      {
        "type": "Ambiguities - Ambiguous Legal Obligation",
        "original_text": "PPI hereby grants EKR the exclusive right and license (with the right to sublicense) to use, market, promote, sell, distribute and warehouse the Products (the \"Distribution Rights\") in the Field in the Territory during the Term, as well as to make or have made the Products anywhere in the world for import or sale in the Field in the Territory in each case, under the PPI IP provided that PPI retains all rights necessary to manufacture and supply the Products to EKR in accordance with this Agreement and the Supply Agreement.",
        "changed_text": "PPI hereby grants EKR the exclusive right and license (with the right to sublicense) to use, market, promote, sell, distribute and warehouse the Products (the \"Distribution Rights\") in the Field in the Territory during the Term, as well as to consider making or having made the Products anywhere in the world for import or sale in the Field in the Territory in each case, under the PPI IP provided that PPI retains all rights necessary to manufacture and supply the Products to EKR in accordance with this Agreement and the Supply Agreement.",
        "explanation": "Changing \"to make or have made\" to \"to consider making or having made\" introduces ambiguity by making EKR's obligation to manufacture the products discretionary, rather than a right they can definitively exercise. This could lead to disputes over EKR's commitment to ensuring product availability in the Territory.",
        "contradicted_law": "21 CFR § 314.81(b)(3)(vii)",
        "law_citation": "21 CFR § 314.81(b)(3)(vii)",
        "law_url1": [
          "https://www.ecfr.gov/current/title-21/chapter-I/subchapter-D/part-314/section-314.81"
        ],
        "law_url2": [
          "https://www.accessdata.fda.gov/scripts/cdrh/cfdocs/cfcfr/cfrsearch.cfm?fr=314.81"
        ],
        "law_explanation": "The modification weakens EKR's obligation to ensure product availability, potentially conflicting with requirements to maintain an adequate supply of the drug, as indirectly implied within postmarketing reporting requirements in 21 CFR § 314.81(b)(3)(vii), which necessitates reporting on discontinuance of manufacture. While the citation doesn't directly mandate production, the ambiguity introduces uncertainty as to whether EKR is actively ensuring the consistent availability of the drug, which is a crucial concern for regulatory authorities and directly conflicts with what the FDA expects from manufacturers in that the parties will do their best to have the drug available.",
        "location": "Section 2.2",
        "scraped_snippet_1": "eCFR :: 21 CFR 314.81 -- Other postmarketing reports. Site Feedback You are using an unsupported browser × You are using an unsupported browser. This web site is designed for the current versions of Microsoft Edge, Google Chrome, Mozilla Firefox, or Safari. × Site Feedback The Office of the Federal Register publishes documents on behalf of Federal agencies but does not have any authority over their programs. We recommend you directly contact the agency associated with the content in question. If you have comments or suggestions on how to improve the www.ecfr.gov website or have questions about using www.ecfr.gov, please choose the 'Website Feedback' button below. Website Feedback If you would like to comment on the current content, please use the 'Content Feedback' button below for instructions on contacting the issuing agency Content Feedback If you have questions for the Agency that issued the current document please contact the agency directly. × Website Feedback * Your Name * Email Attachment * How can we help you? * I am requesting technical help or providing website feedback This contact form is only for website help or website suggestions. If you have questions or comments regarding a published document please contact the publishing agency. Comments or questions about document content can not be answered by OFR staff. Please do not provide confidential information or personal data. Browse Titles Agencies Incorporation by Reference Recent Updates Search Recent Changes Corrections Reader Aids Reader Aids Home Using the eCFR Point-in-Time System Understanding the eCFR Government Policy and OFR Procedures Developer Resources My eCFR My Subscriptions Sign Out Sign In / Sign Up Sign In / Sign Up Hi, Sign Out eCFR The Electronic Code of Federal Regulations Enhanced Content :: FR Reference Enhanced content is provided to the user to provide additional context. Enhanced Content :: FR Reference Title 21 This content is from the eCFR and is authoritative but unofficial. Displaying title 21,",
        "scraped_snippet_2": "CFR - Code of Federal Regulations Title 21 Quick Links: Skip to main page content Skip to Search Skip to Topics Menu Skip to Common Links U.S. Food & Drug Administration Follow FDA En Español Search FDA Home Food Drugs Medical Devices Radiation-Emitting Products Vaccines, Blood & Biologics Animal & Veterinary Cosmetics Tobacco Products CFR - Code of Federal Regulations Title 21 FDA Home Medical Devices Databases - For the most up-to-date version of CFR Title 21, go to the Electronic Code of Federal Regulations (eCFR). Other Databases 510(k)s De Novo Medical Device Reports (MAUDE) CDRH Export Certificate Validation (CECV) CDRH FOIA Electronic Reading Room CLIA Device Classification FDA Guidance Documents Humanitarian Device Exemption Medsun Reports Premarket Approvals (PMAs) Post-Approval Studies Postmarket Surveillance Studies Radiation-Emitting Products Radiation-Emitting Electronic Products Corrective Actions Recalls Registration & Listing Standards Total Product Life Cycle X-Ray Assembler - - Links on this page: Page Last Updated: 12/24/2024 Note: If you need help accessing information in different file formats, see Instructions for Downloading Viewers and Players . Language Assistance Available: Español | 繁體中文 | Tiếng Việt | 한국어 | Tagalog | Русский | العربية | Kreyòl Ayisyen | Français | Polski | Português | Italiano | Deutsch | 日本語 | فارسی | English Accessibility Contact FDA Careers FDA Basics FOIA No FEAR Act Nondiscrimination Website Policies / Privacy U.S. Food and Drug Administration 10903 New Hampshire Avenue Silver Spring, MD 20993 Ph. 1-888-INFO-FDA (1-888-463-6332) Contact FDA For Government For Press Combination Products Advisory Committees Science & Research Regulatory Information Safety Emergency Preparedness International Programs News & Events Training and Continuing Education Inspections/Compliance State & Local Officials Consumers Industry Health Professionals FDA Archive Vulnerability Disclosure Policy Links on this page:",
        "scrape_success": 2
      },
      {
        "type": "Ambiguities - Ambiguous Legal Obligation",
        "original_text": "EKR shall at its own cost and expense use commercially reasonable efforts to take those steps reasonably necessary in order to obtain and thereafter maintain Marketing Authorizations (including pricing and reimbursement approvals) for the Product in those countries of the Territory other than the United States which the Committee determines to present commercially viable opportunities for the Product.",
        "changed_text": "EKR shall consider using commercially reasonable efforts to take those steps reasonably necessary in order to obtain and thereafter maintain Marketing Authorizations (including pricing and reimbursement approvals) for the Product in those countries of the Territory other than the United States which the Committee considers potentially viable opportunities for the Product.",
        "explanation": "The original text has a commitment to 'use commercially reasonable efforts,' a fairly strong obligation. The revision introduces ambiguity by replacing 'shall' with 'shall consider,' making the effort to obtain marketing authorizations discretionary rather than obligatory. Furthermore, changing 'determines' to 'considers' weakens the standard of evidence required for the committee to determine viability.",
        "contradicted_law": "21 CFR § 314.70(b)",
        "law_citation": "21 CFR § 314.70(b)",
        "law_url1": [
          "https://www.ecfr.gov/current/title-21/chapter-I/subchapter-D/part-314/section-314.70"
        ],
        "law_url2": [
          "https://www.accessdata.fda.gov/scripts/cdrh/cfdocs/cfcfr/cfrsearch.cfm?fr=314.70"
        ],
        "law_explanation": "The altered language makes EKR's commitment to maintaining marketing authorizations uncertain, which might conflict with the FDA requirements regarding supplemental applications or reporting changes per 21 CFR § 314.70(b). It is implied EKR is obligated to maintain compliance to the standards as determined by the FDA. It creates a legal contradiction in that the parties agree to comply, but the language suggests they can consider it, so compliance is not obligatory.",
        "location": "Section 4.1",
        "scraped_snippet_1": "eCFR :: 21 CFR 314.70 -- Supplements and other changes to an approved NDA. Site Feedback You are using an unsupported browser × You are using an unsupported browser. This web site is designed for the current versions of Microsoft Edge, Google Chrome, Mozilla Firefox, or Safari. × Site Feedback The Office of the Federal Register publishes documents on behalf of Federal agencies but does not have any authority over their programs. We recommend you directly contact the agency associated with the content in question. If you have comments or suggestions on how to improve the www.ecfr.gov website or have questions about using www.ecfr.gov, please choose the 'Website Feedback' button below. Website Feedback If you would like to comment on the current content, please use the 'Content Feedback' button below for instructions on contacting the issuing agency Content Feedback If you have questions for the Agency that issued the current document please contact the agency directly. × Website Feedback * Your Name * Email Attachment * How can we help you? * I am requesting technical help or providing website feedback This contact form is only for website help or website suggestions. If you have questions or comments regarding a published document please contact the publishing agency. Comments or questions about document content can not be answered by OFR staff. Please do not provide confidential information or personal data. Browse Titles Agencies Incorporation by Reference Recent Updates Search Recent Changes Corrections Reader Aids Reader Aids Home Using the eCFR Point-in-Time System Understanding the eCFR Government Policy and OFR Procedures Developer Resources My eCFR My Subscriptions Sign Out Sign In / Sign Up Sign In / Sign Up Hi, Sign Out eCFR The Electronic Code of Federal Regulations Enhanced Content :: FR Reference Enhanced content is provided to the user to provide additional context. Enhanced Content :: FR Reference Title 21 This content is from the eCFR and is authoritative but unofficial.",
        "scraped_snippet_2": "CFR - Code of Federal Regulations Title 21 Quick Links: Skip to main page content Skip to Search Skip to Topics Menu Skip to Common Links U.S. Food & Drug Administration Follow FDA En Español Search FDA Home Food Drugs Medical Devices Radiation-Emitting Products Vaccines, Blood & Biologics Animal & Veterinary Cosmetics Tobacco Products CFR - Code of Federal Regulations Title 21 FDA Home Medical Devices Databases - For the most up-to-date version of CFR Title 21, go to the Electronic Code of Federal Regulations (eCFR). Other Databases 510(k)s De Novo Medical Device Reports (MAUDE) CDRH Export Certificate Validation (CECV) CDRH FOIA Electronic Reading Room CLIA Device Classification FDA Guidance Documents Humanitarian Device Exemption Medsun Reports Premarket Approvals (PMAs) Post-Approval Studies Postmarket Surveillance Studies Radiation-Emitting Products Radiation-Emitting Electronic Products Corrective Actions Recalls Registration & Listing Standards Total Product Life Cycle X-Ray Assembler - - Links on this page: Page Last Updated: 12/24/2024 Note: If you need help accessing information in different file formats, see Instructions for Downloading Viewers and Players . Language Assistance Available: Español | 繁體中文 | Tiếng Việt | 한국어 | Tagalog | Русский | العربية | Kreyòl Ayisyen | Français | Polski | Português | Italiano | Deutsch | 日本語 | فارسی | English Accessibility Contact FDA Careers FDA Basics FOIA No FEAR Act Nondiscrimination Website Policies / Privacy U.S. Food and Drug Administration 10903 New Hampshire Avenue Silver Spring, MD 20993 Ph. 1-888-INFO-FDA (1-888-463-6332) Contact FDA For Government For Press Combination Products Advisory Committees Science & Research Regulatory Information Safety Emergency Preparedness International Programs News & Events Training and Continuing Education Inspections/Compliance State & Local Officials Consumers Industry Health Professionals FDA Archive Vulnerability Disclosure Policy Links on this page:",
        "scrape_success": 2
      },
      {
        "type": "Ambiguities - Ambiguous Legal Obligation",
        "original_text": "Each Party shall promptly provide the other Party with all information in its possession or otherwise coming to its attention relating to the occurrence of a serious adverse event or an adverse event (in any jurisdiction throughout the world) in connection with the Product, and promptly forward to such other Party information concerning any and all charges, complaints or claims reportable to any Regulatory Authority relating to the Product that may come to the first Party's attention, and",
        "changed_text": "Each Party should attempt to provide the other Party with information in its possession relating to a serious adverse event, and could forward to such other Party information concerning charges, complaints or claims reportable to a Regulatory Authority relating to the Product that come to the first Party's attention, and",
        "explanation": "Changing \"shall promptly provide\" to \"should attempt to provide\" makes the reporting of adverse events non-mandatory. Similarly, \"promptly forward\" is weakened to \"could forward\", further reducing the obligation.",
        "contradicted_law": "21 CFR § 314.80(c)(1)",
        "law_citation": "21 CFR § 314.80(c)(1)",
        "law_url1": [
          "https://www.ecfr.gov/current/title-21/chapter-I/subchapter-D/part-314/section-314.80"
        ],
        "law_url2": [
          "https://www.accessdata.fda.gov/scripts/cdrh/cfdocs/cfcfr/cfrsearch.cfm?fr=314.80"
        ],
        "law_explanation": "The modification weakens the mandate to report adverse events, conflicting directly with the explicit requirements for postmarketing reporting of adverse drug experiences found in 21 CFR § 314.80(c)(1) which requires submission of information. By weakening the legal obligation to provide it, it creates a legal contradiction under this category as the company could suggest there is no obligation to forward to any degree.",
        "location": "Section 4.11",
        "scraped_snippet_1": "eCFR :: 21 CFR 314.80 -- Postmarketing reporting of adverse drug experiences. Site Feedback You are using an unsupported browser × You are using an unsupported browser. This web site is designed for the current versions of Microsoft Edge, Google Chrome, Mozilla Firefox, or Safari. × Site Feedback The Office of the Federal Register publishes documents on behalf of Federal agencies but does not have any authority over their programs. We recommend you directly contact the agency associated with the content in question. If you have comments or suggestions on how to improve the www.ecfr.gov website or have questions about using www.ecfr.gov, please choose the 'Website Feedback' button below. Website Feedback If you would like to comment on the current content, please use the 'Content Feedback' button below for instructions on contacting the issuing agency Content Feedback If you have questions for the Agency that issued the current document please contact the agency directly. × Website Feedback * Your Name * Email Attachment * How can we help you? * I am requesting technical help or providing website feedback This contact form is only for website help or website suggestions. If you have questions or comments regarding a published document please contact the publishing agency. Comments or questions about document content can not be answered by OFR staff. Please do not provide confidential information or personal data. Browse Titles Agencies Incorporation by Reference Recent Updates Search Recent Changes Corrections Reader Aids Reader Aids Home Using the eCFR Point-in-Time System Understanding the eCFR Government Policy and OFR Procedures Developer Resources My eCFR My Subscriptions Sign Out Sign In / Sign Up Sign In / Sign Up Hi, Sign Out eCFR The Electronic Code of Federal Regulations Enhanced Content :: FR Reference Enhanced content is provided to the user to provide additional context. Enhanced Content :: FR Reference Title 21 This content is from the eCFR and is authoritative but unoffici",
        "scraped_snippet_2": "CFR - Code of Federal Regulations Title 21 Quick Links: Skip to main page content Skip to Search Skip to Topics Menu Skip to Common Links U.S. Food & Drug Administration Follow FDA En Español Search FDA Home Food Drugs Medical Devices Radiation-Emitting Products Vaccines, Blood & Biologics Animal & Veterinary Cosmetics Tobacco Products CFR - Code of Federal Regulations Title 21 FDA Home Medical Devices Databases - For the most up-to-date version of CFR Title 21, go to the Electronic Code of Federal Regulations (eCFR). Other Databases 510(k)s De Novo Medical Device Reports (MAUDE) CDRH Export Certificate Validation (CECV) CDRH FOIA Electronic Reading Room CLIA Device Classification FDA Guidance Documents Humanitarian Device Exemption Medsun Reports Premarket Approvals (PMAs) Post-Approval Studies Postmarket Surveillance Studies Radiation-Emitting Products Radiation-Emitting Electronic Products Corrective Actions Recalls Registration & Listing Standards Total Product Life Cycle X-Ray Assembler - - Links on this page: Page Last Updated: 12/24/2024 Note: If you need help accessing information in different file formats, see Instructions for Downloading Viewers and Players . Language Assistance Available: Español | 繁體中文 | Tiếng Việt | 한국어 | Tagalog | Русский | العربية | Kreyòl Ayisyen | Français | Polski | Português | Italiano | Deutsch | 日本語 | فارسی | English Accessibility Contact FDA Careers FDA Basics FOIA No FEAR Act Nondiscrimination Website Policies / Privacy U.S. Food and Drug Administration 10903 New Hampshire Avenue Silver Spring, MD 20993 Ph. 1-888-INFO-FDA (1-888-463-6332) Contact FDA For Government For Press Combination Products Advisory Committees Science & Research Regulatory Information Safety Emergency Preparedness International Programs News & Events Training and Continuing Education Inspections/Compliance State & Local Officials Consumers Industry Health Professionals FDA Archive Vulnerability Disclosure Policy Links on this page:",
        "scrape_success": 2
      }
    ]
  }
]