[
  {
    "file_name": "VEONEER,INC_02_21_2020-EX-10.11-JOINTVENTUREAGREEMENT.txt",
    "perturbation": [
      {
        "type": "Ambiguities - Ambiguous Legal Obligation",
        "original_text": "This Amendment shall be governed by and construed in accordance with the laws of Japan.",
        "changed_text": "This Amendment shall be generally guided by principles similar to the laws of Japan.",
        "explanation": "The original text specifies that the agreement is governed by and construed in accordance with the laws of Japan. The modified text changes this to say that it is 'generally guided by principles similar to the laws of Japan.' This introduces ambiguity, as 'generally guided' is vague and does not ensure compliance with specific Japanese laws.",
        "contradicted_law": "Japanese Civil Code (Minpō)",
        "law_citation": "Article 3 of the Japanese Civil Code (民法第3条)",
        "law_url1": [
          "http://www.japaneselawtranslation.go.jp/law/detail/?id=2098&vm=04&re=01"
        ],
        "law_url2": [
          "https://elaws.e-gov.go.jp/document?lawid=129AC0000000089"
        ],
        "law_explanation": "Article 3 of the Japanese Civil Code (Minpō) stipulates that in cases where customs differ from laws and regulations, if the parties to a transaction have indicated their intention to be governed by those customs, such customs take precedence over the provisions of laws and regulations, provided that those customs are not contrary to public order. The changed text provides a vague statement of being 'generally guided by principles similar to the laws of Japan' opens the door for conflicting interpretations and potentially overrides the legal certainty provided by directly adhering to the Japanese Civil Code. This ambiguity weakens the legal obligation and could lead to disputes regarding which 'principles' are actually being followed.",
        "location": "Article 3",
        "scraped_snippet_1": null,
        "scraped_snippet_2": "e-Gov æ³ä»¤æ¤ç´¢",
        "scrape_success": 1
      },
      {
        "type": "Ambiguities - Ambiguous Legal Obligation",
        "original_text": "the Nissin Parties agree to cause each of VNBJ and VNBZ to comply with Sections 4.3.2 and 4.3.3 of the JV Agreement with respect to the indemnification or reimbursement, as applicable, of all Directors and Officers (except those individuals resigning pursuant to Section 6.2.6 of the VNBJ SPA and Section 6.2.6 of the VNBZ SPA) with respect to any Liabilities arising prior to the VNBJ Closing or the VNBZ Closing, as applicable.",
        "changed_text": "the Nissin Parties will endeavor to encourage VNBJ and VNBZ to consider complying with Sections 4.3.2 and 4.3.3 of the JV Agreement regarding the indemnification or reimbursement of Directors and Officers (except those individuals resigning pursuant to Section 6.2.6 of the VNBJ SPA and Section 6.2.6 of the VNBZ SPA) for Liabilities arising prior to the VNBJ Closing or the VNBZ Closing, as applicable.",
        "explanation": "The original text states that the Nissin Parties 'agree to cause' VNBJ and VNBZ to comply with the indemnification provisions. The modified text changes this to 'will endeavor to encourage VNBJ and VNBZ to consider complying,' which weakens the obligation and makes compliance discretionary rather than mandatory. The phrase 'consider complying' introduces further ambiguity about the extent of their obligation.",
        "contradicted_law": "Japanese Companies Act (Kaisha-hō)",
        "law_citation": "Article 430 of the Japanese Companies Act (会社法第430条)",
        "law_url1": [
          "http://www.japaneselawtranslation.go.jp/law/detail/?id=3523&vm=04&re=01"
        ],
        "law_url2": [
          "https://elaws.e-gov.go.jp/document?lawid=417AC0000000086"
        ],
        "law_explanation": "Article 430 of the Japanese Companies Act (Kaisha-hō) outlines the liabilities of directors and officers and the possibility of indemnification under certain conditions. By changing the obligation to a discretionary 'endeavor to encourage to consider complying,' the modified text weakens the assurance of indemnification, potentially exposing directors and officers to liabilities that the original clause intended to cover, and does not ensure that directors and officers' liabilities will be protected and indemnified, and, in fact, reduces the potential for such protection to happen.",
        "location": "Article 2",
        "scraped_snippet_1": null,
        "scraped_snippet_2": "e-Gov æ³ä»¤æ¤ç´¢",
        "scrape_success": 1
      },
      {
        "type": "Ambiguities - Ambiguous Legal Obligation",
        "original_text": "Notwithstanding Article 1.1, Article 1.2 and Article 1.3 above, the termination of the JV Agreement with respect to VNBJ, VNBZ or the Veoneer Parties shall not release any Veoneer Party or any Nissin Party from liability for the breach of any of its representations, warranties, covenants or agreements set forth in the JV Agreement that arise prior to the VNBJ Closing or the VNBZ Closing, as applicable.",
        "changed_text": "Notwithstanding Article 1.1, Article 1.2 and Article 1.3 above, the termination of the JV Agreement with respect to VNBJ, VNBZ or the Veoneer Parties might not release any Veoneer Party or any Nissin Party from liability for the breach of its more significant representations, warranties, covenants or agreements as identified in the JV Agreement that arise prior to the VNBJ Closing or the VNBZ Closing, as applicable.",
        "explanation": "The original text clearly states that termination of the agreement does not release parties from liability for breaches prior to closing. The modified text introduces ambiguity by using 'might not release' instead of 'shall not release', creating uncertainty about whether liability will actually be enforced. Additionally, limiting the scope to 'more significant' breaches introduces subjectivity, as it is unclear what constitutes a 'more significant' breach.",
        "contradicted_law": "Japanese Contract Law (民法)",
        "law_citation": "Article 545 of the Japanese Civil Code (民法第545条)",
        "law_url1": [
          "http://www.japaneselawtranslation.go.jp/law/detail/?id=2098&vm=04&re=01"
        ],
        "law_url2": [
          "https://elaws.e-gov.go.jp/document?lawid=129AC0000000089"
        ],
        "law_explanation": "Article 545 of the Japanese Civil Code (Minpō) states the effects of contract cancellation. If a contract is canceled, each party is obligated to restore the other to their original condition. The phrase ‘might not release’ is ambiguous and undermines the definiteness expected under Article 545 by casting doubt on the parties’ obligations to restore each other. Further adding the word 'more significant' creates doubt about what level of importance a breach has to reach to trigger legal action.",
        "location": "Article 1.d",
        "scraped_snippet_1": null,
        "scraped_snippet_2": "e-Gov æ³ä»¤æ¤ç´¢",
        "scrape_success": 1
      }
    ]
  }
]