[
  {
    "file_name": "PfHospitalityGroupInc_20150923_10-12G_EX-10.1_9266710_EX-10.1_FranchiseAgreement3.txt",
    "perturbation": [
      {
        "type": "Ambiguities - Ambiguous Legal Obligation",
        "original_text": "Member shall not, during the term of the Franchise Agreement or thereafter, communicate, divulge or use, for any purpose other than the operation of the Franchised Business, any confidential information, knowledge, trade secrets or know-how which may be communicated to Member or which Member may learn by virtue of Member's relationship with Franchisee.",
        "changed_text": "Member should endeavor not to, during the term of the Franchise Agreement or thereafter, communicate, divulge or use, for purposes other than the operation of the Franchised Business, confidential information, knowledge, trade secrets or know-how which may be communicated to Member or which Member may learn by virtue of Member's relationship with Franchisee.",
        "explanation": "Changing 'shall not' to 'should endeavor not to' introduces ambiguity and weakens the obligation to protect confidential information. This creates uncertainty regarding the member's responsibility and allows room for interpretation, potentially leading to the disclosure of sensitive information.",
        "contradicted_law": "The Defend Trade Secrets Act of 2016 (DTSA)",
        "law_citation": "18 U.S. Code § 1836",
        "law_url1": [
          "https://www.law.cornell.edu/topn/defend_trade_secrets_act_of_2016"
        ],
        "law_url2": [
          "https://www.justice.gov/criminal-resource-manual/criminal-resource-manual-1600-trade-secrets#1601"
        ],
        "law_explanation": "The DTSA provides a federal cause of action for trade secret misappropriation. By weakening the obligation to protect confidential information with ambiguous language, the modified text makes it more difficult to enforce non-disclosure agreements, potentially conflicting with the DTSA's goal of protecting trade secrets.",
        "location": "Section 1",
        "scraped_snippet_1": "TOPN: Defend Trade Secrets Act of 2016 | TOPN: Table of Popular Names | US Law | LII / Legal Information Institute Please help us improve our site! × No thank you TOPN: Table of Popular Names 0-9 | A | B | C | D | E | F | G | H | I | J | K | L | M | N | O | P | Q | R | S | T | U | V | W | X | Y | Z Defend Trade Secrets Act of 2016 114-153 , , 2016-05-11, 130 Stat. 376 ( 18 U.S.C. 1 note) An act may refer to only a portion of a Public Law. The tables below are for the entire Public Law. Pub. L. Section Status USC Title USC Section Authorizes 1 18 1 nt 2(f) 18 1833 nt 2(g) 18 1833 nt 2(e) 18 1833 nt 2(c) 18 1833 2(b) 18 1839 2(a) 18 1836 3(b) 18 1961 4 34 41310 6 28 620 nt 7(b) 18 1838 7(a) 18 1833 2(d)(1) 18 1836 3(a)(1) 18 1832 3(a)(2) 18 1835 TOPN: Table of Popular Names Toolbox",
        "scraped_snippet_2": null,
        "scrape_success": 1
      },
      {
        "type": "Ambiguities - Ambiguous Legal Obligation",
        "original_text": "(b) Member covenants and agrees that during the term of the Franchise Agreement, except as otherwise approved in writing by Franchisor, Member shall not, either directly or indirectly, for itself, or through, on behalf of, or in conjunction with any person, persons, partnership, corporation, or entity: (i) Own, manage, engage in, be employed by, advise, make loans to, consult for, rent or lease to, or have any other interest in business that (directly or indirectly) operates, or grants franchises or licenses to operate, a restaurant featuring pizza and related food specialties or that offers products or services substantially similar to those then offered by Pizza Fusions Restaurants (\"Competitive Business\");",
        "changed_text": "(b) Member covenants and agrees that during the term of the Franchise Agreement, except as may be approved in writing by Franchisor, Member shall generally not, either directly or indirectly, for itself, or through, on behalf of, or in conjunction with any person, persons, partnership, corporation, or entity: (i) Own, manage, engage in, be employed by, advise, make loans to, consult for, rent or lease to, or have any other significant interest in a business that (directly or indirectly) operates, or grants franchises or licenses to operate, a restaurant featuring pizza and related food specialties or that offers products or services reasonably similar to those then offered by Pizza Fusions Restaurants (\"Competitive Business\");",
        "explanation": "The change from 'otherwise approved' to 'may be approved' introduces ambiguity regarding the approval process. Replacing 'shall not' with 'shall generally not' weakens the restriction. Using 'significant interest' instead of 'any other interest' and 'reasonably similar' instead of 'substantially similar' are vague terms. This allows the member to argue that their involvement doesn't violate the agreement.",
        "contradicted_law": "California Business and Professions Code Section 16600",
        "law_citation": "Cal Bus & Prof Code § 16600",
        "law_url1": [
          "https://leginfo.legislature.ca.gov/faces/codes_displaySection.xhtml?lawCode=BPC&sectionNum=16600"
        ],
        "law_url2": [
          "https://codes.findlaw.com/ca/business-and-professions-code/bpc-sect-16600.html"
        ],
        "law_explanation": "California Business and Professions Code Section 16600 generally invalidates non-compete agreements. The modified text, with its ambiguities and weakened restrictions, could be interpreted as an attempt to circumvent this law by making the non-compete appear less restrictive while still potentially hindering an individual's ability to engage in lawful professions or trades. The ambiguities would lead to court challenges about the definition of the new words added, such as 'generally,' 'significant' or 'reasonably,' which are not present in the original law.",
        "location": "Section 2(b)",
        "scraped_snippet_1": "California Code, BPC 16600 skip to content home accessibility FAQ feedback sitemap login x Quick Search: Bill Number Bill Keyword Home Bill Information California Law Publications Other Resources My Subscriptions My Favorites California Law >> >> Code Section Code Section Code: Select Code CONS BPC CIV CCP COM CORP EDC ELEC EVID FAM FIN FGC FAC GOV HNC HSC INS LAB MVC PEN PROB PCC PRC PUC RTC SHC UIC VEH WAT WIC Article: Section: Code: Select Code All BPC CIV CCP COM CORP EDC ELEC EVID FAM FIN FGC FAC GOV HNC HSC INS LAB MVC PEN PROB PCC PRC PUC RTC SHC UIC VEH WAT WIC Section: Keyword(s): Code Search Text Search Up^ << Previous Next >> cross-reference chaptered bills PDF | Add To My Favorites Search Phrase: Code Text Business and Professions Code - BPC DIVISION 7. GENERAL BUSINESS REGULATIONS [16000 - 18107] ( Division 7 added by Stats. 1941, Ch. 61. ) PART 2. PRESERVATION AND REGULATION OF COMPETITION [16600 - 17365] ( Part 2 added by Stats. 1941, Ch. 526. ) CHAPTER 1. Contracts in Restraint of Trade [16600 - 16607] ( Chapter 1 added by Stats. 1941, Ch. 526. ) 16600. (a) Except as provided in this chapter, every contract by which anyone is restrained from engaging in a lawful profession, trade, or business of any kind is to that extent void. (b) (1) This section shall be read broadly, in accordance with Edwards v. Arthur Andersen LLP (2008) 44 Cal.4th 937, to void the application of any noncompete agreement in an employment context, or any noncompete clause in an employment contract, no matter how narrowly tailored, that does not satisfy an exception in this chapter. (2) This subdivision does not constitute a change in, but is declaratory of, existing law. (c) This section shall not be limited to contracts where the person being restrained from engaging in a lawful profession, trade, or business is a party to the contract. (Amended by Stats. 2023, Ch. 828, Sec. 1. (AB 1076) Effective January 1, 2024.)",
        "scraped_snippet_2": "California Code, Business and Professions Code - BPC § 16600 | FindLaw California Code, Business and Professions Code - BPC § 16600 Current as of January 01, 2023 | Updated by FindLaw Staff Except as provided in this chapter, every contract by which anyone is restrained from engaging in a lawful profession, trade, or business of any kind is to that extent void. Back to chapter list Previous part of code Next part of code Back to chapter list Copy Cite this article: FindLaw.com - California Code, Business and Professions Code - BPC § 16600 - last updated January 01, 2023 | https://codes.findlaw.com/ca/business-and-professions-code/bpc-sect-16600.html Read this complete California Code, Business and Professions Code - BPC § 16600 on Westlaw . Westlaw subscription required. FindLaw Codes may not reflect the most recent version of the law in your jurisdiction. Please verify the status of the code you are researching with the state legislature or via Westlaw before relying on it for your legal needs. Was this helpful? Yes No Easy to understand Solved my problem Other Missing the information I need Too complicated / too many steps Out of date Other Submit Cancel Search all California Codes Citation or keyword Enter citation or keyword View results Welcome to FindLaw's Cases & Codes A free source of state and federal court opinions, state laws, and the United States Code. For more information about the legal concepts addressed by these cases and statutes, visit FindLaw's Learn About the Law. Go to Learn About the Law Latest Blog Posts Netchoice Files Suit Over Having No Choice With New California Law Author Shot by Police in Her Backyard Charged With Suspicion of Attempted Murder Federal Law Prohibits the Deportation of Incarcerated U.S. Citizens In Win for Banks, House Ends Overdraft Limit Rule For Legal Professionals Practice Management Corporate Counsel Legal Technology Law Students Learn About the Law Get help with your legal needs FindLaw’s Learn About the Law features thousands of informational articles to help you understand",
        "scrape_success": 2
      },
      {
        "type": "Ambiguities - Ambiguous Legal Obligation",
        "original_text": "Member acknowledges that any failure to comply with the requirements of this Agreement will cause Franchisor irreparable injury, and Member agrees to pay all court costs and reasonable attorney's fees incurred by Franchisor in obtaining specific performance of, or an injunction against violation of, the requirements of this Agreement.",
        "changed_text": "Member acknowledges that any significant failure to reasonably comply with the general requirements of this Agreement might cause Franchisor injury, and Member agrees to potentially contribute to court costs and possibly reasonable attorney's fees incurred by Franchisor in endeavoring to obtain specific performance of, or an injunction against serious violation of, the core requirements of this Agreement.",
        "explanation": "The use of 'significant failure,' 'reasonably comply,' 'general requirements,' 'might cause injury,' 'potentially contribute,' 'possibly reasonable,' 'endeavoring to obtain,' and 'serious violation' adds layers of ambiguity. This significantly weakens the enforceability of the agreement by introducing subjective elements that can be easily challenged in court.",
        "contradicted_law": "Federal Rules of Civil Procedure - Rule 54(d)(1)",
        "law_citation": "FRCP Rule 54(d)(1)",
        "law_url1": [
          "https://www.law.cornell.edu/rules/frcp/rule_54"
        ],
        "law_url2": [
          "https://www.uscourts.gov/rules-policies/current-rules-practice-procedure/federal-rules-civil-procedure"
        ],
        "law_explanation": "Federal Rule of Civil Procedure 54(d)(1) generally states that costs, other than attorney's fees, should be allowed to the prevailing party unless a federal statute, these rules, or a court order provides otherwise. By making the payment of court costs 'potential' and attorney's fees 'possible', the altered text contradicts the typical awarding of costs to the prevailing party and introduces ambiguity, making the outcome unpredictable and potentially violating the spirit of the FRCP.",
        "location": "Section 3",
        "scraped_snippet_1": "Rule 54. Judgment; Costs | Federal Rules of Civil Procedure | US Law | LII / Legal Information Institute Please help us improve our site! × No thank you Rule 54. Judgment; Costs (a) Definition; Form. “Judgment” as used in these rules includes a decree and any order from which an appeal lies. A judgment should not include recitals of pleadings, a master's report, or a record of prior proceedings. (b) Judgment on Multiple Claims or Involving Multiple Parties. When an action presents more than one claim for relief—whether as a claim, counterclaim, crossclaim, or third-party claim—or when multiple parties are involved, the court may direct entry of a final judgment as to one or more, but fewer than all, claims or parties only if the court expressly determines that there is no just reason for delay. Otherwise, any order or other decision, however designated, that adjudicates fewer than all the claims or the rights and liabilities of fewer than all the parties does not end the action as to any of the claims or parties and may be revised at any time before the entry of a judgment adjudicating all the claims and all the parties’ rights and liabilities. (c) Demand for Judgment; Relief to Be Granted. A default judgment must not differ in kind from, or exceed in amount, what is demanded in the pleadings. Every other final judgment should grant the relief to which each party is entitled, even if the party has not demanded that relief in its pleadings. (d) Costs; Attorney's Fees. (1) Costs Other Than Attorney's Fees. Unless a federal statute, these rules, or a court order provides otherwise, costs—other than attorney's fees—should be allowed to the prevailing party. But costs against the United States, its officers, and its agencies may be imposed only to the extent allowed by law. The clerk may tax costs on 14 days’ notice. On motion served within the next 7 days, the court may review the clerk's action. (2) Attorney's Fees. (A) Claim to Be by Motion. A claim for attorney's fees and r",
        "scraped_snippet_2": "Federal Rules of Civil Procedure Skip to main content Official websites use .gov A .gov website belongs to an official government organization in the United States. Secure .gov websites use HTTPS A lock ( Lock Locked padlock icon ) or https:// means you’ve safely connected to the .gov website. Share sensitive information only on official, secure websites. Federal Rules of Civil Procedure The Federal Rules of Civil Procedure govern civil proceedings in the United States district courts. The purpose of the Federal Rules of Civil Procedure is \"to secure the just, speedy, and inexpensive determination of every action and proceeding.\" Fed. R. Civ. P. 1. The rules were first adopted by order of the Supreme Court on December 20, 1937, transmitted to Congress on January 3, 1938, and effective September 16, 1938. The Civil Rules were last amended in 2024. Read the Federal Rules of Civil Procedure (PDF) Related Downloads Federal Rules of Civil Procedure 431.61 KB Return to top Your browser does not support Javascript. Your browser does not support Javascript.",
        "scrape_success": 2
      }
    ]
  }
]