[
  {
    "file_name": "SIBANNAC,INC_12_04_2017-EX-2.1-StrategicAllianceAgreement.txt",
    "perturbation": [
      {
        "type": "Ambiguities - Ambiguous Legal Obligation",
        "original_text": "5) Confidentiality \"Confidential information\" shall mean any and all technical and non-technical information, documents and materials related to client projects of party and products, services and business of each of the parties. COMPANY and Bravatek agree to maintain in strict confidence and not to disclose or disseminate, or to use for any purposes other than performance of the projects, the Confidential Information disclosed.",
        "changed_text": "5) Confidentiality \"Confidential information\" shall mean any and all technical and non-technical information, documents and materials related to client projects of party and products, services and business of each of the parties. COMPANY and Bravatek agree to endeavor to maintain in confidence and avoid disclosure or dissemination of the Confidential Information disclosed.",
        "explanation": "Changing 'agree to maintain in strict confidence' to 'endeavor to maintain in confidence' weakens the obligation, making the protection of confidential information less stringent and more discretionary. Replacing 'not to disclose' with 'avoid disclosure' further reduces the binding nature of the confidentiality clause.",
        "contradicted_law": "Texas Trade Secrets Act",
        "law_citation": "§ 134A.002. MISAPPROPRIATION.",
        "law_url1": [
          "https://statutes.capitol.texas.gov/Docs/CP/htm/CP.134A.htm"
        ],
        "law_url2": [
          "https://www.uniformlaws.org/HigherLogic/System/DownloadDocumentFile.ashx?DocumentFileKey=9a2873b7-4326-b02b-c449-38c21c356d4d&forceDialog=0"
        ],
        "law_explanation": "The Texas Trade Secrets Act requires a showing of misappropriation, which is facilitated when companies have clear obligations to protect trade secrets. Changing the language from 'maintain in strict confidence' to 'endeavor to maintain in confidence' and from 'not to disclose' to 'avoid disclosure' makes it more difficult to prove misappropriation because it introduces ambiguity about the level of care required and whether a breach occurred. The original agreement mandates specific action, while the modified version provides leniency.",
        "location": "Section 5",
        "scraped_snippet_1": "ï»¿ CIVIL PRACTICE AND REMEDIES CODE CHAPTER 134A. TRADE SECRETS CIVIL PRACTICE AND REMEDIES CODE TITLE 6. MISCELLANEOUS PROVISIONS CHAPTER 134A. TRADE SECRETS Sec. 134A.001. SHORT TITLE. This chapter may be cited as the Texas Uniform Trade Secrets Act. Added by Acts 2013, 83rd Leg., R.S., Ch. 10 (S.B. 953 ), Sec. 1, eff. September 1, 2013. Sec. 134A.002. DEFINITIONS. In this chapter: (1) \"Claimant\" means a party seeking to recover damages under this chapter, including a plaintiff, counterclaimant, cross-claimant, or third-party plaintiff. In an action in which a party seeks recovery of damages under this chapter on behalf of another person, \"claimant\" includes both that other person and the party seeking recovery of damages. (1-a) \"Clear and convincing\" means the measure or degree of proof that will produce in the mind of the trier of fact a firm belief or conviction as to the truth of the allegations sought to be established. (2) \"Improper means\" includes theft, bribery, misrepresentation, breach or inducement of a breach of a duty to maintain secrecy, to limit use, or to prohibit discovery of a trade secret, or espionage through electronic or other means. (3) \"Misappropriation\" means: (A) acquisition of a trade secret of another by a person who knows or has reason to know that the trade secret was acquired by improper means; or (B) disclosure or use of a trade secret of another without express or implied consent by a person who: (i) used improper means to acquire knowledge of the trade secret; (ii) at the time of disclosure or use, knew or had reason to know that the person's knowledge of the trade secret was: (a) derived from or through a person who used improper means to acquire the trade secret; (b) acquired under circumstances giving rise to a duty to maintain the secrecy of or limit the use of the trade secret; or (c) derived from or through a person who owed a duty to the person seeking relief to maintain the secrecy of or limit the use of the trade secret; or (iii) before a material change of the position of the person, knew or had reason to know that the trade secret was a trade secret and that knowledge of the trade secret had been acquired by accident or mistake. (3-a) \"Owner\" means, with respect to a trade secret, the person or entity in whom or in which rightful, legal, or equitable title to, or the ",
        "scraped_snippet_2": null,
        "scrape_success": 1
      },
      {
        "type": "Ambiguities - Ambiguous Legal Obligation",
        "original_text": "6) Term of Confidentiality For a period of five (5) years after termination of this Agreement, the parties shall treat as confidential all information and take every reasonable precaution and use all reasonable efforts to prevent the unauthorized disclosure of the same. The parties agree to take all steps reasonably necessary and appropriate to ensure that their employees, agents, and/or assistants treat all information as confidential and to ensure that such employees, agents, and/or assistants are familiar with and abide by the terms of this Agreement.",
        "changed_text": "6) Term of Confidentiality For a period of five (5) years after termination of this Agreement, the parties should consider treating information as confidential and may take some precautions to prevent unauthorized disclosure. The parties may take some steps to encourage their employees, agents, and/or assistants to treat information as confidential.",
        "explanation": "By changing 'shall treat' to 'should consider treating,' 'take every reasonable precaution and use all reasonable efforts' to 'may take some precautions,' and 'agree to take all steps reasonably necessary' to 'may take some steps to encourage,' the legally binding obligation to protect confidential information is significantly weakened and becomes discretionary.",
        "contradicted_law": "Texas Business and Commerce Code § 5.001",
        "law_citation": "Texas Business and Commerce Code § 5.001. Good Faith",
        "law_url1": [
          "https://statutes.capitol.texas.gov/Docs/BC/htm/BC.5.htm"
        ],
        "law_url2": [
          "https://law.justia.com/codes/texas/business-and-commerce-code/title-1/chapter-5/section-5.001/"
        ],
        "law_explanation": "Texas Business and Commerce Code § 5.001 defines good faith as 'honesty in fact in the conduct or transaction concerned'. The original clause requires acting to protect confidentiality, showing good faith. The modified clause allows for less action, potentially violating the standard of 'honesty in fact', particularly if little or no action is taken to protect confidential information. The alterations can be interpreted as not acting honestly in the transaction's conduct, especially after termination, thereby contradicting that law.",
        "location": "Section 6",
        "scraped_snippet_1": "ï»¿ BUSINESS AND COMMERCE CODE CHAPTER 5. LETTERS OF CREDIT BUSINESS AND COMMERCE CODE TITLE 1. UNIFORM COMMERCIAL CODE CHAPTER 5. LETTERS OF CREDIT Sec. 5.101. SHORT TITLE. This chapter may be cited as Uniform Commercial Code--Letters of Credit. Amended by Acts 1999, 76th Leg., ch. 4, Sec. 1, eff. Sept. 1, 1999. Sec. 5.102. DEFINITIONS. (a) in this chapter: (1) \"Adviser\" means a person who, at the request of the issuer, a confirmer, or another adviser, notifies or requests another adviser to notify the beneficiary that a letter of credit has been issued, confirmed, or amended. (2) \"Applicant\" means a person at whose request or for whose account a letter of credit is issued. The term includes a person who requests an issuer to issue a letter of credit on behalf of another if the person making the request undertakes an obligation to reimburse the issuer. (3) \"Beneficiary\" means a person who under the terms of a letter of credit is entitled to have its complying presentation honored. The term includes a person to whom drawing rights have been transferred under a transferable letter of credit. (4) \"Confirmer\" means a nominated person who undertakes, at the request or with the consent of the issuer, to honor a presentation under a letter of credit issued by another. (5) \"Dishonor\" of a letter of credit means failure timely to honor or to take an interim action, such as acceptance of a draft, that may be required by the letter of credit. (6) \"Document\" means a draft or other demand, document of title, investment security, certificate, invoice, or other record, statement, or representation of fact, law, right, or opinion (i) that is presented in a written or other medium permitted by the letter of credit or, unless prohibited by the letter of credit, by the standard practice referred to in Section 5.108 (e); and (ii) that is capable of being examined for compliance with the terms and conditions of the letter of credit. A document may not be oral. (7) \"Good faith\" means honesty in fact in the conduct or transaction concerned. (8) \"Honor\" of a letter of credit means performance of the issuer's undertaking in the letter of credit to pay or deliver an item of value. Unless the letter of credit otherwise provides, \"honor\" occurs: (A) upon payment; (B) if the letter of credit provides for acceptance, upon acceptance of a draft and, at maturity, its payment; or (C) if the letter of credit provides for incurring a deferred obligation, upon incurring the obligation and, at maturity, its performance. (9) \"Issuer\" means a bank or other person that issues a letter of credit, but does not include an individual who makes an engagement for personal, family, or household purposes. (10) \"Letter of credit\" means a definite undertaking that satisfies the requirements of Section 5.104 by an issuer to a beneficiary at the request or for the account of an applicant or, in the case of a financial institution, to itself or for its own account, to honor a documentary presentation by payment or delivery of an item of value. (11) \"Nominated person\" means a person whom the issuer: (A) designates or authorizes to pay, accept, negotiate, or otherwise give value under a letter of credit; and (B) undertakes by agreement or custom and practice to reimburse. (12) \"Presentation\" means delivery of a document to an issuer or nominated person for honor or giving of value under a letter of credit. (13) \"Presenter\" means a person making a presentation as or on behalf of a beneficiary or nominated person. (14) \"Record\" means information that is inscribed on a tangible medium or that is stored in an electronic or other medium and is retrievable in perceivable form. (15) \"Successor of a beneficiary\" means a person who succeeds to substantially all of the rights of a beneficiary by operation of law, including a corporation with or into which the beneficiary has been merged or consolidated, an administrator, an executor, a personal representative, a trustee in bankruptcy, a de",
        "scraped_snippet_2": null,
        "scrape_success": 1
      },
      {
        "type": "Ambiguities - Ambiguous Legal Obligation",
        "original_text": "10) Indemnification COMPANY shall indemnify Bravatek, its directors, officers and employees, for any and all damages, costs, expenses, and other liabilities, including reasonable attorney's fees and court costs incurred in connection with any third-party claim, action or proceeding arising from the negligence or intentional misconduct of COMPANY or breach of COMPANY of any of its obligations under this Agreement.",
        "changed_text": "10) Indemnification COMPANY may indemnify Bravatek, its directors, officers and employees, for damages, costs, expenses, and other liabilities arising from the actions of COMPANY.",
        "explanation": "Changing 'shall indemnify' to 'may indemnify' transforms a mandatory obligation into a discretionary one. Removing the specific qualifiers 'negligence or intentional misconduct' and 'breach of COMPANY of any of its obligations under this Agreement' widens the scope to 'arising from actions of COMPANY', but simultaneously makes it difficult to determine when indemnification is actually required.",
        "contradicted_law": "Texas Civil Practice & Remedies Code § 41.001",
        "law_citation": "Texas Civil Practice & Remedies Code § 41.001. FINDINGS REQUIRED FOR EXEMPLARY DAMAGES",
        "law_url1": [
          "https://statutes.capitol.texas.gov/Docs/CP/htm/CP.41.htm"
        ],
        "law_url2": [
          "https://codes.findlaw.com/tx/civil-practice-and-remedies-code/cp-sect-41-001.html"
        ],
        "law_explanation": "Under Texas law (Texas Civil Practice & Remedies Code § 41.001), exemplary damages (punitive damages) can be awarded only if the harm results from fraud, malice, or gross negligence. By making indemnification discretionary for any 'damages, costs, expenses, and other liabilities arising from the actions of COMPANY,' irrespective of whether those actions constituted fraud, malice, or gross negligence, the modified agreement implies an agreement to potentially indemnify even when such exemplary damages would not be legally justified. The modification thus introduces ambiguity and a potential contradiction regarding the legally permissible scope of indemnification under Texas law.",
        "location": "Section 10",
        "scraped_snippet_1": "ï»¿ CIVIL PRACTICE AND REMEDIES CODE CHAPTER 41. DAMAGES CIVIL PRACTICE AND REMEDIES CODE TITLE 2. TRIAL, JUDGMENT, AND APPEAL SUBTITLE C. JUDGMENTS CHAPTER 41. DAMAGES Sec. 41.001. DEFINITIONS. In this chapter: (1) \"Claimant\" means a party, including a plaintiff, counterclaimant, cross-claimant, or third-party plaintiff, seeking recovery of damages. In a cause of action in which a party seeks recovery of damages related to injury to another person, damage to the property of another person, death of another person, or other harm to another person, \"claimant\" includes both that other person and the party seeking recovery of damages. (2) \"Clear and convincing\" means the measure or degree of proof that will produce in the mind of the trier of fact a firm belief or conviction as to the truth of the allegations sought to be established. (3) \"Defendant\" means a party, including a counterdefendant, cross-defendant, or third-party defendant, from whom a claimant seeks relief. (4) \"Economic damages\" means compensatory damages intended to compensate a claimant for actual economic or pecuniary loss; the term does not include exemplary damages or noneconomic damages. (5) \"Exemplary damages\" means any damages awarded as a penalty or by way of punishment but not for compensatory purposes. Exemplary damages are neither economic nor noneconomic damages. 'Exemplary damages' includes punitive damages. (6) \"Fraud\" means fraud other than constructive fraud. (7) \"Malice\" means a specific intent by the defendant to cause substantial injury or harm to the claimant. (7-a) \"Net worth\" means the total assets of a person minus the total liabilities of the person on a date determined appropriate by the trial court. (8) \"Compensatory damages\" means economic and noneconomic damages. The term does not include exemplary damages. (9) \"Future damages\" means damages that are incurred after the date of the judgment. Future damages do not include exemplary damages. (10) \"Future loss of earnings\" means a pecuniary loss incurred after the date of the judgment, including: (A) loss of income, wages, or earning capacity; and (B) loss of inheritance. (11) \"Gross negligence\" means an a",
        "scraped_snippet_2": null,
        "scrape_success": 1
      }
    ]
  }
]