[
  {
    "file_name": "LohaCompanyltd_20191209_F-1_EX-10.16_11917878_EX-10.16_SupplyAgreement.txt",
    "perturbation": [
      {
        "type": "Ambiguities - Ambiguous Legal Obligation",
        "original_text": "The seller shall be confirmed within three working days after receipt of order. If the seller finds order is not acceptable or need to modify, should note entrusted party in two working days after receipt of the order, If the seller did not confirm orders in time or notice not accept orders or modifications, the seller is deemed to have been accepted the order. The orders become effective once the seller accepts, any party shall not unilaterally cancel the order before the two sides agreed .",
        "changed_text": "The seller should endeavor to confirm within a reasonable timeframe after receipt of order. If the seller finds the order potentially unacceptable or requires modification, the seller may notify the entrusted party within a suitable period after receipt of the order. If the seller does not confirm orders promptly or provides notice of potential non-acceptance or modifications, the seller might be considered to have potentially accepted the order. The orders become effective once the seller possibly accepts, any party can explore cancellation of the order before the two sides fully agree.",
        "explanation": "The modification introduces several ambiguities. Replacing 'shall be confirmed within three working days' with 'should endeavor to confirm within a reasonable timeframe' makes the confirmation deadline vague. Similarly, 'If the seller finds order is not acceptable or need to modify, should note entrusted party in two working days after receipt of the order' is replaced with a weaker 'If the seller finds the order potentially unacceptable or requires modification, the seller may notify the entrusted party within a suitable period after receipt of the order', creating uncertainty around the notification requirements. The phrases 'might be considered to have potentially accepted the order' and 'once the seller possibly accepts' dilute the acceptance criteria. Finally, 'any party shall not unilaterally cancel the order before the two sides agreed' is changed to 'any party can explore cancellation of the order before the two sides fully agree', which contradicts the original intent of preventing unilateral cancellation. The use of terms such as 'reasonable timeframe', 'potentially unacceptable', 'suitable period', 'might be considered', 'possibly accepts', and 'fully agree' introduce significant ambiguity.",
        "contradicted_law": "Contract Law of the People's Republic of China",
        "law_citation": "Contract Law of the People's Republic of China, Article 17",
        "law_url1": [
          "http://www.npc.gov.cn/wxzl/english/lawsoft/pdf/20731178951382437.pdf"
        ],
        "law_url2": [
          "https://www.wipo.int/wipolex/en/text/240217"
        ],
        "law_explanation": "Article 17 of the Contract Law of the People's Republic of China states that 'An offer shall become effective when it reaches the offeree.' The changes introduce ambiguity around acceptance of the offer, creating a loophole where the seller can delay confirmation indefinitely, making it difficult to determine when the contract legally becomes effective. The original text ensures a clear timeline for acceptance, while the altered text creates uncertainty and potential for disputes, conflicting with the intention of establishing a binding agreement.",
        "location": "2.2",
        "scraped_snippet_1": "ä¸­å½äººå¤§ç½ ä¹ è¿å¹³å¨æ¬åå¯¨åªä½åè¡¨ç½²åæç« ä¹ è¿å¹³åé©¬æ¥è¥¿äºæ»çå®ç¦å°ä¸¾è¡ä¼è° ä¹ è¿å¹³ä¼è§é©¬æ¥è¥¿äºæé«å é¦æåææ¬£ èµµä¹é åè¬å °è®®é¿åæï¼é¿éä¸¾è¡ä¼è° èµµä¹é ä¼è§ä¿ç½æ¯å½å®¶æé©¬å¯ä¸»å¸­å·´å·´ç§å¤« èµµä¹é åæå¤§å©åè®®é¿æé²è¨ä¸¾è¡ä¼è° Â Â Â Â Â èµµä¹é åè¬å °è®®é¿åæï¼é¿éä¸¾è¡ä¼è° èµµä¹é ä¼è§ä¿ç½æ¯å½å®¶æé©¬å¯ä¸»å¸­å·´å·´ç§å¤« èµµä¹é åæå¤§å©åè®®é¿æé²è¨ä¸¾è¡ä¼è° æé¸¿å¿ åºå¸­å°æ¹äººå¤§å¸¸å§ä¼è´è´£åå¿å­¦ä¹ å¹è®­ç­ çä¸æçå ¨å½äººå¤§å¸¸å§ä¼è°ç ç»å°æ²³åå¼å±ä¸é¢è°ç  ä½ç»´çå ¨å½äººå¤§å¸¸å§ä¼è°ç ç»å°æµ·åå¼å±è°ç  å ¨å½äººå¤§å¸¸å§ä¼å¯å§åé¿æ´æ¡æ±æè®¿é®èå¤å½ å ¨å½äººå¤§å¸¸å§ä¼å¯å§åé¿éªå æ¥æÂ·æå å°çè°ç ç»å°èµ£è°ç  å ¨å½äººå¤§å¸¸å§ä¼æºå ³å ç»çè®ºå­¦ä¹ ä¸­å¿ç»å¼å±éä½å­¦ä¹ ç è®¨ åå¿å ±ç»ä¸­å½å¼ç°ä»£åæ°å¾æ¯ å§åé¿ èµµä¹é å¯å§åé¿ æé¸¿å¿ çä¸æ èãæ· éå»ºé¦ ä¸ä»²ç¤¼ éæé è¡è¾¾å³° ä½ãç»´ æ­¦ç»´å éãå å½­æ¸ å å¼ åºä¼ æ´æ¡æ±æ éªå æ¥æÂ·æå å° ç§ä¹¦é¿ åãå¥ æºæä¸»é¡µ æ°æå§åä¼ å®ªæ³åæ³å¾å§åä¼ çå¯åå¸æ³å§åä¼ è´¢æ¿ç»æµå§åä¼ æç§æå«å§åä¼ å¤äºå§åä¼ åä¾¨å§åä¼ ç¯å¢ä¸èµæºä¿æ¤å§åä¼ åä¸ä¸åæå§åä¼ ç¤¾ä¼å»ºè®¾å§åä¼ ä»£è¡¨èµæ ¼å®¡æ¥å§åä¼ å¸¸å§ä¼åå ¬å æ³å¶å·¥ä½å§åä¼ é¢ç®å·¥ä½å§åä¼ é¦æ¸¯åºæ¬æ³å§åä¼ æ¾³é¨åºæ¬æ³å§åä¼ ä»£è¡¨å·¥ä½å§åä¼ ç«æ³å¨æ | æ³å¾èæ¡å®¡è®® | æ³å¶å¤©å° | ç«æ³ä¸é¢ ç«æ³ ä¸ºæ°å½¢å¿ä¸åå¥½å½å®¶å®å ¨å·¥ä½æä¾åå®æ³æ²»ä¿é æ¨å¨ç§æ®é«è´¨éåå± ç­ç¢ç§æåæ°æ³æ²»æ ¹åº ä»¥æ³ä¹åæ¤ç°å® ä¸­åæèç»½è³å ç­ç¢æç©âåºä¿å°½ä¿âæ³æ²»å±é æ¯æåä¿éäººå¤§ä»£è¡¨æ´å¥½ä¾æ³å±¥è å¨æ³æ²»è½¨éä¸æ¨å¨äººå¤§ä»£è¡¨å·¥ä½é«è´¨éåå± ç«æ³æ­£å½å ¶æ¶ï¼ä¿éæ°è¥ç»æµå¤§æ¾èº«æ âåæ±åå³âä¼ æ°å£° æå±æ¸¯æ¾³âæååâ ç°è¡æææ³å¾ç®å½ï¼305ä»¶ï¼ æ´å¤ >> ç»¼å | æ§æ³æ£æ¥ | å·¥ä½çç£ | å®¡è®®åè¨ | å®¡è®®æè§ | çç£ä¸é¢ çç£ å ¨å½äººå¤§çå¯åå¸æ³å§åä¼å°éå¼å±çå¯æ³å®æ½æå ³... ä»âå½å®¶è´¦æ¬âçè´¢æ¿æ¿ç­ååç¹ ä½ çæ°çâå¹¸ç¦è´¦æ¬âï¼è¯·æ¥æ¶ï¼ å»å¹´ç«çâFlagâï¼ä»å¹´æé«æ³ååºäºï¼ æ°è¯´ä¸¤é«æ¥åï¼çå¸æ³ä¸ºæ°çååº¦åæ¸©åº¦ å½°æ¾å ¬å¹³æ­£ä¹ï¼è§£ç ä¸¤é«æ¥åä¸­çè¿äºæ°çæ¡ æ³æ²»æ¾ååº¦ æ°çææ¸©åº¦ ä»å ¨å½ä¸¤ä¼çæ³æ²»ä¸­å½å»ºè®¾æ°è¿å± å å¤§ååº¦ä¿éåæ¹åæ°ç æ´å¤ >> ä»£è¡¨æ´»å¨ | ä»£è¡¨é£é | è®®æ¡å»ºè®® | ä»£è¡¨å­¦ä¹ ä»£è¡¨ çæ°¸çº¢ï¼âèæ ¹âåæ°å©åçººç»ä¸ç¾ä¸½ä¼ æ¿ å å¿å¯ï¼è®©æ´å¤äººæ¥å³å±±æåå³ä¹¡æ åå¹³ï¼è¦ç»âä¸æåâ è¿½æ±ç²¾çæ±ç²¾ é­æçï¼ç¨ç­è½§ä¸çº¿çâéâåº¦å»å±¥è ä¾æ³å±¥èä¸æ­å¯ååäººæ°ç¾¤ä¼èç³» å´éç¬ï¼åæ°åå¥½åºå±æ²»çâå åæ³â æ±ªè£ç§ï¼âææ°è °å é¼äºï¼æå¿éæè¸å®â è¡ç¾å¨¥ï¼ç§åºâéæå­â å¸¦æ¥âçæ¥å­â æ¨æ°¸ï¼ä»¥åææ èåå©åæé èåâæ±åæ°´ä¹¡â æ´å¤ >> ä¸é¢è®²åº§ | äººå¤§å¶åº¦ | æ³å¶å»ºè®¾ | å·¥ä½ç è®¨ | è§ç¹ çè®º è®¸å®æ ï¼æ·±å»ææ¡ç«æ³å·¥ä½çæ¶ä»£ä½¿å½ å ååæ¥äººå¤§... å ¨è¿ç¨äººæ°æ°ä¸»ï¼æ°æ¶ä»£ä¸­å½æ°ä¸»çæ°å½¢æä¸æ°è´¡ç® æ°æ¶ä»£æ°å¾ç¨åæå¥½ãå®åå¥½ãè¿è¡å¥½äººæ°ä»£è¡¨å¤§ä¼... æ·±åå ¨æ°å½é²æè² åæ¤å½é²å®å ¨æè¯ åæå çé¢å¯¼ãäººæ°å½å®¶ä½ä¸»ãä¾æ³æ²»å½ææºç»ä¸ç... åæå¥½ãå®åå¥½ãè¿è¡å¥½äººæ°ä»£è¡¨å¤§ä¼å¶åº¦ äººæ°ä»£è¡¨å¤§ä¼å¶åº¦è´å«âä¸­å½ä¹æ²»âå¶åº¦å¯ç  åå®äººå¤§å·¥ä½çå¤§æ¹åå¤§ååå¤§éç åå¿ æ¢ ï¼æ·±å ¥ç ç©¶çæç¯å¢æ³å ¸ç¼çºçåºæ¬é®é¢ æ´å¤ >> å¾ç è§é¢ ç´æ­ æ°é»åå¸ä¼ ç´æ­ï¼ååå±å ¨å½äººå¤§ä¸æ¬¡ä¼è®®ç¬¬ä¸åºâé¨é¿ééâ... ç´æ­ï¼ååå±å ¨å½äººå¤§ä¸",
        "scraped_snippet_2": null,
        "scrape_success": 1
      },
      {
        "type": "Ambiguities - Ambiguous Legal Obligation",
        "original_text": "All wooden material of shipping package must be treated as the requirements of Entry-Exit Inspection and Quarantine Bureau of China, by the agent whom is certified by the government where the goods is exported. And the goods must be marked with the IPPC stamps, which are certified by the government agent of Botanical-Inspection and Quarantine Bureau.",
        "changed_text": "All wooden material of shipping package should be treated according to general guidelines related to Entry-Exit Inspection and Quarantine Bureau of China, preferably by an agent generally recognized by the government where the goods are exported. And the goods may be marked with something similar to IPPC stamps, potentially certified by a somewhat related government agent.",
        "explanation": "The modification introduces ambiguity by weakening the mandatory language and specific requirements. Replacing 'must be treated as the requirements' with 'should be treated according to general guidelines' makes the treatment discretionary and vague. Similarly, 'by the agent whom is certified by the government' is weakened to 'preferably by an agent generally recognized by the government', making the agent's certification less certain. The phrase 'And the goods must be marked with the IPPC stamps, which are certified by the government agent of Botanical-Inspection and Quarantine Bureau' is altered to the ambiguous 'And the goods may be marked with something similar to IPPC stamps, potentially certified by a somewhat related government agent', creating uncertainty around the marking requirements and the certifying agent's credentials.",
        "contradicted_law": "Law of the People's Republic of China on Entry and Exit Animal and Plant Quarantine",
        "law_citation": "Law of the People's Republic of China on Entry and Exit Animal and Plant Quarantine, Article 20",
        "law_url1": [
          "http://www.fao.org/faolex/results/details/en/c/LEX-FAOC036484/"
        ],
        "law_url2": [
          "https://www.customs.gov.cn/customs/302249/302266/302267/2736980/index.html"
        ],
        "law_explanation": "Article 20 specifies clear requirements for quarantine inspection and treatment of imported goods to prevent the spread of pests and diseases. By using weaker terms such as 'general guidelines', 'generally recognized', 'may be marked with something similar', and 'potentially certified', the modified text contradicts the law's intent of enforcing strict and specific quarantine measures for imported goods, specifically wood packaging.",
        "location": "5",
        "scraped_snippet_1": "FAOLEX FAOLEX Database",
        "scraped_snippet_2": null,
        "scrape_success": 1
      },
      {
        "type": "Ambiguities - Ambiguous Legal Obligation",
        "original_text": "The Sellers guarantee that the commodity hereof is complies in all respects with the quality and specification stipulated in this Contract.",
        "changed_text": "The Sellers generally intend for the commodity hereof to substantially comply with the quality and specification outlined in this Contract.",
        "explanation": "This modification replaces the firm guarantee with a weaker statement of intent. Replacing 'guarantee' with 'generally intend' significantly reduces the seller's liability. Additionally, replacing 'complies in all respects' with 'substantially comply' introduces ambiguity regarding the level of compliance required. This makes it more difficult for the buyer to hold the seller accountable for deviations from the agreed-upon quality and specifications.",
        "contradicted_law": "Contract Law of the People's Republic of China",
        "law_citation": "Contract Law of the People's Republic of China, Article 153",
        "law_url1": [
          "http://www.npc.gov.cn/wxzl/english/lawsoft/pdf/20731178951382437.pdf"
        ],
        "law_url2": [
          "https://www.wipo.int/wipolex/en/text/240217"
        ],
        "law_explanation": "Article 153 of the Contract Law of the People's Republic of China addresses the quality requirements of goods. It implies that the seller is responsible for ensuring that the goods meet the agreed-upon standards. By weakening the guarantee and introducing 'substantially comply,' the modified text makes it more difficult to enforce the quality and specification clauses, undermining the buyer's protection under contract law.",
        "location": "15",
        "scraped_snippet_1": "ä¸­å½äººå¤§ç½ ä¹ è¿å¹³å¨æ¬åå¯¨åªä½åè¡¨ç½²åæç« ä¹ è¿å¹³åé©¬æ¥è¥¿äºæ»çå®ç¦å°ä¸¾è¡ä¼è° ä¹ è¿å¹³ä¼è§é©¬æ¥è¥¿äºæé«å é¦æåææ¬£ èµµä¹é åè¬å °è®®é¿åæï¼é¿éä¸¾è¡ä¼è° èµµä¹é ä¼è§ä¿ç½æ¯å½å®¶æé©¬å¯ä¸»å¸­å·´å·´ç§å¤« èµµä¹é åæå¤§å©åè®®é¿æé²è¨ä¸¾è¡ä¼è° Â Â Â Â Â èµµä¹é åè¬å °è®®é¿åæï¼é¿éä¸¾è¡ä¼è° èµµä¹é ä¼è§ä¿ç½æ¯å½å®¶æé©¬å¯ä¸»å¸­å·´å·´ç§å¤« èµµä¹é åæå¤§å©åè®®é¿æé²è¨ä¸¾è¡ä¼è° æé¸¿å¿ åºå¸­å°æ¹äººå¤§å¸¸å§ä¼è´è´£åå¿å­¦ä¹ å¹è®­ç­ çä¸æçå ¨å½äººå¤§å¸¸å§ä¼è°ç ç»å°æ²³åå¼å±ä¸é¢è°ç  ä½ç»´çå ¨å½äººå¤§å¸¸å§ä¼è°ç ç»å°æµ·åå¼å±è°ç  å ¨å½äººå¤§å¸¸å§ä¼å¯å§åé¿æ´æ¡æ±æè®¿é®èå¤å½ å ¨å½äººå¤§å¸¸å§ä¼å¯å§åé¿éªå æ¥æÂ·æå å°çè°ç ç»å°èµ£è°ç  å ¨å½äººå¤§å¸¸å§ä¼æºå ³å ç»çè®ºå­¦ä¹ ä¸­å¿ç»å¼å±éä½å­¦ä¹ ç è®¨ åå¿å ±ç»ä¸­å½å¼ç°ä»£åæ°å¾æ¯ å§åé¿ èµµä¹é å¯å§åé¿ æé¸¿å¿ çä¸æ èãæ· éå»ºé¦ ä¸ä»²ç¤¼ éæé è¡è¾¾å³° ä½ãç»´ æ­¦ç»´å éãå å½­æ¸ å å¼ åºä¼ æ´æ¡æ±æ éªå æ¥æÂ·æå å° ç§ä¹¦é¿ åãå¥ æºæä¸»é¡µ æ°æå§åä¼ å®ªæ³åæ³å¾å§åä¼ çå¯åå¸æ³å§åä¼ è´¢æ¿ç»æµå§åä¼ æç§æå«å§åä¼ å¤äºå§åä¼ åä¾¨å§åä¼ ç¯å¢ä¸èµæºä¿æ¤å§åä¼ åä¸ä¸åæå§åä¼ ç¤¾ä¼å»ºè®¾å§åä¼ ä»£è¡¨èµæ ¼å®¡æ¥å§åä¼ å¸¸å§ä¼åå ¬å æ³å¶å·¥ä½å§åä¼ é¢ç®å·¥ä½å§åä¼ é¦æ¸¯åºæ¬æ³å§åä¼ æ¾³é¨åºæ¬æ³å§åä¼ ä»£è¡¨å·¥ä½å§åä¼ ç«æ³å¨æ | æ³å¾èæ¡å®¡è®® | æ³å¶å¤©å° | ç«æ³ä¸é¢ ç«æ³ ä¸ºæ°å½¢å¿ä¸åå¥½å½å®¶å®å ¨å·¥ä½æä¾åå®æ³æ²»ä¿é æ¨å¨ç§æ®é«è´¨éåå± ç­ç¢ç§æåæ°æ³æ²»æ ¹åº ä»¥æ³ä¹åæ¤ç°å® ä¸­åæèç»½è³å ç­ç¢æç©âåºä¿å°½ä¿âæ³æ²»å±é æ¯æåä¿éäººå¤§ä»£è¡¨æ´å¥½ä¾æ³å±¥è å¨æ³æ²»è½¨éä¸æ¨å¨äººå¤§ä»£è¡¨å·¥ä½é«è´¨éåå± ç«æ³æ­£å½å ¶æ¶ï¼ä¿éæ°è¥ç»æµå¤§æ¾èº«æ âåæ±åå³âä¼ æ°å£° æå±æ¸¯æ¾³âæååâ ç°è¡æææ³å¾ç®å½ï¼305ä»¶ï¼ æ´å¤ >> ç»¼å | æ§æ³æ£æ¥ | å·¥ä½çç£ | å®¡è®®åè¨ | å®¡è®®æè§ | çç£ä¸é¢ çç£ å ¨å½äººå¤§çå¯åå¸æ³å§åä¼å°éå¼å±çå¯æ³å®æ½æå ³... ä»âå½å®¶è´¦æ¬âçè´¢æ¿æ¿ç­ååç¹ ä½ çæ°çâå¹¸ç¦è´¦æ¬âï¼è¯·æ¥æ¶ï¼ å»å¹´ç«çâFlagâï¼ä»å¹´æé«æ³ååºäºï¼ æ°è¯´ä¸¤é«æ¥åï¼çå¸æ³ä¸ºæ°çååº¦åæ¸©åº¦ å½°æ¾å ¬å¹³æ­£ä¹ï¼è§£ç ä¸¤é«æ¥åä¸­çè¿äºæ°çæ¡ æ³æ²»æ¾ååº¦ æ°çææ¸©åº¦ ä»å ¨å½ä¸¤ä¼çæ³æ²»ä¸­å½å»ºè®¾æ°è¿å± å å¤§ååº¦ä¿éåæ¹åæ°ç æ´å¤ >> ä»£è¡¨æ´»å¨ | ä»£è¡¨é£é | è®®æ¡å»ºè®® | ä»£è¡¨å­¦ä¹ ä»£è¡¨ çæ°¸çº¢ï¼âèæ ¹âåæ°å©åçººç»ä¸ç¾ä¸½ä¼ æ¿ å å¿å¯ï¼è®©æ´å¤äººæ¥å³å±±æåå³ä¹¡æ åå¹³ï¼è¦ç»âä¸æåâ è¿½æ±ç²¾çæ±ç²¾ é­æçï¼ç¨ç­è½§ä¸çº¿çâéâåº¦å»å±¥è ä¾æ³å±¥èä¸æ­å¯ååäººæ°ç¾¤ä¼èç³» å´éç¬ï¼åæ°åå¥½åºå±æ²»çâå åæ³â æ±ªè£ç§ï¼âææ°è °å é¼äºï¼æå¿éæè¸å®â è¡ç¾å¨¥ï¼ç§åºâéæå­â å¸¦æ¥âçæ¥å­â æ¨æ°¸ï¼ä»¥åææ èåå©åæé èåâæ±åæ°´ä¹¡â æ´å¤ >> ä¸é¢è®²åº§ | äººå¤§å¶åº¦ | æ³å¶å»ºè®¾ | å·¥ä½ç è®¨ | è§ç¹ çè®º è®¸å®æ ï¼æ·±å»ææ¡ç«æ³å·¥ä½çæ¶ä»£ä½¿å½ å ååæ¥äººå¤§... å ¨è¿ç¨äººæ°æ°ä¸»ï¼æ°æ¶ä»£ä¸­å½æ°ä¸»çæ°å½¢æä¸æ°è´¡ç® æ°æ¶ä»£æ°å¾ç¨åæå¥½ãå®åå¥½ãè¿è¡å¥½äººæ°ä»£è¡¨å¤§ä¼... æ·±åå ¨æ°å½é²æè² åæ¤å½é²å®å ¨æè¯ åæå çé¢å¯¼ãäººæ°å½å®¶ä½ä¸»ãä¾æ³æ²»å½ææºç»ä¸ç... åæå¥½ãå®åå¥½ãè¿è¡å¥½äººæ°ä»£è¡¨å¤§ä¼å¶åº¦ äººæ°ä»£è¡¨å¤§ä¼å¶åº¦è´å«âä¸­å½ä¹æ²»âå¶åº¦å¯ç  åå®äººå¤§å·¥ä½çå¤§æ¹åå¤§ååå¤§éç åå¿ æ¢ ï¼æ·±å ¥ç ç©¶çæç¯å¢æ³å ¸ç¼çºçåºæ¬é®é¢ æ´å¤ >> å¾ç è§é¢ ç´æ­ æ°é»åå¸ä¼ ç´æ­ï¼ååå±å ¨å½äººå¤§ä¸æ¬¡ä¼è®®ç¬¬ä¸åºâé¨é¿ééâ... ç´æ­ï¼ååå±å ¨å½äººå¤§ä¸",
        "scraped_snippet_2": null,
        "scrape_success": 1
      }
    ]
  }
]