[
  {
    "file_name": "KIROMICBIOPHARMA,INC_05_11_2020-EX-10.23-CONSULTINGAGREEMENT.txt",
    "perturbation": [
      {
        "type": "Ambiguities - Ambiguous Legal Obligation",
        "original_text": "Consultant agrees that Consultant will not, during the term of this Agreement, improperly use or disclose to Company any proprietary information or trade secrets of any former or current employer or other person or entity to which Consultant has a duty to keep in confidence such information and that Consultant will not bring onto the premises of Company any unpublished document or proprietary information belonging to such employer, person or entity unless consented to in writing by the same.",
        "changed_text": "Consultant agrees to use reasonable judgment not to improperly use or disclose to Company any proprietary information or trade secrets of any former or current employer or other person or entity to which Consultant has a duty to keep in confidence such information and that Consultant will try to avoid bringing onto the premises of Company any unpublished document or proprietary information belonging to such employer, person or entity unless consented to in writing by the same.",
        "explanation": "The terms 'reasonable judgment' and 'try to avoid' introduce ambiguity, weakening the Consultant's obligation to protect confidential information. This shift from a strict prohibition to a 'best efforts' standard creates uncertainty and potential non-compliance.",
        "contradicted_law": "Texas Trade Secrets Act",
        "law_citation": "Texas Civil Practice & Remedies Code § 134A.002",
        "law_url1": [
          "https://statutes.capitol.texas.gov/Docs/CP/htm/CP.134A.htm"
        ],
        "law_url2": [
          "https://www.uniformlaws.org/HigherLogic/System/DownloadDocumentFile.ashx?DocumentFileKey=63b8a3c4-e70f-e711-9408-005056876bd2"
        ],
        "law_explanation": "The modified text contradicts the Texas Trade Secrets Act, which seeks to prevent any misappropriation of trade secrets. The original text was more aligned to preventing trade secret misappropriation, while the modified text uses the language of 'reasonable judgement' to possibly justify behavior that could lead to misappropriation.",
        "location": "Section 2",
        "scraped_snippet_1": "ï»¿ CIVIL PRACTICE AND REMEDIES CODE CHAPTER 134A. TRADE SECRETS CIVIL PRACTICE AND REMEDIES CODE TITLE 6. MISCELLANEOUS PROVISIONS CHAPTER 134A. TRADE SECRETS Sec. 134A.001. SHORT TITLE. This chapter may be cited as the Texas Uniform Trade Secrets Act. Added by Acts 2013, 83rd Leg., R.S., Ch. 10 (S.B. 953 ), Sec. 1, eff. September 1, 2013. Sec. 134A.002. DEFINITIONS. In this chapter: (1) \"Claimant\" means a party seeking to recover damages under this chapter, including a plaintiff, counterclaimant, cross-claimant, or third-party plaintiff. In an action in which a party seeks recovery of damages under this chapter on behalf of another person, \"claimant\" includes both that other person and the party seeking recovery of damages. (1-a) \"Clear and convincing\" means the measure or degree of proof that will produce in the mind of the trier of fact a firm belief or conviction as to the truth of the allegations sought to be established. (2) \"Improper means\" includes theft, bribery, misrepresentation, breach or inducement of a breach of a duty to maintain secrecy, to limit use, or to prohibit discovery of a trade secret, or espionage through electronic or other means. (3) \"Misappropriation\" means: (A) acquisition of a trade secret of another by a person who knows or has reason to know that the trade secret was acquired by improper means; or (B) disclosure or use of a trade secret of another without express or implied consent by a person who: (i) used improper means to acquire knowledge of the trade secret; (ii) at the time of disclosure or use, knew or had reason to know that the person's knowledge of the trade secret was: (a) derived from or through a person who used improper means to acquire the trade secret; (b) acquired under circumstances giving rise to a duty to maintain the secrecy of or limit the use of the trade secret; or (c) derived from or through a person who owed a duty to the person seeking relief to maintain the secrecy of or limit the use of the trade secret; or (iii) before a material change of the position of the person, knew or had reason to know that the trade secret was a trade secret and that knowledge of the trade secret had been acquired by accident or mistake. (3-a) \"Owner\" means, with respect to a trade secret, the person or entity in whom or in which rightful, legal, or equitable title to, or the ",
        "scraped_snippet_2": null,
        "scrape_success": 1
      },
      {
        "type": "Ambiguities - Ambiguous Legal Obligation",
        "original_text": "Consultant agrees, from time to time during the term of this Agreement, to keep Company advised as to Consultant's progress in performing the Services and, as reasonably requested by Company, prepare written reports with respect thereto.",
        "changed_text": "Consultant may, as Consultant deems appropriate, keep Company generally informed of Consultant's activities and provide reports if Consultant feels it is needed.",
        "explanation": "This modification replaces the Consultant's obligation to keep the Company advised with discretionary language ('may,' 'as Consultant deems appropriate,' 'generally informed,' 'if Consultant feels it is needed'). This weakens the reporting requirements and creates ambiguity about the frequency and content of communication, undermining the Company's ability to monitor progress and manage the consulting engagement effectively.",
        "contradicted_law": "Breach of Contract principles under Texas Law",
        "law_citation": "Texas Law - Elements of a Breach of Contract Claim",
        "law_url1": [
          "https://guides.sll.texas.gov/legal-research/breach-of-contract"
        ],
        "law_url2": [
          "https://www.law.uh.edu/faculty/shellenbarger/research/breach.pdf"
        ],
        "law_explanation": "Under Texas law, a breach of contract occurs when a party fails to perform a contractual duty. By changing 'agrees...to keep Company advised' to 'may...keep Company generally informed', the contract becomes too vague for a court to enforce a specific level of communication. This ambiguity makes it significantly more difficult for the Company to prove a breach of contract based on inadequate reporting, as the Consultant has broad discretion over the frequency and content of updates.",
        "location": "Section 4",
        "scraped_snippet_1": null,
        "scraped_snippet_2": "Error - University of Houston Law Center UH Law Center Home Donate Search 404 Error - The page you are looking for does not exist. Oh no! The page you are looking for does not exist. Go back, friend, go back! OR you may wish to try one of the following: Search UH Law Center Browse UH Law Center Site Map Go to the Law Center Homepage Broken Link? Send us an email . 4170 Martin Luther King Blvd Houston, TX 77204-6060 713-743-2100 General 713-743-2094 Legal Clinics Translation Disclaimer AâZ Index Academic Calendar Campus Carry Policy Campus Map Careers at UHLC Class Schedule UHLC Directory Emergency Information Get Help Human Resources The Lex Library Mental Health Resources Fraud & Non-Compliance Hotline Office of Equal Opportunities Service Open Records/Public Information Act Office of the President Parking Report Copyright Infringement Discrimination and Sexual Misconduct Reporting and Awareness Texas Veterans Portal Tuition & Fees UH Â System Virtual Tour Â Â©2024 University of Houston Law Center. All rights reserved. Report a problem with this page Texas.gov Texas Homeland Security TRAIL Fraud Reporting Fraud & Non-Compliance Hotline Linking Notice Privacy Notice Open Records/Public Information Act Institutional RÃ©sumÃ© Required Reports Electronic & Information Resources Accessibility Discrimination and Sexual Misconduct Reporting and Awareness University Policies",
        "scrape_success": 1
      },
      {
        "type": "Ambiguities - Ambiguous Legal Obligation",
        "original_text": "Consultant hereby certifies that Consultant has no outstanding agreement or obligation that is in conflict with any of the provisions of this Agreement, or that would preclude Consultant from complying with the provisions hereof, and further certifies that Consultant will not enter into any such conflicting agreement during the term of this Agreement.",
        "changed_text": "Consultant believes that Consultant has no known agreement or obligation that is substantially in conflict with the key provisions of this Agreement, and Consultant will use their best efforts not to enter into any clearly conflicting agreement during the term of this Agreement.",
        "explanation": "The original text provides a clear certification that the Consultant has no conflicting obligations. The modified text introduces subjectivity ('believes,' 'known,' 'substantially,' 'key provisions,' 'best efforts,' 'clearly conflicting'). This weakens the certification, making it more difficult to hold the Consultant accountable if a conflict of interest arises, and provides loopholes for the Consultant to argue that a conflict was not 'known' or not 'substantially' in conflict.",
        "contradicted_law": "Texas Business and Commerce Code § 24.005",
        "law_citation": "Texas Business and Commerce Code § 24.005",
        "law_url1": [
          "https://statutes.capitol.texas.gov/Docs/BC/htm/BC.24.htm"
        ],
        "law_url2": [
          "https://www.txcourts.gov/media/1449197/texas-uniform-fraudulent-transfer-act-2015.pdf"
        ],
        "law_explanation": "By weakening the certification regarding conflicting obligations and introducing subjectivity and loopholes through terms like 'believes,' 'known,' and 'substantially,' the modified text undermines the company's ability to avoid or challenge potentially fraudulent transfers that could occur if the consultant is prioritizing other obligations. This can make it more difficult to recover assets or damages in cases where the consultant's conflicting obligations prejudice the company's interests.",
        "location": "Section 8",
        "scraped_snippet_1": "est in an asset, and includes payment of money, release, lease, and creation of a lien or other encumbrance. The term does not include a transfer under a disclaimer filed under Chapter 240 , Property Code. (13) \"Valid lien\" means a lien that is effective against the holder of a judicial lien subsequently obtained by legal or equitable process or proceedings. Amended by Acts 1987, 70th Leg., ch. 1004, Sec. 1, eff. Sept. 1, 1987; Acts 1993, 73rd Leg., ch. 846, Sec. 2, eff. Sept. 1, 1993; Acts 1997, 75th Leg., ch. 911, Sec. 95, eff. Sept. 1, 1997. Amended by: Acts 2015, 84th Leg., R.S., Ch. 562 (H.B. 2428 ), Sec. 1, eff. September 1, 2015. Sec. 24.003. INSOLVENCY. (a) A debtor is insolvent if the sum of the debtor's debts is greater than all of the debtor's assets at a fair valuation. (b) A debtor who is generally not paying the debtor's debts as they become due is presumed to be insolvent. (c) Repealed by Acts 2013, 83rd Leg., R.S., Ch. 9, Sec. 11, eff. September 1, 2013. (d) Assets under this section do not include property that has been transferred, concealed, or removed with intent to hinder, delay, or defraud creditors or that has been transferred in a manner making the transfer voidable under this chapter. (e) Debts under this section do not include an obligation to the extent it is secured by a valid lien on property of the debtor not included as an asset. Amended by Acts 1987, 70th Leg., ch. 1004, Sec. 1, eff. Sept. 1, 1987; Acts 1993, 73rd Leg., ch. 570, Sec. 8, eff. Sept. 1, 1993. Amended by: Acts 2013, 83rd Leg., R.S., Ch. 9 (S.B. 847 ), Sec. 11, eff. September 1, 2013. Sec. 24.004. VALUE. (a) Value is given for a transfer or an obligation if, in exchange for the transfer or obligation, property is transferred or an antecedent debt is secured or satisfied, but value does not include an unperformed promise made otherwise than in the ordinary course of the promisor's business to furnish support to the debtor or another person. (b) For the purposes of Sections 24.005 (a)(2) and 24.006 of this code, a person gives a reasonably equivalent value if the person acquires an interest of the debtor in an asset pursuant to a regularly conducted, noncollusive foreclosure sale or execution of a power of sale for the acquisition or disposition of the interest of the debtor upon default under a mortgage, deed of trust, or security agreement. (c) A transfer is made for present value if the exchange between the debtor and the transferee is intended by them to be contemporaneous and is in fact substantially contemporaneous. (d) \"Reasonably equivalent value\" includes without limitation, a transfer or obligation that is within the range of values for which the transferor would have sold the assets in an arm's length transaction. Amended by Acts 1987, 70th Leg., ch. 1004, Sec. 1, eff. Sept. 1, 1987; Acts 1993, 73rd Leg., ch. 570, Sec. 9, eff. Sept. 1, 1993. Sec. 24.005. TRANSFERS FRAUDULENT AS TO PRESENT AND FUTURE CREDITORS. (a) A transfer made or obligation incurred by a debtor is fraudulent as to a creditor, whether the creditor's claim arose before or within a reasonable time after the transfer was made or the obligation was incurred, if the debtor made the transfer or incurred the obligation: (1) with actual intent to hinder, delay, or defraud any creditor of the debtor; or (2) without receiving a reasonably equivalent value in exchange for the transfer or obligation, and the debtor: (A) was engaged or was about to engage in a business or a transaction for which the remaining assets of the debtor were unreasonably small in relation to the business or transaction; or (B) intended to incur, or believed or reasonably should have believed that the debtor would incur, debts beyond the debtor's ability to pay as they became due. (b) In determining actual intent under Subsection (a)(1) of this section, consideration may be given, among other factors, to whether: (1) the transfer or obligation was to an insider; (2) the debtor retained possession or",
        "scraped_snippet_2": null,
        "scrape_success": 1
      }
    ]
  }
]