[
  {
    "file_name": "WHITESMOKE,INC_11_08_2011-EX-10.26-PROMOTIONANDDISTRIBUTIONAGREEMENT.txt",
    "perturbation": [
      {
        "type": "Ambiguities - Ambiguous Legal Obligation",
        "original_text": "Distributor shall comply, and shall ensure that each Third Party Distributor complies, with the Guidelines for Applications set out in Exhibit C.",
        "changed_text": "Distributor shall endeavor to comply, and shall encourage each Third Party Distributor to comply, with the Guidelines for Applications set out in Exhibit C.",
        "explanation": "Changing 'shall comply' to 'shall endeavor to comply' and 'shall ensure' to 'shall encourage' introduces ambiguity and weakens the binding nature of the obligation. This makes compliance with the Guidelines for Applications (Exhibit C) discretionary rather than mandatory.",
        "contradicted_law": "Deceptive Practices under the FTC Act",
        "law_citation": "15 U.S. Code § 45 - Unfair methods of competition unlawful; prevention by Commission",
        "law_url1": [
          "https://www.ftc.gov/legal-library/browse/statutes/federal-trade-commission-act"
        ],
        "law_url2": [
          "https://uscode.house.gov/view.xhtml?req=granuleid%3AUSC-prelim-title15-section45&edition=prelim"
        ],
        "law_explanation": "Exhibit C contains guidelines designed to prevent deceptive, malicious, and annoying practices. By only 'endeavoring to comply' and 'encouraging' third parties, the distributor fails to ensure these practices are avoided. This contradicts the spirit and potentially the letter of the FTC Act, which prohibits unfair or deceptive acts or practices in commerce.",
        "location": "3.3",
        "scraped_snippet_1": "Federal Trade Commission Act | Federal Trade Commission Skip to main content The .gov means it’s official. Federal government websites often end in .gov or .mil. Before sharing sensitive information, make sure you’re on a federal government site. The site is secure. The https:// ensures that you are connecting to the official website and that any information you provide is encrypted and transmitted securely. Español Report Fraud Get Consumer Alerts Search the Legal Library Federal Trade Commission Act Tags: Consumer Protection Competition Appliances Alcohol Automobiles Clothing and Textiles Finance Franchises, Business Opportunities, and Investments Funerals Jewelry Real Estate and Mortgages Tobacco Advertising and Marketing Children Endorsements, Influencers, and Reviews Environmental Marketing Health Claims Made in USA Online Advertising and Marketing Telemarketing Advertising and Marketing Basics Credit and Finance Credit and Loans Debt Debt Collection Mortgages Payments and Billing Privacy and Security Children's Privacy Consumer Privacy Credit Reporting Data Security Gramm-Leach-Bliley Act Red Flags Rule Mission Competition Consumer Protection Law 15 U.S.C. §§ 41-58, as amended Links https://www.ftc.govhttp://uscode.house.gov/view.xhtml Files File Safe Web Act (194.69 KB) The Federal Trade Commission Act is the primary statute of the Commission. Under this Act, as amended, the Commission is empowered, among other things, to (a) prevent unfair methods of competition and unfair or deceptive acts or practices in or affecting commerce; (b) seek monetary redress and other relief for conduct injurious to consumers; (c) prescribe rules defining with specificity acts or practices that are unfair or deceptive, and establishing requirements designed to prevent such acts or practices; (d) gather and compile information and conduct investigations relating to the organization, business, practices, and management of entities engaged in commerce; and (e) make reports and legislative recommendations to Congress and the public. A number of other statutes listed here are enforced under the FTC Act. Return to top",
        "scraped_snippet_2": "15 USC 45: Unfair methods of competition unlawful; prevention by Commission Result 1 of 1 Current 2024 Main Ed. (1/6/2025) [Titles 1 through 6] 2018 Ed. and Supplement V (1/3/2024) 2018 Ed. and Supplement IV (1/5/2023) 2018 Ed. and Supplement III (1/3/2022) 2018 Ed. and Supplement II (1/13/2021) 2018 Ed. and Supplement I (1/24/2020) 2018 Main Ed. (1/14/2019) 2012 Ed. and Supplement V (1/12/2018) 2012 Ed. and Supplement IV (1/6/2017) 2012 Ed. and Supplement III (1/3/2016) 2012 Ed. and Supplement II (1/5/2015) 2012 Ed. and Supplement I (1/16/2014) 2012 Main Ed. (1/15/2013) 2006 Ed. and Supplement V (1/3/2012) 2006 Ed. and Supplement IV (1/7/2011) 2006 Ed. and Supplement III (2/1/2010) 2006 Ed. and Supplement II (1/5/2009) 2006 Ed. and Supplement I (1/8/2008) 2006 Main Ed. (1/3/2007) 2000 Ed. and Supplement V (1/2/2006) 2000 Ed. and Supplement IV (1/3/2005) 2000 Ed. and Supplement III (1/19/2004) 2000 Ed. and Supplement II (1/6/2003) 2000 Ed. and Supplement I (1/22/2002) 2000 Main Ed. (1/2/2001) 1994 Ed. and Supplement V (1/23/2000) 1994 Ed. and Supplement IV (1/5/1999) 1994 Ed. and Supplement III (1/26/1998) 1994 Ed. and Supplement II (1/6/1997) 1994 Ed. and Supplement I (1/16/1996) 1994 Main Ed. (1/4/1995) Back to Original Document << Previous TITLE 15 / CHAPTER 2 / SUBCHAPTER I / § 45 Next >> [Print] [Print selection] [OLRC Home] Help 15 USC 45 : Unfair methods of competition unlawful; prevention by Commission Text contains those laws in effect on April 16, 2025 From Title 15-COMMERCE AND TRADE CHAPTER 2-FEDERAL TRADE COMMISSION; PROMOTION OF EXPORT TRADE AND PREVENTION OF UNFAIR METHODS OF COMPETITION SUBCHAPTER I-FEDERAL TRADE COMMISSION Jump To: Source Credit Future Amendments Miscellaneous References In Text Codification Amendments Change of Name Effective Date §45. Unfair methods of competition unlawful; prevention by Commission (a) Declaration of unlawfulness; power to prohibit unfair practices; inapplicability to foreign trade (1) Unfair methods of competition ",
        "scrape_success": 2
      },
      {
        "type": "Ambiguities - Ambiguous Legal Obligation",
        "original_text": "In connection with Distributor's distribution of the Products under this Agreement, and before the Google Toolbar or Chrome Browser can be installed by an End User, Distributor shall provide each End User with: (a) a clear statement inviting the End User to agree to the terms of the applicable EULA; (b) the opportunity for each End User to review such EULA via a hyperlink to such EULA: and (c) a button on which each End User may click indicating agreement to the terms of such EULA.",
        "changed_text": "In connection with Distributor's distribution of the Products under this Agreement, and before the Google Toolbar or Chrome Browser is installed by an End User, Distributor should attempt to provide each End User with: (a) a statement inviting the End User to agree to the terms of the applicable EULA; (b) an opportunity for each End User to potentially review such EULA via a hyperlink; and (c) a mechanism through which End Users might indicate some form of assent to the EULA.",
        "explanation": "Replacing 'shall provide' with 'should attempt to provide,' 'a clear statement' with 'a statement,' 'the opportunity' with 'an opportunity,' and 'a button' with 'a mechanism' introduces ambiguity and weakens the requirements for obtaining informed consent before installing the software. It makes the process less definitive, creating uncertainty around whether the EULA terms are being properly presented and agreed to.",
        "contradicted_law": "California Online Privacy Protection Act (CalOPPA)",
        "law_citation": "Cal. Bus. & Prof. Code §§ 22575-22579",
        "law_url1": [
          "https://leginfo.legislature.ca.gov/faces/codes_displaySection.xhtml?lawCode=BPC&sectionNum=22575"
        ],
        "law_url2": [
          "https://oag.ca.gov/privacy/caloppa"
        ],
        "law_explanation": "CalOPPA requires websites and online services to conspicuously post a privacy policy. By weakening the requirement to present a clear statement, opportunity to review, and a mechanism for agreement of the EULA, it makes it less likely that users are actually presented with and agree to the terms, including privacy policies, thus potentially violating CalOPPA's implied requirement for affirmative consent for data collection.",
        "location": "3.6",
        "scraped_snippet_1": "California Code, BPC 22575 skip to content home accessibility FAQ feedback sitemap login x Quick Search: Bill Number Bill Keyword Home Bill Information California Law Publications Other Resources My Subscriptions My Favorites California Law >> >> Code Section Code Section Code: Select Code CONS BPC CIV CCP COM CORP EDC ELEC EVID FAM FIN FGC FAC GOV HNC HSC INS LAB MVC PEN PROB PCC PRC PUC RTC SHC UIC VEH WAT WIC Article: Section: Code: Select Code All BPC CIV CCP COM CORP EDC ELEC EVID FAM FIN FGC FAC GOV HNC HSC INS LAB MVC PEN PROB PCC PRC PUC RTC SHC UIC VEH WAT WIC Section: Keyword(s): Code Search Text Search Up^ << Previous Next >> cross-reference chaptered bills PDF | Add To My Favorites Search Phrase: Code Text Business and Professions Code - BPC DIVISION 8. SPECIAL BUSINESS REGULATIONS [18400 - 22949.92.2] ( Division 8 added by Stats. 1941, Ch. 44. ) CHAPTER 22. Internet Privacy Requirements [22575 - 22579] ( Chapter 22 added by Stats. 2003, Ch. 829, Sec. 3. ) 22575. (a) An operator of a commercial Web site or online service that collects personally identifiable information through the Internet about individual consumers residing in California who use or visit its commercial Web site or online service shall conspicuously post its privacy policy on its Web site, or in the case of an operator of an online service, make that policy available in accordance with paragraph (5) of subdivision (b) of Section 22577. An operator shall be in violation of this subdivision only if the operator fails to post its policy within 30 days after being notified of noncompliance. (b) The privacy policy required by subdivision (a) shall do all of the following: (1) Identify the categories of personally identifiable information that the operator collects through the Web site or online service about individual consumers who use or visit its commercial Web site or online service and the categories of third-party persons or entities with whom the operator may share that personally identifiable information. (2)",
        "scraped_snippet_2": null,
        "scrape_success": 1
      },
      {
        "type": "Ambiguities - Ambiguous Legal Obligation",
        "original_text": "During the Term, Distributor shall, on a [ * ] basis, no later than the [ * ] of the following [ * ], provide Google with a report identifying, on a country-by-country basis, the total number of: (i) Bundles distributed; (ii) Installs Completed; (iii) Google Toolbar offers presented to End Users; and (iv) Chrome Browser offers presented to End Users, in the preceding [ * ].",
        "changed_text": "During the Term, Distributor will, when feasible, attempt to provide Google with a report, potentially identifying the approximate number of: (i) Bundles distributed; (ii) Installs Completed; (iii) Google Toolbar offers presented to End Users; and (iv) Chrome Browser offers presented to End Users.",
        "explanation": "Changing 'Distributor shall' to 'Distributor will, when feasible, attempt to provide', 'on a [ * ] basis, no later than the [ * ] of the following [ * ], provide Google with a report identifying, on a country-by-country basis, the total number of:' to 'potentially identifying the approximate number of', introduces significant ambiguity. This modification makes the reporting obligation discretionary and the accuracy of the report uncertain, undermining Google's ability to track distribution and revenue.",
        "contradicted_law": "SEC Regulations for Revenue Recognition",
        "law_citation": "17 CFR § 210.4-01(a)(1) - Form and content of financial statements",
        "law_url1": [
          "https://www.law.cornell.edu/cfr/text/17/210.4-01"
        ],
        "law_url2": [
          "https://www.sec.gov/files/regulation-sx.pdf"
        ],
        "law_explanation": "These regulations require that financial statements, and therefore revenue recognition, be based on reliable and verifiable data. By making the reporting of key metrics (Bundles distributed, Installs Completed, etc.) discretionary and approximate, the modified text hinders Google's ability to accurately track its revenue share and comply with SEC regulations regarding revenue recognition, as the reported data is no longer precise or consistently provided.",
        "scraped_snippet_1": "17 CFR § 210.4-01 - Form, order, and terminology. | Electronic Code of Federal Regulations (e-CFR) | US Law | LII / Legal Information Institute Please help us improve our site! × No thank you 17 CFR § 210.4-01 - Form, order, and terminology. CFR prev | next § 210.4-01 Form, order, and terminology. (a) Financial statements should be filed in such form and order, and should use such generally accepted terminology, as will best indicate their significance and character in the light of the provisions applicable thereto. The information required with respect to any statement shall be furnished as a minimum requirement to which shall be added such further material information as is necessary to make the required statements, in the light of the circumstances under which they are made, not misleading. (1) Financial statements filed with the Commission which are not prepared in accordance with generally accepted accounting principles will be presumed to be misleading or inaccurate, despite footnote or other disclosures, unless the Commission has otherwise provided. This article and other articles of Regulation S-X provide clarification of certain disclosures which must be included in any event, in financial statements filed with the Commission. (2) In all filings of foreign private issuers (see § 230.405 of this chapter), except as stated otherwise in the applicable form, the financial statements may be prepared according to a comprehensive set of accounting principles, other than those generally accepted in the United States or International Financial Reporting Standards as issued by the International Accounting Standards Board, if a reconciliation to U.S. Generally Accepted Accounting Principles and the provisions of Regulation S-X of the type specified in Item 18 of Form 20-F (§ 249.220f of this chapter) is also filed as part of the financial statements . Alternatively, the financial statements may be prepared according to U.S. Generally Accepted Accounting Principles or International ",
        "scraped_snippet_2": null,
        "scrape_success": 1
      }
    ]
  }
]